attrs,values
units,"1"
model_var,""
dtime_units,"hour"
level_type,"isobaric"
time_type,"UT"
time_bounds,"[0, 0]"
level,time,dtime,id,lon,lat,neighbour_selection_method,vertical_displacement
0,2000-01-01,0,1,0.69559997,51.57139969,nearest,4.79334068
0,2000-01-01,0,2,-0.36829999,51.87440109,nearest,4.86566162
0,2000-01-01,0,3,-1.35669994,50.95029831,nearest,-5.09053230
0,2000-01-01,0,4,0.02950000,51.32149887,nearest,16.85731506
0,2000-01-01,0,5,0.05800000,51.50479889,nearest,1.35948253
0,2000-01-01,0,6,0.93919998,50.95610046,nearest,2.00000000
0,2000-01-01,0,7,-0.62669998,52.07030106,nearest,5.32687378
0,2000-01-01,0,8,-5.87699986,54.61299896,nearest,2.18571663
0,2000-01-01,0,9,-1.74810004,52.45389938,nearest,-0.14728546
0,2000-01-01,0,11,-2.71919990,51.38280106,nearest,19.01957703
0,2000-01-01,0,12,0.17500000,52.20500183,nearest,3.01891899
0,2000-01-01,0,14,-2.80920005,54.93750000,nearest,-3.30914307
0,2000-01-01,0,15,-2.30559993,52.63999939,nearest,-9.45504761
0,2000-01-01,0,17,-3.02579999,56.45249939,nearest,-41.61107635
0,2000-01-01,0,18,-1.32669997,52.83110046,nearest,33.07199478
0,2000-01-01,0,19,-3.41389990,50.73440170,nearest,-3.84323120
0,2000-01-01,0,22,-0.34720001,53.57970047,nearest,-1.94013405
0,2000-01-01,0,23,-4.04750013,57.54240036,nearest,-4.26212883
0,2000-01-01,0,24,0.56110001,52.40940094,nearest,0.34041405
0,2000-01-01,0,25,-1.66059995,53.86579895,nearest,24.06791687
0,2000-01-01,0,26,-2.84999990,53.33359909,nearest,-4.95308113
0,2000-01-01,0,28,0.48830000,52.36080170,nearest,21.55005074
0,2000-01-01,0,29,-1.69169998,55.03749847,nearest,11.11922073
0,2000-01-01,0,30,1.28279996,52.67610168,nearest,16.69975281
0,2000-01-01,0,32,-4.58669996,55.50780106,nearest,-22.18515015
0,2000-01-01,0,33,-1.29920006,60.43220139,nearest,-2.96711159
0,2000-01-01,0,34,-1.38859999,53.39440155,nearest,20.75321579
0,2000-01-01,0,37,-1.42349994,54.51250076,nearest,2.26988602
0,2000-01-01,0,50,-0.12000000,52.34999847,nearest,3.94712448
0,2000-01-01,0,51,-2.16000009,55.25000000,nearest,-74.54083252
0,2000-01-01,0,52,-4.87209988,58.61750031,nearest,25.00000000
0,2000-01-01,0,53,-2.28640008,51.43920135,nearest,21.38525391
0,2000-01-01,0,63,-4.32999992,53.09999847,nearest,2.51634073
0,2000-01-01,0,69,-5.23000002,50.00000000,nearest,0.00000000
0,2000-01-01,0,98,-2.88540006,53.74459839,nearest,-2.03210640
0,2000-01-01,0,111,1.72000003,52.63000107,nearest,-0.79295278
0,2000-01-01,0,127,-1.32040000,51.83560181,nearest,11.06638336
0,2000-01-01,0,134,-1.77999997,51.68000031,nearest,2.25489807
0,2000-01-01,0,139,-0.73710001,51.79119873,nearest,11.27317047
0,2000-01-01,0,201,-3.23289990,54.10639954,nearest,-12.28446007
0,2000-01-01,0,203,-4.94589996,56.28239822,nearest,21.23123169
0,2000-01-01,0,204,-0.22480001,52.72639847,nearest,-0.30857968
0,2000-01-01,0,205,-0.10620000,52.50410080,nearest,2.00000000
0,2000-01-01,0,206,0.10820000,52.83789825,nearest,0.00000000
0,2000-01-01,0,207,-0.02400000,52.43470001,nearest,1.00000000
0,2000-01-01,0,208,-4.85449982,57.13069916,nearest,120.29473877
0,2000-01-01,0,209,-4.13000011,58.04999924,nearest,-111.94915771
0,2000-01-01,0,210,-1.37860000,54.66429901,nearest,-8.64608002
0,2000-01-01,0,211,-2.83010006,55.67060089,nearest,14.06607056
0,2000-01-01,0,212,-1.75950003,54.74380112,nearest,36.78617859
0,2000-01-01,0,213,-2.51620007,55.90069962,nearest,3.27893066
0,2000-01-01,0,216,-4.81160021,55.68460083,nearest,59.40899658
0,2000-01-01,0,217,-0.64260000,53.62699890,nearest,-6.12112808
0,2000-01-01,0,220,1.66719997,52.71260071,nearest,18.25811768
0,2000-01-01,0,222,-3.60019994,52.54940033,nearest,52.76303101
0,2000-01-01,0,223,-5.55870008,55.63779831,nearest,131.80342102
0,2000-01-01,0,224,-1.30159998,54.69319916,nearest,22.94998932
0,2000-01-01,0,225,-1.68460000,54.84700012,nearest,34.46406555
0,2000-01-01,0,226,-3.57399988,54.59460068,nearest,27.94169807
0,2000-01-01,0,228,-5.09399986,54.87549973,nearest,12.22436523
0,2000-01-01,0,229,0.10190000,53.66880035,nearest,25.00000000
0,2000-01-01,0,230,-1.93770003,53.78160095,nearest,88.89227295
0,2000-01-01,0,231,-3.48000002,57.45000076,nearest,23.06820679
0,2000-01-01,0,232,-3.03180003,53.45809937,nearest,-7.62688065
0,2000-01-01,0,233,-3.87879992,52.40940094,nearest,44.31311035
0,2000-01-01,0,234,-4.40939999,53.40719986,nearest,26.97398376
0,2000-01-01,0,235,-3.68330002,54.75000000,nearest,0.00000000
0,2000-01-01,0,237,-1.68789995,53.53789902,nearest,52.39865112
0,2000-01-01,0,238,1.78690004,52.64250183,nearest,0.00000000
0,2000-01-01,0,240,0.14810000,52.58000183,nearest,-0.02599561
0,2000-01-01,0,242,-1.80239999,54.75830078,nearest,15.23431396
0,2000-01-01,0,243,-4.22370005,57.47790146,nearest,11.82576275
0,2000-01-01,0,244,-4.25890017,55.86370087,nearest,-13.10433578
0,2000-01-01,0,245,-1.59700000,54.97700119,nearest,10.19039154
0,2000-01-01,0,246,-5.87699986,54.61299896,nearest,2.18571663
0,2000-01-01,0,247,-1.89649999,52.47969818,nearest,20.69611359
0,2000-01-01,0,248,-2.24110007,53.47629929,nearest,-18.02591324
0,2000-01-01,0,249,-2.58969998,51.45370102,nearest,-11.87923622
0,2000-01-01,0,250,-0.10800000,51.52099991,nearest,-21.80632210
0,2000-01-01,0,251,-3.52999997,50.72190094,nearest,-41.64622498
0,2000-01-01,0,253,-5.57800007,55.57120132,nearest,-5.35324097
0,2000-01-01,0,254,-4.12430000,55.36460114,nearest,128.31466675
0,2000-01-01,0,255,-5.15689993,56.03179932,nearest,122.06373596
0,2000-01-01,0,256,-2.85150003,55.80599976,nearest,26.16378784
0,2000-01-01,0,257,-3.92059994,55.55459976,nearest,128.81304932
0,2000-01-01,0,258,-6.10340023,54.80599976,nearest,97.69308472
0,2000-01-01,0,259,-6.81820011,55.01739883,nearest,65.05130005
0,2000-01-01,0,260,-2.15479994,53.75030136,nearest,36.83724976
0,2000-01-01,0,261,-5.03380013,50.35200119,nearest,63.44845581
0,2000-01-01,0,262,-6.25629997,55.02989960,nearest,77.17565918
0,2000-01-01,0,263,-8.01469994,54.43849945,nearest,60.23655701
0,2000-01-01,0,264,-3.75149989,55.77000046,nearest,12.52734375
0,2000-01-01,0,265,-4.33220005,57.80170059,nearest,115.02331543
0,2000-01-01,0,266,-3.66350007,56.24489975,nearest,81.25259399
0,2000-01-01,0,267,0.15140000,52.58610153,nearest,0.97400439
0,2000-01-01,0,268,-4.24490023,55.68569946,nearest,-0.36468506
0,2000-01-01,0,269,-4.05859995,55.22249985,nearest,88.85287476
0,2000-01-01,0,270,-7.98880005,54.70009995,nearest,111.49694824
0,2000-01-01,0,271,-3.41939998,52.45159912,nearest,83.90750122
0,2000-01-01,0,272,-5.27220011,56.38299942,nearest,73.55450439
0,2000-01-01,0,273,-6.45499992,57.42900085,nearest,68.82118225
0,2000-01-01,0,274,-3.44330001,58.29999924,nearest,-12.64247131
0,2000-01-01,0,275,-2.63700008,57.66099930,nearest,61.05603790
0,2000-01-01,0,276,-4.06479979,56.26350021,nearest,-49.46084595
0,2000-01-01,0,277,-3.37129998,57.53720093,nearest,106.61273193
0,2000-01-01,0,278,-3.45679998,58.42940140,nearest,0.73322296
0,2000-01-01,0,279,-3.75079989,52.40499878,nearest,80.47158813
0,2000-01-01,0,280,-3.65919995,55.18629837,nearest,5.62356567
0,2000-01-01,0,281,-3.35630012,56.67940140,nearest,-21.29278564
0,2000-01-01,0,282,-4.10220003,56.07540131,nearest,3.14257812
0,2000-01-01,0,283,-4.09410000,57.32500076,nearest,11.05847168
0,2000-01-01,0,284,-2.64429998,57.41189957,nearest,46.05862427
0,2000-01-01,0,285,-4.72300005,55.24580002,nearest,-18.41526794
0,2000-01-01,0,286,-2.69300008,57.45019913,nearest,14.09648132
0,2000-01-01,0,287,-3.21630001,55.11270142,nearest,35.30760193
0,2000-01-01,0,288,-2.68939996,59.18960190,nearest,14.17420864
0,2000-01-01,0,289,-5.67910004,55.49380112,nearest,-29.18190002
0,2000-01-01,0,294,-7.02440023,54.96319962,nearest,18.09024048
0,2000-01-01,0,301,-7.61670017,54.15850067,nearest,110.39056396
0,2000-01-01,0,303,-7.11269999,54.50270081,nearest,48.89553833
0,2000-01-01,0,307,-4.88299990,57.71699905,nearest,13.30963135
0,2000-01-01,0,311,-4.02169991,52.30469894,nearest,77.86074829
0,2000-01-01,0,313,-1.41639996,54.76290131,nearest,20.44616699
0,2000-01-01,0,314,-3.17759991,54.18830109,nearest,-25.44223022
0,2000-01-01,0,315,-3.13240004,55.71070099,nearest,47.20849609
0,2000-01-01,0,316,-3.55520010,54.65560150,nearest,2.58995008
0,2000-01-01,0,317,-3.54299998,54.67480087,nearest,10.00000000
0,2000-01-01,0,341,-1.43350005,54.83179855,nearest,20.12133789
0,2000-01-01,0,342,-1.44140005,54.77590179,nearest,-6.13201904
0,2000-01-01,0,343,-1.37629998,54.66680145,nearest,-7.64608002
0,2000-01-01,0,344,-3.38019991,55.15470123,nearest,-41.86169434
0,2000-01-01,0,348,1.13999999,51.45000076,nearest,0.00000000
0,2000-01-01,0,349,0.95969999,50.91339874,nearest,5.00000000
0,2000-01-01,0,350,-1.18110001,54.63550186,nearest,3.00000000
0,2000-01-01,0,351,-2.91779995,54.03049850,nearest,8.00000000
0,2000-01-01,0,352,-3.13170004,51.20709991,nearest,15.00000000
0,2000-01-01,0,353,-4.89650011,55.72019958,nearest,6.01572323
0,2000-01-01,0,355,-2.40799999,55.96799850,nearest,18.00000000
0,2000-01-01,0,356,-0.23029999,52.93460083,nearest,0.00000000
0,2000-01-01,0,357,-3.67389989,52.63790131,nearest,108.79019165
0,2000-01-01,0,358,-4.54589987,50.64799881,nearest,86.35302734
0,2000-01-01,0,359,-3.07850003,54.87300110,nearest,29.93193817
0,2000-01-01,0,362,-1.68799996,54.82049942,nearest,50.91058350
0,2000-01-01,0,363,-0.92379999,53.72679901,nearest,0.87503457
0,2000-01-01,0,364,-1.44180000,54.71879959,nearest,18.00572205
0,2000-01-01,0,365,-3.50189996,54.63090134,nearest,17.10316467
0,2000-01-01,0,366,-1.48969996,55.13499832,nearest,0.00000000
0,2000-01-01,0,368,-3.68630004,58.60409927,nearest,39.97553253
0,2000-01-01,0,383,-3.50000000,54.42100143,nearest,-62.55169678
0,2000-01-01,0,384,-2.20099998,51.86159897,nearest,4.68345261
0,2000-01-01,0,385,-1.61940002,52.50809860,nearest,-35.88429260
0,2000-01-01,0,386,-1.20459998,53.70529938,nearest,-0.92764187
0,2000-01-01,0,387,-1.04920006,53.20059967,nearest,2.62746048
0,2000-01-01,0,388,-1.13220000,53.22650146,nearest,-0.61761475
0,2000-01-01,0,389,-1.06110001,53.41370010,nearest,2.03371429
0,2000-01-01,0,390,-1.64900005,55.24000168,nearest,5.46191025
0,2000-01-01,0,391,-2.44700003,53.53200150,nearest,-40.25857544
0,2000-01-01,0,392,-1.38499999,52.99800110,nearest,4.96516418
0,2000-01-01,0,393,-1.38150001,52.69350052,nearest,-14.63510132
0,2000-01-01,0,394,-1.69079995,53.27330017,nearest,-7.27926636
0,2000-01-01,0,395,-3.89590001,55.52199936,nearest,16.84825134
0,2000-01-01,0,396,-3.82640004,55.61240005,nearest,8.18386841
0,2000-01-01,0,397,-3.89479995,55.52209854,nearest,16.84825134
0,2000-01-01,0,398,-4.28299999,55.37829971,nearest,3.89831543
0,2000-01-01,0,399,-4.40899992,55.45380020,nearest,39.60379028
0,2000-01-01,0,400,-4.37659979,55.33319855,nearest,-118.86590576
0,2000-01-01,0,401,-3.83699989,55.59299850,nearest,-19.79080200
0,2000-01-01,0,402,-3.15319991,55.82630157,nearest,88.00181580
0,2000-01-01,0,403,-3.98690009,55.54079819,nearest,-45.13189697
0,2000-01-01,0,404,-3.41310000,56.11669922,nearest,-20.29180908
0,2000-01-01,0,405,-3.88870001,51.69390106,nearest,-76.46265411
0,2000-01-01,0,406,-3.61350012,51.73149872,nearest,52.39718628
0,2000-01-01,0,407,-4.01020002,50.40959930,nearest,14.78945923
0,2000-01-01,0,408,-0.82160002,54.55619812,nearest,85.00000000
0,2000-01-01,0,409,-7.38000011,54.59000015,nearest,26.92811584
0,2000-01-01,0,414,-0.19820000,53.94789886,nearest,14.00000000
0,2000-01-01,0,415,-0.08600000,53.81370163,nearest,6.13889885
0,2000-01-01,0,416,-4.87260008,55.07630157,nearest,68.48635864
0,2000-01-01,0,417,-1.55980003,55.20460129,nearest,6.27853394
0,2000-01-01,0,418,-3.27060008,58.40819931,nearest,-8.45642853
0,2000-01-01,0,419,-4.96029997,50.47219849,nearest,52.18191528
0,2000-01-01,0,420,-3.14569998,59.11489868,nearest,113.37970734
0,2000-01-01,0,421,-3.66300011,51.68000031,nearest,52.17224121
0,2000-01-01,0,422,0.80350000,50.96009827,nearest,2.59452295
0,2000-01-01,0,423,-4.43359995,53.36220169,nearest,21.04340363
0,2000-01-01,0,424,-3.65070009,53.38109970,nearest,0.00000000
0,2000-01-01,0,425,-4.20289993,55.29380035,nearest,115.98727417
0,2000-01-01,0,426,6.47489977,48.84550095,nearest,31.66815186
0,2000-01-01,0,427,3.81089997,49.70009995,nearest,-24.21308899
0,2000-01-01,0,428,4.04440022,49.67839813,nearest,33.20727539
0,2000-01-01,0,429,-2.04719996,46.94929886,nearest,10.00000000
0,2000-01-01,0,430,6.51420021,49.17070007,nearest,8.98953247
0,2000-01-01,0,431,0.93580002,49.81209946,nearest,52.83186722
0,2000-01-01,0,432,2.29320002,49.65430069,nearest,-11.00490570
0,2000-01-01,0,433,1.49689996,49.83990097,nearest,26.31147766
0,2000-01-01,0,434,-4.13329983,48.18000031,nearest,30.09527588
0,2000-01-01,0,436,4.19469976,48.89419937,nearest,52.52725983
0,2000-01-01,0,437,-1.45039999,46.41979980,nearest,-8.14707184
0,2000-01-01,0,438,2.06870008,47.00569916,nearest,11.33956909
0,2000-01-01,0,439,1.32939994,47.92919922,nearest,5.80050659
0,2000-01-01,0,440,2.05049992,49.58900070,nearest,8.99351501
0,2000-01-01,0,441,1.25479996,49.95180130,nearest,-55.84152222
0,2000-01-01,0,442,-2.41429996,48.42150116,nearest,-0.46723938
0,2000-01-01,0,443,5.43900013,48.69789886,nearest,31.59027100
0,2000-01-01,0,444,1.90779996,48.16149902,nearest,2.85069275
0,2000-01-01,0,445,0.10980000,45.81760025,nearest,-4.10220337
0,2000-01-01,0,446,-0.93300003,53.61700058,nearest,-0.33606935
0,2000-01-01,0,447,-4.13570023,51.68339920,nearest,-58.10770416
0,2000-01-01,0,448,-3.56620002,51.70320129,nearest,-59.71179199
0,2000-01-01,0,449,-4.96439981,51.79320145,nearest,-21.45615578
0,2000-01-01,0,450,-3.33859992,53.04109955,nearest,16.16940308
0,2000-01-01,0,451,-4.18260002,53.20959854,nearest,1.38704681
0,2000-01-01,0,452,-5.21799994,56.21889877,nearest,66.80847168
0,2000-01-01,0,454,10.27099991,52.17499924,nearest,3.94497681
0,2000-01-01,0,455,10.36400032,52.61700058,nearest,-4.79930115
0,2000-01-01,0,456,9.50000000,53.12599945,nearest,-0.46137619
0,2000-01-01,0,458,-2.25699997,55.90480042,nearest,69.49491882
0,2000-01-01,0,459,-0.47999999,52.24000168,nearest,6.63059235
0,2000-01-01,0,460,1.28999996,52.06000137,nearest,30.87162971
0,2000-01-01,0,461,-1.40999997,51.11000061,nearest,-26.81161499
0,2000-01-01,0,462,-1.25999999,51.06000137,nearest,8.91230011
0,2000-01-01,0,463,-0.57999998,51.61000061,nearest,-19.90477753
0,2000-01-01,0,464,-4.28809977,55.86090088,nearest,-24.39792442
0,2000-01-01,0,465,-4.29379988,55.85829926,nearest,-24.39792442
0,2000-01-01,0,466,-3.75900006,56.57569885,nearest,55.72723389
0,2000-01-01,0,467,-3.61109996,55.39619827,nearest,65.55163574
0,2000-01-01,0,468,-7.85160017,54.86640167,nearest,-18.34317017
0,2000-01-01,0,470,-2.64910007,57.66510010,nearest,60.05603790
0,2000-01-01,0,471,-6.46540022,57.43920135,nearest,27.97697449
0,2000-01-01,0,472,-3.23740005,58.46020126,nearest,27.16102600
0,2000-01-01,0,473,-4.43860006,57.71549988,nearest,198.63610840
0,2000-01-01,0,474,-5.28240013,56.37990189,nearest,164.55450439
0,2000-01-01,0,475,-3.43059993,56.30619812,nearest,17.91403198
0,2000-01-01,0,476,-3.35840011,54.85810089,nearest,2.01179409
0,2000-01-01,0,477,-1.79799998,54.75510025,nearest,49.87417603
0,2000-01-01,0,478,-2.63840008,54.33369827,nearest,27.31610107
0,2000-01-01,0,479,-3.13649988,54.24710083,nearest,140.36167908
0,2000-01-01,0,480,-1.91509998,54.88249969,nearest,16.20216370
0,2000-01-01,0,481,0.23379999,53.14410019,nearest,2.08453417
0,2000-01-01,0,482,-4.34060001,53.37670135,nearest,13.97480774
0,2000-01-01,0,483,-3.57870007,52.36249924,nearest,80.62588501
0,2000-01-01,0,484,-2.28819990,53.76509857,nearest,95.94104004
0,2000-01-01,0,485,-1.64760005,53.99679947,nearest,55.70454407
0,2000-01-01,0,486,-3.96650004,52.46369934,nearest,99.46069336
0,2000-01-01,0,487,-3.47440004,51.56449890,nearest,85.59072876
0,2000-01-01,0,488,-1.14010000,53.11690140,nearest,6.89271545
0,2000-01-01,0,489,-3.44799995,55.53939819,nearest,73.12261963
0,2000-01-01,0,490,-0.28230000,54.00439835,nearest,0.24080515
0,2000-01-01,0,491,-3.43510008,52.58229828,nearest,19.17230225
0,2000-01-01,0,492,-1.25430000,54.49110031,nearest,28.10033035
0,2000-01-01,0,493,-1.17799997,52.50049973,nearest,26.78459167
0,2000-01-01,0,494,-2.11400008,57.31549835,nearest,17.52199936
0,2000-01-01,0,501,-1.46959996,53.38240051,nearest,-76.91565704
0,2000-01-01,0,503,-3.57419991,55.23899841,nearest,-6.40505981
0,2000-01-01,0,504,-2.08780003,57.18610001,nearest,-36.46486664
0,2000-01-01,0,505,10.09119987,53.67350006,nearest,-0.60307312
0,2000-01-01,0,508,6.78840017,53.45159912,nearest,2.00000000
0,2000-01-01,0,509,4.38399982,51.66550064,nearest,1.00000000
0,2000-01-01,0,513,-2.24799991,53.66199875,nearest,59.61886597
0,2000-01-01,0,514,-3.48399997,53.10900116,nearest,151.31503296
0,2000-01-01,0,515,-3.94280005,55.70169830,nearest,31.20137024
0,2000-01-01,0,516,-3.51239991,51.69110107,nearest,50.72106934
0,2000-01-01,0,517,-2.57739997,57.62689972,nearest,-28.17655182
0,2000-01-01,0,518,-9.38189983,51.62979889,nearest,170.92559814
0,2000-01-01,0,519,-4.22970009,55.77059937,nearest,-159.23257446
0,2000-01-01,0,520,-1.89760005,54.91260147,nearest,25.72078705
0,2000-01-01,0,521,-0.09800000,52.51100159,nearest,2.00000000
0,2000-01-01,0,522,-1.76830006,54.76470184,nearest,89.92504883
0,2000-01-01,0,523,-2.00850010,55.15710068,nearest,-20.78936768
0,2000-01-01,0,531,-2.91589999,54.02780151,nearest,22.86878586
0,2000-01-01,0,532,1.61889994,52.21179962,nearest,16.00000000
0,2000-01-01,0,533,0.96399999,50.91339874,nearest,23.00000000
0,2000-01-01,0,534,-1.71980000,52.45389938,nearest,1.73489380
0,2000-01-01,0,537,-2.78629994,53.88859940,nearest,-8.77538872
0,2000-01-01,0,538,-6.55240011,52.62210083,nearest,-4.38253784
0,2000-01-01,0,539,-9.15820026,52.10770035,nearest,-7.86532593
0,2000-01-01,0,540,-8.93789959,51.81169891,nearest,6.00445557
0,2000-01-01,0,541,-3.07879996,55.18420029,nearest,-58.18887329
0,2000-01-01,0,542,-3.12350011,58.43700027,nearest,23.27837372
0,2000-01-01,0,543,-3.45910001,52.92229843,nearest,-86.50341797
0,2000-01-01,0,545,7.65829992,49.96879959,nearest,-258.59326172
0,2000-01-01,0,553,-2.61139989,55.96500015,nearest,12.21376038
0,2000-01-01,0,554,-3.78160000,55.86650085,nearest,42.73596191
0,2000-01-01,0,555,-1.55400002,55.11149979,nearest,7.50782967
0,2000-01-01,0,556,-1.02670002,53.07249832,nearest,40.87479401
0,2000-01-01,0,557,-1.26220000,52.62960052,nearest,7.40712738
0,2000-01-01,0,558,-1.09909999,52.29539871,nearest,-11.37437439
0,2000-01-01,0,559,0.13020000,53.23989868,nearest,32.40075302
0,2000-01-01,0,560,1.48810005,52.29629898,nearest,8.87600708
0,2000-01-01,0,561,-5.15780020,50.28260040,nearest,32.14568329
0,2000-01-01,0,562,-0.52859998,54.15100098,nearest,45.46270752
0,2000-01-01,0,563,-1.33109999,53.61569977,nearest,23.16009140
0,2000-01-01,0,564,-1.75940001,55.49969864,nearest,24.64171600
0,2000-01-01,0,565,0.91769999,51.71799850,nearest,-1.59133387
0,2000-01-01,0,566,-0.86699998,53.66770172,nearest,0.00000000
0,2000-01-01,0,567,-3.47399998,52.95550156,nearest,101.63139343
0,2000-01-01,0,568,-0.02360000,52.53390121,nearest,1.00000000
0,2000-01-01,0,569,-5.20289993,50.04479980,nearest,12.51538086
0,2000-01-01,0,570,-4.38700008,50.49850082,nearest,75.68475342
0,2000-01-01,0,571,-1.43869996,54.77970123,nearest,58.50178528
0,2000-01-01,0,572,-3.16939998,54.77379990,nearest,47.06372833
0,2000-01-01,0,573,-1.41540003,54.83050156,nearest,8.57478333
0,2000-01-01,0,574,-1.23800004,53.31159973,nearest,10.08489990
0,2000-01-01,0,575,-2.84759998,53.89820099,nearest,-1.84266806
0,2000-01-01,0,576,-0.12070000,52.46210098,nearest,1.00000000
0,2000-01-01,0,577,-5.14060020,50.17559814,nearest,99.10709381
0,2000-01-01,0,578,-0.60329998,53.84799957,nearest,12.15040588
0,2000-01-01,0,579,-1.40680003,54.83259964,nearest,18.47911072
0,2000-01-01,0,580,-4.86259985,50.47930145,nearest,42.70991516
0,2000-01-01,0,581,-0.17160000,52.55659866,nearest,6.68566704
0,2000-01-01,0,582,1.12559998,52.33349991,nearest,7.46965790
0,2000-01-01,0,583,-4.16900015,58.51559830,nearest,20.50209808
0,2000-01-01,0,584,-9.24090004,53.28689957,nearest,28.18096161
0,2000-01-01,0,599,-0.75239998,53.60390091,nearest,-0.30117393
0,2000-01-01,0,600,-7.10750008,53.99940109,nearest,25.31388855
0,2000-01-01,0,601,-9.12129974,52.40119934,nearest,116.60621643
0,2000-01-01,0,602,-0.85299999,53.11800003,nearest,8.60684013
0,2000-01-01,0,603,-0.83730000,53.17060089,nearest,18.64947128
0,2000-01-01,0,604,-0.52700001,53.99390030,nearest,31.90038681
0,2000-01-01,0,605,-0.16450000,53.86849976,nearest,0.71259975
0,2000-01-01,0,606,-0.16689999,53.56069946,nearest,13.43936157
0,2000-01-01,0,607,-1.06060004,53.08919907,nearest,17.83049774
0,2000-01-01,0,608,-0.78869998,53.84889984,nearest,-0.92263079
0,2000-01-01,0,609,-0.77130002,53.75770187,nearest,0.25299811
0,2000-01-01,0,610,-0.80629998,53.81200027,nearest,-0.26879740
0,2000-01-01,0,611,-1.37450004,54.79449844,nearest,7.27613831
0,2000-01-01,0,612,-1.61629999,54.55540085,nearest,-14.68459320
0,2000-01-01,0,613,-1.74839997,54.84970093,nearest,10.85580444
0,2000-01-01,0,614,-6.04860020,54.82949829,nearest,-72.17276001
0,2000-01-01,0,615,-3.97930002,55.66830063,nearest,27.99595642
0,2000-01-01,0,616,-3.65459991,55.78350067,nearest,20.19573975
0,2000-01-01,0,617,-3.89890003,55.91859818,nearest,16.56979370
0,2000-01-01,0,618,-2.95760012,56.38629913,nearest,76.56290436
0,2000-01-01,0,619,-3.98469996,55.66609955,nearest,32.99595642
0,2000-01-01,0,620,-4.61049986,50.68650055,nearest,51.44104004
0,2000-01-01,0,621,-4.69540024,50.47900009,nearest,3.92147827
0,2000-01-01,0,622,-4.44939995,50.43600082,nearest,-4.44795990
0,2000-01-01,0,623,-4.40500021,50.82910156,nearest,7.34550476
0,2000-01-01,0,624,-4.34740019,50.85219955,nearest,22.55541992
0,2000-01-01,0,625,-4.36770010,50.39989853,nearest,53.71846390
0,2000-01-01,0,626,-5.00780010,51.72380066,nearest,-2.49811935
0,2000-01-01,0,627,-5.05819988,51.72520065,nearest,-0.49980164
0,2000-01-01,0,628,-3.33520007,51.77149963,nearest,-66.21783447
0,2000-01-01,0,629,-1.25109994,52.47409821,nearest,8.54582977
0,2000-01-01,0,630,0.19589999,51.47900009,nearest,4.00000000
0,2000-01-01,0,631,-0.14749999,52.29809952,nearest,18.05196381
0,2000-01-01,0,632,-1.27719998,52.17890167,nearest,-35.71334839
0,2000-01-01,0,633,9.97739983,53.56019974,nearest,7.49235439
0,2000-01-01,0,634,-3.28299999,53.98300171,nearest,0.00000000
0,2000-01-01,0,635,-4.53299999,53.25000000,nearest,0.69238377
0,2000-01-01,0,636,1.88300002,51.93000031,nearest,0.00000000
0,2000-01-01,0,637,0.43610001,53.12749863,nearest,0.00000000
0,2000-01-01,0,638,-2.98609996,53.17449951,nearest,8.23594856
0,2000-01-01,0,639,-2.57579994,51.52140045,nearest,-13.44178772
0,2000-01-01,0,640,-1.53149998,54.29679871,nearest,4.04225922
0,2000-01-01,0,641,-3.40000010,51.40999985,nearest,-6.28491211
0,2000-01-01,0,642,-5.28240013,56.37990189,nearest,147.55450439
0,2000-01-01,0,643,-4.45749998,57.72290039,nearest,246.63610840
0,2000-01-01,0,644,-4.17030001,55.28559875,nearest,163.92102051
0,2000-01-01,0,645,-4.74550009,55.24089813,nearest,11.58473206
0,2000-01-01,0,646,-4.13780022,55.57619858,nearest,46.22396851
0,2000-01-01,0,647,-0.24969999,52.06000137,nearest,1.71989059
0,2000-01-01,0,648,-6.82639980,55.10089874,nearest,13.34674072
0,2000-01-01,0,649,0.73439997,52.62860107,nearest,-2.56624222
0,2000-01-01,0,650,1.11099994,52.69160080,nearest,5.57968521
0,2000-01-01,0,651,-3.86730003,56.03099823,nearest,0.23247528
0,2000-01-01,0,652,-3.73720002,55.87189865,nearest,-8.80780029
0,2000-01-01,0,653,7.98859978,50.41059875,nearest,50.63012695
0,2000-01-01,0,654,8.79790020,53.43439865,nearest,0.43024540
0,2000-01-01,0,656,-4.77740002,54.90499878,nearest,-16.87390900
0,2000-01-01,0,660,-7.25880003,54.91419983,nearest,150.39825439
0,2000-01-01,0,661,4.41900015,52.60599899,nearest,0.00000000
0,2000-01-01,0,662,2.96900010,51.55599976,nearest,0.00000000
0,2000-01-01,0,663,4.23099995,51.51300049,nearest,1.00000000
0,2000-01-01,0,664,4.36339998,51.23199844,nearest,14.80177021
0,2000-01-01,0,665,-2.02889991,55.63339996,nearest,-46.22741699
0,2000-01-01,0,666,-1.16610003,54.59099960,nearest,-3.89795065
0,2000-01-01,0,667,-2.99119997,53.39709854,nearest,-37.97285461
0,2000-01-01,0,668,9.27079964,54.74729919,nearest,-1.85198975
0,2000-01-01,0,669,9.49880028,54.11940002,nearest,-0.97994947
0,2000-01-01,0,670,9.45499992,54.38510132,nearest,0.07461739
0,2000-01-01,0,671,2.28909993,48.83190155,nearest,-19.83740234
0,2000-01-01,0,672,-6.22730017,54.87889862,nearest,-20.36207581
0,2000-01-01,0,673,0.23840000,53.31999969,nearest,1.14709425
0,2000-01-01,0,674,-2.71289992,51.50870132,nearest,3.41052246
0,2000-01-01,0,675,-3.10220003,51.50579834,nearest,0.31625891
0,2000-01-01,0,676,0.16480000,51.51599884,nearest,6.81340456
0,2000-01-01,0,677,-1.03460002,52.80879974,nearest,13.81059265
0,2000-01-01,0,678,-2.89829993,56.48519897,nearest,-26.41098404
0,2000-01-01,0,679,-4.16559982,55.73749924,nearest,5.71629333
0,2000-01-01,0,680,0.08340000,53.43299866,nearest,-0.02948189
0,2000-01-01,0,681,-4.27379990,50.92399979,nearest,51.30134583
0,2000-01-01,0,682,-0.98559999,51.41870117,nearest,-11.99498367
0,2000-01-01,0,683,-2.26780009,51.70209885,nearest,61.97856140
0,2000-01-01,0,684,-2.58240008,51.25450134,nearest,50.11059570
0,2000-01-01,0,685,1.65439999,52.70999908,nearest,6.46734524
0,2000-01-01,0,686,0.68339998,52.65679932,nearest,9.71125031
0,2000-01-01,0,687,-1.08829999,53.29539871,nearest,6.43606186
0,2000-01-01,0,688,-1.96519995,51.71490097,nearest,-17.56219482
0,2000-01-01,0,689,-0.16960000,51.15340042,nearest,-18.95495224
0,2000-01-01,0,690,-0.61919999,51.18209839,nearest,28.06180954
0,2000-01-01,0,691,-0.20020001,51.79690170,nearest,2.74333954
0,2000-01-01,0,692,-0.23980001,51.52460098,nearest,-10.70373535
0,2000-01-01,0,693,-0.05280000,51.47980118,nearest,-0.85554171
0,2000-01-01,0,694,-1.33910000,52.06330109,nearest,5.16053772
0,2000-01-01,0,695,-1.23800004,51.74980164,nearest,-24.13087463
0,2000-01-01,0,696,-0.97369999,51.45370102,nearest,-8.95833969
0,2000-01-01,0,697,-1.73389995,51.41830063,nearest,-26.66563416
0,2000-01-01,0,698,-0.81169999,51.81549835,nearest,7.81452179
0,2000-01-01,0,699,-1.09119999,51.26490021,nearest,-11.66973877
0,2000-01-01,0,700,-1.72220004,51.92729950,nearest,72.46954346
0,2000-01-01,0,701,-0.08010000,51.65290070,nearest,2.19795609
0,2000-01-01,0,702,0.15400000,51.86380005,nearest,-1.17940521
0,2000-01-01,0,703,-0.19210000,51.45500183,nearest,0.59931755
0,2000-01-01,0,704,-0.00120000,51.54100037,nearest,-13.42691040
0,2000-01-01,0,705,0.09630000,51.37110138,nearest,-14.42676544
0,2000-01-01,0,706,-0.48690000,51.37469864,nearest,2.09007549
0,2000-01-01,0,707,-0.55620003,51.59320068,nearest,3.53739166
0,2000-01-01,0,708,-4.21579981,55.31679916,nearest,-43.25909424
0,2000-01-01,0,709,-0.23330000,53.73740005,nearest,4.00000000
0,2000-01-01,0,710,-2.30890012,53.23659897,nearest,24.05820465
0,2000-01-01,0,711,0.03740000,52.16699982,nearest,3.55321693
0,2000-01-01,0,712,-1.09249997,53.59080124,nearest,1.10430908
0,2000-01-01,0,713,-3.37910008,54.75249863,nearest,30.94498825
0,2000-01-01,0,714,-1.16120005,52.38130188,nearest,-2.11319733
0,2000-01-01,0,715,8.79790020,53.43439865,nearest,0.43024540
0,2000-01-01,0,717,9.27079964,54.74729919,nearest,-1.85198975
0,2000-01-01,0,718,9.49880028,54.11940002,nearest,-0.97994947
0,2000-01-01,0,719,9.45499992,54.38510132,nearest,0.07461739
0,2000-01-01,0,720,0.29300001,53.64400101,nearest,0.00000000
0,2000-01-01,0,721,-4.25000000,55.84899902,nearest,-6.10433578
0,2000-01-01,0,722,-0.21170001,51.48749924,nearest,-2.70726776
0,2000-01-01,0,723,-3.36899996,55.94110107,nearest,8.12210464
0,2000-01-01,0,724,0.00850000,51.76179886,nearest,-19.97038651
0,2000-01-01,0,725,-0.22890000,50.82920074,nearest,-41.94676590
0,2000-01-01,0,726,-0.10610000,50.81169891,nearest,-59.53540039
0,2000-01-01,0,727,0.00970000,51.49729919,nearest,-1.68614888
0,2000-01-01,0,728,-0.19560000,52.55099869,nearest,1.70228148
0,2000-01-01,0,729,-3.18829989,55.95330048,nearest,50.18516922
0,2000-01-01,0,730,-4.94430017,58.27909851,nearest,-75.52345276
0,2000-01-01,0,731,-4.99009991,56.98339844,nearest,-212.09249878
0,2000-01-01,0,732,-4.41639996,57.18410110,nearest,37.17306519
0,2000-01-01,0,733,-5.49510002,56.68759918,nearest,-182.56114197
0,2000-01-01,0,734,-3.69169998,53.45080185,nearest,0.00000000
0,2000-01-01,0,735,-3.46210003,53.35210037,nearest,0.00000000
0,2000-01-01,0,736,9.98610020,53.56079865,nearest,2.49235439
0,2000-01-01,0,737,9.99110031,53.63029861,nearest,-3.90174294
0,2000-01-01,0,738,-3.69709992,51.66019821,nearest,15.96017456
0,2000-01-01,0,739,-3.60019994,51.67219925,nearest,-19.51220703
0,2000-01-01,0,740,-2.14170003,53.70199966,nearest,-22.21585083
0,2000-01-01,0,741,-2.05180001,53.80059814,nearest,-94.77508545
0,2000-01-01,0,742,-2.01370001,53.74179840,nearest,-196.17065430
0,2000-01-01,0,743,-1.78639996,53.70119858,nearest,-44.01097870
0,2000-01-01,0,744,-1.92019999,53.79399872,nearest,98.37969971
0,2000-01-01,0,745,-1.90799999,53.77700043,nearest,24.29498291
0,2000-01-01,0,746,-2.98000002,58.99750137,nearest,6.99161577
0,2000-01-01,0,747,-4.34469986,57.80709839,nearest,312.64904785
0,2000-01-01,0,748,-6.51539993,58.23249817,nearest,-49.37628174
0,2000-01-01,0,749,-2.00130010,57.61529922,nearest,26.75009918
0,2000-01-01,0,750,-6.18599987,55.68960190,nearest,0.16935730
0,2000-01-01,0,751,-4.44350004,55.76620102,nearest,46.26550293
0,2000-01-01,0,752,-0.94160002,54.54449844,nearest,44.77327728
0,2000-01-01,0,753,-1.07410002,52.79980087,nearest,21.37850952
0,2000-01-01,0,754,-4.52110004,51.75809860,nearest,16.29357147
0,2000-01-01,0,755,-4.70389986,50.63779831,nearest,-17.93566895
0,2000-01-01,0,756,-3.66910005,58.56570053,nearest,26.88822937
0,2000-01-01,0,757,-4.23290014,51.97809982,nearest,87.09342957
0,2000-01-01,0,758,-3.55180001,57.48410034,nearest,30.57565308
0,2000-01-01,0,759,-3.83550000,55.50839996,nearest,-1.88464355
0,2000-01-01,0,760,9.64319992,50.32720184,nearest,36.67425537
0,2000-01-01,0,761,8.13059998,49.62099838,nearest,56.50080872
0,2000-01-01,0,763,-3.62389994,53.43730164,nearest,0.00000000
0,2000-01-01,0,764,-3.54069996,53.46569824,nearest,0.00000000
0,2000-01-01,0,765,8.16810036,53.83509827,nearest,0.00000000
0,2000-01-01,0,766,5.87200022,54.31800079,nearest,0.00000000
0,2000-01-01,0,768,-1.46070004,51.21569824,nearest,-13.60537720
0,2000-01-01,0,769,-2.68740010,51.50320053,nearest,3.41052246
0,2000-01-01,0,770,-0.18990000,51.13610077,nearest,4.05346680
0,2000-01-01,0,771,0.14399999,51.51900101,nearest,-5.11427069
0,2000-01-01,0,772,0.24640000,51.46310043,nearest,0.45770097
0,2000-01-01,0,773,-1.62829995,52.59329987,nearest,18.76374817
0,2000-01-01,0,774,-0.02160000,51.67689896,nearest,-5.46934700
0,2000-01-01,0,775,-0.24320000,51.76229858,nearest,1.10004425
0,2000-01-01,0,776,-2.86310005,53.48270035,nearest,0.03535461
0,2000-01-01,0,777,-1.65310001,53.74110031,nearest,16.09327698
0,2000-01-01,0,778,-2.20420003,53.35409927,nearest,-0.13860321
0,2000-01-01,0,779,-0.73009998,52.06869888,nearest,6.27138519
0,2000-01-01,0,780,-1.52160001,51.63690186,nearest,-5.53758240
0,2000-01-01,0,781,-0.21220000,52.57130051,nearest,0.70535588
0,2000-01-01,0,782,-0.38490000,51.55690002,nearest,-7.21855545
0,2000-01-01,0,783,-1.43589997,53.40520096,nearest,-60.35938263
0,2000-01-01,0,784,-0.48410001,51.34709930,nearest,-0.50137329
0,2000-01-01,0,785,-0.19110000,51.43590164,nearest,-0.40615749
0,2000-01-01,0,786,-3.17910004,51.48160172,nearest,-10.55543327
0,2000-01-01,0,787,-0.33669999,53.74570084,nearest,5.18445301
0,2000-01-01,0,788,1.14699996,53.13499832,nearest,0.00000000
0,2000-01-01,0,789,-3.83800006,52.42699814,nearest,-65.95031738
0,2000-01-01,0,790,-1.97969997,52.99509811,nearest,-24.98474121
0,2000-01-01,0,791,0.03450000,51.62760162,nearest,43.62186813
0,2000-01-01,0,792,-3.28169990,53.29339981,nearest,62.62650681
0,2000-01-01,0,793,-1.91040003,53.48020172,nearest,-126.63092041
0,2000-01-01,0,794,-2.21770000,53.86980057,nearest,-102.29397583
0,2000-01-01,0,795,-1.02810001,52.09149933,nearest,2.93393707
0,2000-01-01,0,796,0.26240000,52.39950180,nearest,9.32794094
0,2000-01-01,0,797,-2.24259996,53.48080063,nearest,1.97408676
0,2000-01-01,0,798,-0.00720000,51.54309845,nearest,-7.00093937
0,2000-01-01,0,799,-0.22130001,51.50749969,nearest,-26.38072586
0,2000-01-01,0,800,-4.18470001,50.38589859,nearest,-36.93569946
0,2000-01-01,0,801,-2.08360004,55.16989899,nearest,-29.18838501
0,2000-01-01,0,802,-2.97709990,57.35879898,nearest,50.74948120
0,2000-01-01,0,803,-4.53049994,51.75770187,nearest,33.29357147
0,2000-01-01,0,804,-1.16299999,52.41889954,nearest,5.59008789
0,2000-01-01,0,805,-6.41169977,57.44409943,nearest,37.51811218
0,2000-01-01,0,806,-3.26329994,53.31990051,nearest,2.00000000
0,2000-01-01,0,807,-1.84539998,51.54850006,nearest,10.06836700
0,2000-01-01,0,808,-3.29999995,58.29999924,nearest,2.57917786
0,2000-01-01,0,809,-4.80000019,57.59999847,nearest,85.94917297
0,2000-01-01,0,810,-4.09999990,57.40000153,nearest,75.01538086
0,2000-01-01,0,811,-1.89289999,52.99000168,nearest,-61.30043030
0,2000-01-01,0,812,-1.87419999,52.98580170,nearest,-66.64930725
0,2000-01-01,0,813,-1.89289999,52.99000168,nearest,-201.30043030
0,2000-01-01,0,814,-2.80040002,54.04999924,nearest,-13.59762192
0,2000-01-01,0,815,-2.91750002,54.89429855,nearest,-0.90382195
0,2000-01-01,0,816,-2.02629995,53.74140167,nearest,-190.17065430
0,2000-01-01,0,817,-4.48390007,54.96049881,nearest,-29.00152969
0,2000-01-01,0,818,-2.74469995,54.32989883,nearest,-9.50038147
0,2000-01-01,0,819,-2.80349994,54.04729843,nearest,-3.59762192
0,2000-01-01,0,820,-4.48260021,54.95880127,nearest,-55.26231384
0,2000-01-01,0,821,-1.07840002,53.82770157,nearest,0.83689642
0,2000-01-01,0,822,-3.14849997,51.47629929,nearest,-8.54019928
0,2000-01-01,0,823,-5.76000023,54.72000122,nearest,0.00000000
0,2000-01-01,0,824,-5.78999996,54.84000015,nearest,0.00000000
0,2000-01-01,0,825,-2.43449998,55.79700089,nearest,73.44711304
0,2000-01-01,0,826,0.30430001,52.15729904,nearest,-25.82816315
0,2000-01-01,0,827,-4.77500010,54.94139862,nearest,-1.86676025
0,2000-01-01,0,830,-3.64409995,51.76699829,nearest,62.53524780
0,2000-01-01,0,831,-3.67170000,51.76100159,nearest,176.53524780
0,2000-01-01,0,832,-3.51279998,51.70700073,nearest,161.57516479
0,2000-01-01,0,833,-3.49729991,51.60910034,nearest,-0.08291626
0,2000-01-01,0,834,-3.51799989,51.61690140,nearest,98.01934814
0,2000-01-01,0,835,-0.10840000,51.55490112,nearest,-3.68466949
0,2000-01-01,0,836,-0.28470001,51.71110153,nearest,-4.38380432
0,2000-01-01,0,837,-0.02400000,51.54349899,nearest,-5.00093937
0,2000-01-01,0,838,-3.01810002,56.18220139,nearest,-5.69768238
0,2000-01-01,0,839,-4.81669998,57.13330078,nearest,76.08795166
0,2000-01-01,0,840,-9.31079960,51.93859863,nearest,77.15930176
0,2000-01-01,0,841,-3.51320004,54.56850052,nearest,22.46495056
0,2000-01-01,0,842,-3.91459990,55.55749893,nearest,119.81304932
0,2000-01-01,0,843,-4.12779999,58.04800034,nearest,-123.94915771
0,2000-01-01,0,844,1.61730003,52.21080017,nearest,10.00000000
0,2000-01-01,0,845,-4.48280001,53.41619873,nearest,18.70091820
0,2000-01-01,0,846,-0.24500000,51.53219986,nearest,-2.71080780
0,2000-01-01,0,847,-2.43330002,53.08959961,nearest,2.88642883
0,2000-01-01,0,848,-2.49480009,51.69269943,nearest,8.49726486
0,2000-01-01,0,849,-3.50070000,54.41920090,nearest,-33.67121887
0,2000-01-01,0,850,-3.22679996,55.01440048,nearest,-10.02833557
0,2000-01-01,0,851,-2.96009994,54.90869904,nearest,-4.51261711
0,2000-01-01,0,852,-3.75259995,58.57759857,nearest,6.78815556
0,2000-01-01,0,853,1.25849998,52.10129929,nearest,-24.55112457
0,2000-01-01,0,854,0.37320000,52.61080170,nearest,8.40548801
0,2000-01-01,0,855,-0.69650000,53.22460175,nearest,-1.34080696
0,2000-01-01,0,856,-0.22950000,53.15340042,nearest,-3.18546391
0,2000-01-01,0,857,-0.04550000,52.93939972,nearest,1.82485175
0,2000-01-01,0,858,-0.68390000,53.37060165,nearest,-2.87291527
0,2000-01-01,0,859,-0.73449999,52.35900116,nearest,-13.03442383
0,2000-01-01,0,860,-0.87540001,51.96910095,nearest,-19.34421539
0,2000-01-01,0,861,-0.24320000,52.28810120,nearest,1.87864876
0,2000-01-01,0,862,-0.29789999,52.19219971,nearest,0.78155899
0,2000-01-01,0,863,-0.81120002,52.43569946,nearest,-41.63026428
0,2000-01-01,0,864,0.57499999,51.51100159,nearest,1.61248136
0,2000-01-01,0,865,0.70929998,51.55550003,nearest,4.37526894
0,2000-01-01,0,866,0.15490000,52.23339844,nearest,2.39769793
0,2000-01-01,0,867,0.04020000,53.39039993,nearest,0.14596462
0,2000-01-01,0,868,1.73450005,52.46810150,nearest,-10.04968643
0,2000-01-01,0,869,0.32049999,51.69110107,nearest,-9.39124298
0,2000-01-01,0,870,0.87760001,51.94440079,nearest,9.68514633
0,2000-01-01,0,871,-0.60549998,52.61380005,nearest,-50.67536163
0,2000-01-01,0,872,1.29859996,52.69010162,nearest,3.69975281
0,2000-01-01,0,873,0.99210000,52.19620132,nearest,-13.15396500
0,2000-01-01,0,874,1.16489995,51.84640121,nearest,-13.14124107
0,2000-01-01,0,875,0.80140001,52.56940079,nearest,-9.66954041
0,2000-01-01,0,876,-0.45870000,52.47940063,nearest,-0.13753510
0,2000-01-01,0,877,-0.24770001,52.51580048,nearest,-3.01612282
0,2000-01-01,0,878,-0.27230000,51.97729874,nearest,-15.28098297
0,2000-01-01,0,879,1.26250005,52.26979828,nearest,-0.33024216
0,2000-01-01,0,880,1.72389996,52.60639954,nearest,-1.33316374
0,2000-01-01,0,881,-0.06550000,53.57550049,nearest,6.00000000
0,2000-01-01,0,882,-0.00900000,53.54389954,nearest,6.00000000
0,2000-01-01,0,883,5.49079990,59.75320053,nearest,-23.10225487
0,2000-01-01,0,884,5.49079990,59.75320053,nearest,-23.10225487
0,2000-01-01,0,885,5.49079990,59.75320053,nearest,-23.10225487
0,2000-01-01,0,886,5.49079990,59.75320053,nearest,-23.10225487
0,2000-01-01,0,887,5.49079990,59.75320053,nearest,-23.10225487
0,2000-01-01,0,888,5.49079990,59.75320053,nearest,-23.10225487
0,2000-01-01,0,889,5.49079990,59.75320053,nearest,-23.10225487
0,2000-01-01,0,890,5.49079990,59.75320053,nearest,-23.10225487
0,2000-01-01,0,891,5.49079990,59.75320053,nearest,-23.10225487
0,2000-01-01,0,892,5.49079990,59.75320053,nearest,-23.10225487
0,2000-01-01,0,893,5.49079990,59.75320053,nearest,-23.10225487
0,2000-01-01,0,894,5.49079990,59.75320053,nearest,-23.10225487
0,2000-01-01,0,895,5.49079990,59.75320053,nearest,-23.10225487
0,2000-01-01,0,896,5.49079990,59.75320053,nearest,-23.10225487
0,2000-01-01,0,897,5.49079990,59.75320053,nearest,-23.10225487
0,2000-01-01,0,898,5.49079990,59.75320053,nearest,-23.10225487
0,2000-01-01,0,899,5.48330021,59.71670151,nearest,0.00000000
0,2000-01-01,0,900,5.58330011,59.71670151,nearest,0.00000000
0,2000-01-01,0,901,-0.53509998,51.54830170,nearest,4.48753738
0,2000-01-01,0,902,-0.09020000,51.50529861,nearest,-10.61540413
0,2000-01-01,0,903,-0.09880000,51.51390076,nearest,12.19367790
0,2000-01-01,0,904,-1.59920001,51.20980072,nearest,-9.17111206
0,2000-01-01,0,905,-3.73320007,56.70380020,nearest,-205.19668579
0,2000-01-01,0,906,-1.36090004,51.84220123,nearest,6.41400146
0,2000-01-01,0,907,-2.40330005,56.83890152,nearest,102.81739807
0,2000-01-01,0,908,-3.21790004,58.35910034,nearest,51.84727478
0,2000-01-01,0,909,-4.00080013,57.41379929,nearest,-62.55438232
0,2000-01-01,0,910,-4.80670023,57.66130066,nearest,67.37780762
0,2000-01-01,0,911,-2.14170003,50.70399857,nearest,11.63139915
0,2000-01-01,0,912,-1.71430004,51.59090042,nearest,-11.44313812
0,2000-01-01,0,913,-1.02359998,51.40670013,nearest,1.50887299
0,2000-01-01,0,914,-3.36669993,57.53329849,nearest,80.61273193
0,2000-01-01,0,915,-3.37140012,57.53720093,nearest,105.61273193
0,2000-01-01,0,916,-3.47609997,57.44609833,nearest,21.06820679
0,2000-01-01,0,917,-2.46670008,56.95000076,nearest,-41.51528931
0,2000-01-01,0,918,-2.50000000,55.93330002,nearest,91.19088745
0,2000-01-01,0,919,-2.51309991,55.89500046,nearest,3.70849609
0,2000-01-01,0,920,-2.54999995,55.90560150,nearest,-72.64266968
0,2000-01-01,0,921,-4.11670017,55.23329926,nearest,-41.75299072
0,2000-01-01,0,923,6.71000004,58.15829849,nearest,73.28701782
0,2000-01-01,0,924,-1.89549994,52.98720169,nearest,-68.30043030
0,2000-01-01,0,925,-0.44610000,51.47980118,nearest,-5.31810379
0,2000-01-01,0,926,-2.57969999,51.45159912,nearest,-12.87923622
0,2000-01-01,0,927,-3.17000008,51.47620010,nearest,-9.54019928
0,2000-01-01,0,928,-1.06649995,52.95529938,nearest,-0.35427856
0,2000-01-01,0,929,-2.97810006,53.40679932,nearest,-19.32448578
0,2000-01-01,0,930,-1.61609995,54.97129822,nearest,-13.10817719
0,2000-01-01,0,931,-9.60789967,51.39730072,nearest,0.00000000
0,2000-01-01,0,932,-6.41760015,49.87860107,nearest,0.00000000
0,2000-01-01,0,933,-6.30229998,49.98199844,nearest,0.00000000
0,2000-01-01,0,934,-1.30009997,50.76710129,nearest,0.00000000
0,2000-01-01,0,935,-4.15360022,50.35430145,nearest,0.00000000
0,2000-01-01,0,936,-2.45659995,50.51250076,nearest,0.00000000
0,2000-01-01,0,937,-5.72160006,50.06579971,nearest,0.00000000
0,2000-01-01,0,938,-5.20669985,49.95399857,nearest,0.00000000
0,2000-01-01,0,939,-8.91170025,51.05849838,nearest,0.00000000
0,2000-01-01,0,940,-8.05039978,50.74789810,nearest,0.00000000
0,2000-01-01,0,941,-7.34410000,50.37310028,nearest,0.00000000
0,2000-01-01,0,942,-2.98609996,50.35319901,nearest,0.00000000
0,2000-01-01,0,943,-3.63669991,50.22150040,nearest,0.00000000
0,2000-01-01,0,944,-5.87109995,54.56499863,nearest,66.44821167
0,2000-01-01,0,945,-6.47989988,54.89950180,nearest,-11.55516815
0,2000-01-01,0,946,-7.28870010,55.00519943,nearest,30.85947800
0,2000-01-01,0,947,-7.65810013,54.46960068,nearest,-25.93675995
0,2000-01-01,0,948,-6.42080021,54.18700027,nearest,-9.63391113
0,2000-01-01,0,949,-4.97679996,55.08100128,nearest,-8.10589600
0,2000-01-01,0,950,-2.73790002,53.34640121,nearest,-19.44685936
0,2000-01-01,0,951,-4.09140015,56.06990051,nearest,39.14257812
0,2000-01-01,0,952,-4.19180012,55.68149948,nearest,4.15374756
0,2000-01-01,0,953,-4.87860012,57.12799835,nearest,207.83325195
0,2000-01-01,0,954,-4.04220009,58.05369949,nearest,101.72945404
0,2000-01-01,0,955,-4.81059980,55.23210144,nearest,174.79743958
0,2000-01-01,0,956,-3.95350003,55.57820129,nearest,70.75225830
0,2000-01-01,0,957,-3.21050000,55.96490097,nearest,17.57601738
0,2000-01-01,0,958,-3.21300006,55.96540070,nearest,11.57601738
0,2000-01-01,0,959,-0.15840000,51.50640106,nearest,-12.00451660
0,2000-01-01,0,960,-0.16000000,51.50939941,nearest,-12.00451660
0,2000-01-01,0,961,-0.15820000,51.50849915,nearest,-12.00451660
0,2000-01-01,0,962,-0.15770000,51.50770187,nearest,-13.00451660
0,2000-01-01,0,963,-0.15730000,51.50749969,nearest,-14.00451660
0,2000-01-01,0,964,0.70160002,51.54899979,nearest,5.37526894
0,2000-01-01,0,965,0.72229999,51.55569839,nearest,9.01955223
0,2000-01-01,0,966,-6.15299988,55.18059921,nearest,-36.15794373
0,2000-01-01,0,967,-6.22529984,54.66370010,nearest,6.47409058
0,2000-01-01,0,968,-6.94920015,55.16040039,nearest,2.81586075
0,2000-01-01,0,969,-7.57749987,54.70709991,nearest,-19.23183441
0,2000-01-01,0,970,-7.64489985,54.39559937,nearest,-11.22045135
0,2000-01-01,0,971,-5.58409977,54.67369843,nearest,35.00000000
0,2000-01-01,0,972,-6.50530005,54.23720169,nearest,63.12474060
0,2000-01-01,0,973,-7.07359982,54.63660049,nearest,48.04293823
0,2000-01-01,0,974,2.09489989,51.96969986,nearest,0.00000000
0,2000-01-01,0,975,2.00600004,51.74449921,nearest,0.00000000
0,2000-01-01,0,976,-4.21019983,51.97589874,nearest,46.67816162
0,2000-01-01,0,977,-3.18400002,51.48410034,nearest,-14.55543327
0,2000-01-01,0,978,-3.18560004,51.48540115,nearest,-13.55543327
0,2000-01-01,0,979,-0.33530000,51.40090179,nearest,-1.77128696
0,2000-01-01,0,980,-0.33070001,51.40090179,nearest,-1.77128696
0,2000-01-01,0,981,-0.33120000,51.40319824,nearest,-4.04965305
0,2000-01-01,0,982,-1.61420000,53.22280121,nearest,-129.24742126
0,2000-01-01,0,983,-1.61520004,53.22579956,nearest,-129.24742126
0,2000-01-01,0,984,-1.61730003,53.22470093,nearest,-32.84350586
0,2000-01-01,0,985,-2.37639999,53.33340073,nearest,26.34838104
0,2000-01-01,0,986,-2.37890005,53.33129883,nearest,22.34838104
0,2000-01-01,0,987,-2.37949991,53.33290100,nearest,29.34838104
0,2000-01-01,0,988,-0.15490000,51.48540115,nearest,-10.44790173
0,2000-01-01,0,989,-0.15590000,51.48770142,nearest,-6.44790173
0,2000-01-01,0,990,-0.15889999,51.51330185,nearest,-9.00451660
0,2000-01-01,0,991,-0.11320000,51.48369980,nearest,21.82617760
0,2000-01-01,0,992,-0.14929999,51.45800018,nearest,17.36958694
0,2000-01-01,0,993,-0.19260000,51.48180008,nearest,-10.43804932
0,2000-01-01,0,994,-5.47559977,50.20890045,nearest,0.00000000
0,2000-01-01,0,995,-5.00190020,57.14419937,nearest,-84.44042969
0,2000-01-01,0,996,-4.19350004,56.69940186,nearest,-328.50659180
0,2000-01-01,0,997,-4.76539993,56.26100159,nearest,-375.18670654
0,2000-01-01,0,998,-4.54050016,51.76050186,nearest,35.29357147
0,2000-01-01,0,999,-4.70450020,50.63610077,nearest,-25.93566895
0,2000-01-01,0,1210,6.11019993,62.56039810,nearest,9.73793602
0,2000-01-01,0,1311,5.21810007,60.29339981,nearest,1.54756546
0,2000-01-01,0,1338,6.64690018,61.17110062,nearest,54.00000000
0,2000-01-01,0,1364,8.21700001,60.51699829,nearest,-62.76306152
0,2000-01-01,0,1384,11.08300018,60.20000076,nearest,-1.77464294
0,2000-01-01,0,1397,12.27169991,61.29420090,nearest,-75.47460938
0,2000-01-01,0,1400,3.20000005,56.50000000,nearest,48.00000000
0,2000-01-01,0,1415,5.63789988,58.87680054,nearest,2.51209307
0,2000-01-01,0,1427,6.61000013,58.11700058,nearest,-90.87299347
0,2000-01-01,0,1447,8.19919968,59.49689865,nearest,-130.62890625
0,2000-01-01,0,1452,8.08300018,58.20000076,nearest,-24.41732788
0,2000-01-01,0,1483,10.25860023,59.18669891,nearest,9.03631592
0,2000-01-01,0,1488,10.61670017,59.88330078,nearest,7.71138859
0,2000-01-01,0,1492,10.71700001,59.95000076,nearest,-83.46519470
0,2000-01-01,0,2407,13.70720005,60.67639923,nearest,2.99713135
0,2000-01-01,0,2512,11.88329983,57.78329849,nearest,6.14491177
0,2000-01-01,0,2513,12.00000000,57.70000076,nearest,-24.34976959
0,2000-01-01,0,3002,-0.85399997,60.74900055,nearest,5.22014999
0,2000-01-01,0,3003,-1.29799998,59.87900162,nearest,1.09109592
0,2000-01-01,0,3005,-1.18299997,60.13899994,nearest,80.80348206
0,2000-01-01,0,3006,-1.27699995,60.44699860,nearest,-45.32007599
0,2000-01-01,0,3008,-1.62800002,59.52700043,nearest,34.77693176
0,2000-01-01,0,3010,-4.40399981,59.08300018,nearest,12.00000000
0,2000-01-01,0,3011,-5.82999992,59.12400055,nearest,98.00000000
0,2000-01-01,0,3014,-2.06299996,60.11100006,nearest,15.15580559
0,2000-01-01,0,3017,-2.90000010,58.95399857,nearest,23.75096703
0,2000-01-01,0,3022,-7.38299990,57.47499847,nearest,1.73593092
0,2000-01-01,0,3023,-7.39699984,57.35800171,nearest,4.00000000
0,2000-01-01,0,3026,-6.32499981,58.21400070,nearest,15.00000000
0,2000-01-01,0,3031,-4.89599991,57.72499847,nearest,-45.69036865
0,2000-01-01,0,3034,-5.63600016,57.85900116,nearest,-50.07656479
0,2000-01-01,0,3035,-7.44890022,57.02569962,nearest,-6.34397697
0,2000-01-01,0,3037,-5.80900002,57.25699997,nearest,18.00000000
0,2000-01-01,0,3039,-5.68900013,57.41749954,nearest,229.74737549
0,2000-01-01,0,3041,-4.96999979,56.82199860,nearest,385.65771484
0,2000-01-01,0,3044,-4.44199991,58.28799820,nearest,-41.00539398
0,2000-01-01,0,3047,-4.70800018,56.86700058,nearest,-30.88766479
0,2000-01-01,0,3055,-3.38499999,58.87400055,nearest,-92.60044861
0,2000-01-01,0,3062,-3.96600008,57.81900024,nearest,1.02357078
0,2000-01-01,0,3063,-3.82699990,57.20600128,nearest,-42.86392212
0,2000-01-01,0,3065,-3.64199996,57.11600113,nearest,409.23620605
0,2000-01-01,0,3066,-3.56060004,57.64939880,nearest,3.49977183
0,2000-01-01,0,3068,-3.32200003,57.71200180,nearest,6.00000000
0,2000-01-01,0,3070,-3.34400010,57.35400009,nearest,-158.88165283
0,2000-01-01,0,3072,-3.42000008,56.87900162,nearest,211.53350830
0,2000-01-01,0,3075,-3.08899999,58.45399857,nearest,13.87753296
0,2000-01-01,0,3080,-2.83599997,57.07699966,nearest,-45.14903259
0,2000-01-01,0,3081,-3.39700007,57.00600052,nearest,-59.38949585
0,2000-01-01,0,3088,-2.26399994,56.85200119,nearest,28.99602509
0,2000-01-01,0,3091,-2.20199990,57.20600128,nearest,12.83668137
0,2000-01-01,0,3092,-1.77300000,57.50299835,nearest,15.00000000
0,2000-01-01,0,3094,-2.12100005,57.69800186,nearest,4.00000000
0,2000-01-01,0,3100,-6.88700008,56.49700165,nearest,1.97698689
0,2000-01-01,0,3105,-6.25600004,55.68099976,nearest,-20.93107605
0,2000-01-01,0,3111,-5.69899988,55.44100189,nearest,-7.63298607
0,2000-01-01,0,3114,-5.47499990,56.40999985,nearest,-13.64725494
0,2000-01-01,0,3116,-5.00099993,56.40999985,nearest,-159.25239563
0,2000-01-01,0,3120,-5.30600023,55.70600128,nearest,46.00000000
0,2000-01-01,0,3130,-4.93599987,54.85900116,nearest,0.34941387
0,2000-01-01,0,3132,-4.93599987,54.85900116,nearest,0.34941387
0,2000-01-01,0,3134,-4.53299999,55.90700150,nearest,22.22137070
0,2000-01-01,0,3136,-4.58500004,55.51499939,nearest,-15.18515015
0,2000-01-01,0,3138,-4.79400015,55.96200180,nearest,-2.86921692
0,2000-01-01,0,3139,-4.22599983,55.60100174,nearest,-9.11648560
0,2000-01-01,0,3140,-4.43330002,55.86669922,nearest,-2.30182457
0,2000-01-01,0,3144,-3.72900009,56.32600021,nearest,-26.87803268
0,2000-01-01,0,3148,-4.32000017,56.42300034,nearest,228.34545898
0,2000-01-01,0,3152,-3.87500000,55.86199951,nearest,47.51152039
0,2000-01-01,0,3153,-4.00799990,54.80300140,nearest,-12.33560181
0,2000-01-01,0,3154,-3.64400005,55.05400085,nearest,0.85262108
0,2000-01-01,0,3155,-3.73499990,55.62699890,nearest,35.83834839
0,2000-01-01,0,3158,-2.38299990,55.70899963,nearest,5.41244507
0,2000-01-01,0,3160,-3.34699988,55.95100021,nearest,7.55653381
0,2000-01-01,0,3162,-3.20600009,55.31100082,nearest,-62.78485107
0,2000-01-01,0,3166,-3.34299994,55.92800140,nearest,7.79050446
0,2000-01-01,0,3171,-2.86199999,56.37699890,nearest,-1.08088112
0,2000-01-01,0,3173,-3.18799996,55.92300034,nearest,50.16209412
0,2000-01-01,0,3174,-2.58500004,56.27899933,nearest,12.00000000
0,2000-01-01,0,3176,-2.51699996,55.35900116,nearest,92.23362732
0,2000-01-01,0,3188,-2.03200006,55.75400162,nearest,12.77838516
0,2000-01-01,0,3204,-4.63210011,54.08489990,nearest,-32.75025558
0,2000-01-01,0,3210,-3.61500001,54.51810074,nearest,65.59407043
0,2000-01-01,0,3212,-3.15700006,54.61399841,nearest,-201.85269165
0,2000-01-01,0,3213,-3.40700006,54.32500076,nearest,-0.05481720
0,2000-01-01,0,3214,-3.25699997,54.12500000,nearest,12.71864891
0,2000-01-01,0,3220,-2.96300006,54.93299866,nearest,10.15642929
0,2000-01-01,0,3224,-2.55299997,55.04999924,nearest,-2.83517456
0,2000-01-01,0,3225,-2.68400002,54.50099945,nearest,-3.58200073
0,2000-01-01,0,3226,-2.41300011,54.57199860,nearest,-146.67861938
0,2000-01-01,0,3227,-2.45000005,54.68399811,nearest,213.00701904
0,2000-01-01,0,3230,-2.27900004,55.28499985,nearest,-23.84403992
0,2000-01-01,0,3235,-2.08899999,54.82099915,nearest,87.37625122
0,2000-01-01,0,3238,-1.88000000,55.02000046,nearest,10.51000977
0,2000-01-01,0,3240,-1.60000002,55.42100143,nearest,-7.55831528
0,2000-01-01,0,3246,-1.59700000,54.97700119,nearest,10.19039154
0,2000-01-01,0,3257,-1.52999997,54.29600143,nearest,3.04225922
0,2000-01-01,0,3261,-1.41400003,54.13399887,nearest,-0.12971878
0,2000-01-01,0,3262,-1.41499996,55.01800156,nearest,33.00000000
0,2000-01-01,0,3265,-1.38999999,54.20399857,nearest,-3.71401024
0,2000-01-01,0,3266,-1.25000000,54.04499817,nearest,-1.59135246
0,2000-01-01,0,3275,-0.86299998,54.56299973,nearest,135.44712830
0,2000-01-01,0,3281,-0.67299998,54.36199951,nearest,38.62651062
0,2000-01-01,0,3292,-0.17399999,54.09400177,nearest,-9.55244827
0,2000-01-01,0,3301,-4.37599993,53.25999832,nearest,-10.22802734
0,2000-01-01,0,3302,-4.53700018,53.25199890,nearest,0.69238377
0,2000-01-01,0,3305,-3.94099998,53.09299850,nearest,-67.86294556
0,2000-01-01,0,3308,-4.07700014,53.06800079,nearest,501.73486328
0,2000-01-01,0,3313,-3.50900006,53.25899887,nearest,54.39408112
0,2000-01-01,0,3316,-3.05599999,53.49700165,nearest,0.94863796
0,2000-01-01,0,3318,-3.03699994,53.77600098,nearest,1.34276962
0,2000-01-01,0,3321,-2.98600006,53.17399979,nearest,4.23594904
0,2000-01-01,0,3330,-1.97990000,53.12760162,nearest,25.94027710
0,2000-01-01,0,3334,-2.27900004,53.35599899,nearest,10.12273407
0,2000-01-01,0,3339,-2.02900004,53.96699905,nearest,-18.67561340
0,2000-01-01,0,3344,-1.86500001,53.81100082,nearest,8.71104431
0,2000-01-01,0,3345,-1.66400003,53.61299896,nearest,79.06307983
0,2000-01-01,0,3346,-1.66700006,53.61700058,nearest,87.06307983
0,2000-01-01,0,3347,-1.55999994,53.79999924,nearest,-6.07854462
0,2000-01-01,0,3348,-2.15400004,53.34000015,nearest,-4.98196411
0,2000-01-01,0,3350,-1.58200002,53.43299866,nearest,212.28550720
0,2000-01-01,0,3351,-2.38050008,53.35979843,nearest,-0.42290115
0,2000-01-01,0,3354,-1.25000000,53.00500107,nearest,5.82638550
0,2000-01-01,0,3355,-1.19700003,53.83599854,nearest,0.46087217
0,2000-01-01,0,3373,-0.54600000,53.30699921,nearest,2.08194733
0,2000-01-01,0,3377,-0.52100003,53.17499924,nearest,3.56677246
0,2000-01-01,0,3379,-0.50199997,53.03099823,nearest,3.12388992
0,2000-01-01,0,3382,-0.43300000,53.86700058,nearest,4.42221832
0,2000-01-01,0,3384,-0.44000000,53.87400055,nearest,4.42221832
0,2000-01-01,0,3385,0.15400000,53.47299957,nearest,8.00000000
0,2000-01-01,0,3391,-0.17100000,53.09400177,nearest,-3.49849319
0,2000-01-01,0,3392,0.27399999,53.08800125,nearest,0.17725372
0,2000-01-01,0,3402,-4.63800001,52.82300186,nearest,124.40686035
0,2000-01-01,0,3403,-4.08199978,52.99499893,nearest,-134.53846741
0,2000-01-01,0,3405,-4.74200010,52.78900146,nearest,37.71386719
0,2000-01-01,0,3407,-4.12400007,52.80199814,nearest,5.78687620
0,2000-01-01,0,3409,-3.58299994,52.91699982,nearest,-127.10290527
0,2000-01-01,0,3410,-3.46399999,52.75699997,nearest,41.00317383
0,2000-01-01,0,3414,-2.66300011,52.79399872,nearest,-2.92198181
0,2000-01-01,0,3453,-0.65399998,52.72700119,nearest,7.88708496
0,2000-01-01,0,3462,-0.45899999,52.61109924,nearest,4.59555054
0,2000-01-01,0,3469,0.14100000,52.87300110,nearest,3.00000000
0,2000-01-01,0,3482,0.56900001,52.65100098,nearest,0.58829308
0,2000-01-01,0,3488,1.12699997,52.94900131,nearest,21.00000000
0,2000-01-01,0,3492,1.30200005,52.62500000,nearest,-0.58984756
0,2000-01-01,0,3495,1.35599995,52.75600052,nearest,-0.63762283
0,2000-01-01,0,3496,1.69299996,52.68600082,nearest,11.85582352
0,2000-01-01,0,3497,1.75000000,52.56700134,nearest,4.00000000
0,2000-01-01,0,3501,-4.00099993,52.41699982,nearest,-7.71569061
0,2000-01-01,0,3502,-4.57100010,52.13899994,nearest,96.42002869
0,2000-01-01,0,3503,-3.94700003,52.34400177,nearest,-102.81103516
0,2000-01-01,0,3507,-3.61400008,52.06299973,nearest,-50.77423096
0,2000-01-01,0,3520,-2.88499999,52.24200058,nearest,-26.28588104
0,2000-01-01,0,3522,-2.79999995,52.08300018,nearest,-6.34146118
0,2000-01-01,0,3527,-2.30500007,52.12099838,nearest,4.67286682
0,2000-01-01,0,3529,-2.03999996,52.14799881,nearest,-0.51714706
0,2000-01-01,0,3534,-1.74100006,52.45199966,nearest,-3.14728546
0,2000-01-01,0,3535,-1.68900001,52.47999954,nearest,13.24760437
0,2000-01-01,0,3544,-1.33000004,52.35800171,nearest,11.75257111
0,2000-01-01,0,3559,-0.42100000,52.10400009,nearest,0.10940933
0,2000-01-01,0,3560,-0.46399999,52.22499847,nearest,7.68486023
0,2000-01-01,0,3566,-0.11400000,52.35300064,nearest,5.85840225
0,2000-01-01,0,3583,0.56110001,52.40940094,nearest,0.34041405
0,2000-01-01,0,3586,0.77399999,52.34000015,nearest,15.45719528
0,2000-01-01,0,3590,0.96100003,52.12300110,nearest,5.05311584
0,2000-01-01,0,3604,-5.05499983,51.70800018,nearest,8.10677719
0,2000-01-01,0,3605,-4.36800003,51.71300125,nearest,0.83034611
0,2000-01-01,0,3609,-3.98099995,51.56499863,nearest,32.00000000
0,2000-01-01,0,3628,-2.57599998,51.52099991,nearest,-13.44178772
0,2000-01-01,0,3629,-2.71600008,51.50600052,nearest,9.00000000
0,2000-01-01,0,3647,-1.69200003,51.86000061,nearest,21.08114624
0,2000-01-01,0,3649,-1.57599998,51.75799942,nearest,-3.25099182
0,2000-01-01,0,3658,-1.09700000,51.61999893,nearest,-26.83580780
0,2000-01-01,0,3660,-0.80199999,51.68000031,nearest,-7.01640320
0,2000-01-01,0,3670,-0.40000001,51.61690140,nearest,35.33280945
0,2000-01-01,0,3672,-0.41499999,51.54800034,nearest,-4.35619354
0,2000-01-01,0,3680,-0.36019999,51.80670166,nearest,13.08246613
0,2000-01-01,0,3683,0.22499999,51.88000107,nearest,7.86415100
0,2000-01-01,0,3684,0.45300001,51.89599991,nearest,6.77612305
0,2000-01-01,0,3693,0.82999998,51.55400085,nearest,2.00000000
0,2000-01-01,0,3696,1.28299999,51.85400009,nearest,-0.59052086
0,2000-01-01,0,3705,-4.22100019,51.11800003,nearest,-48.35894012
0,2000-01-01,0,3707,-4.14900017,51.08900070,nearest,-48.07876587
0,2000-01-01,0,3710,-3.60800004,51.08700180,nearest,8.43457031
0,2000-01-01,0,3715,-3.34299994,51.40000153,nearest,15.27524567
0,2000-01-01,0,3716,-3.44000006,51.40499878,nearest,2.10685730
0,2000-01-01,0,3717,-3.17799997,51.47800064,nearest,29.44456673
0,2000-01-01,0,3726,-2.59999990,51.46670151,nearest,-7.50942612
0,2000-01-01,0,3740,-1.99240005,51.50310135,nearest,26.61692810
0,2000-01-01,0,3743,-1.80499995,51.20100021,nearest,15.74009705
0,2000-01-01,0,3746,-1.75399995,51.16099930,nearest,17.75005341
0,2000-01-01,0,3749,-1.57000005,51.14899826,nearest,1.71585083
0,2000-01-01,0,3761,-0.94400001,51.23799896,nearest,22.71313477
0,2000-01-01,0,3763,-0.78399998,51.38999939,nearest,-11.18618774
0,2000-01-01,0,3768,-0.77200001,51.27899933,nearest,6.94521332
0,2000-01-01,0,3769,-0.23330000,51.15000153,nearest,-19.37167358
0,2000-01-01,0,3770,-0.13110000,51.50490189,nearest,-20.78229523
0,2000-01-01,0,3772,-0.44900000,51.47900009,nearest,-5.31810379
0,2000-01-01,0,3776,-0.19100000,51.15100098,nearest,5.84790421
0,2000-01-01,0,3779,-0.10800000,51.52099991,nearest,16.19367790
0,2000-01-01,0,3780,-0.13500001,51.21500015,nearest,-14.50219727
0,2000-01-01,0,3781,-0.09000000,51.30300140,nearest,31.01318359
0,2000-01-01,0,3784,0.31400001,51.46400070,nearest,-11.45749760
0,2000-01-01,0,3791,0.74699998,51.44499969,nearest,25.00000000
0,2000-01-01,0,3796,1.34800005,51.13299942,nearest,55.45449066
0,2000-01-01,0,3797,1.34609997,51.34220123,nearest,18.25147629
0,2000-01-01,0,3803,-6.30100012,49.91299820,nearest,19.15439224
0,2000-01-01,0,3808,-5.32999992,50.21799850,nearest,48.20647430
0,2000-01-01,0,3809,-5.25699997,50.08499908,nearest,15.87890625
0,2000-01-01,0,3810,-5.04699993,50.14500046,nearest,40.69187546
0,2000-01-01,0,3815,-5.20200014,49.95999908,nearest,13.19602585
0,2000-01-01,0,3817,-4.99900007,50.43799973,nearest,24.21245575
0,2000-01-01,0,3820,-4.62200022,50.64099884,nearest,32.29190063
0,2000-01-01,0,3823,-4.66699982,50.50199890,nearest,11.88459778
0,2000-01-01,0,3827,-4.12099981,50.35400009,nearest,31.56446457
0,2000-01-01,0,3830,-3.98600006,50.93199921,nearest,46.83988953
0,2000-01-01,0,3831,-4.00799990,50.54899979,nearest,73.17947388
0,2000-01-01,0,3837,-3.50900006,50.39699936,nearest,8.00000000
0,2000-01-01,0,3839,-3.40499997,50.73699951,nearest,-5.64019775
0,2000-01-01,0,3840,-3.23900008,50.86000061,nearest,9.66925049
0,2000-01-01,0,3844,-3.40459991,50.73659897,nearest,-5.64019775
0,2000-01-01,0,3853,-2.64000010,51.00600052,nearest,1.09990692
0,2000-01-01,0,3857,-2.45400000,50.52199936,nearest,30.52980804
0,2000-01-01,0,3858,-2.44899988,50.56499863,nearest,3.00000000
0,2000-01-01,0,3862,-1.83500004,50.77899933,nearest,-4.98212910
0,2000-01-01,0,3865,-1.40300000,50.90100098,nearest,15.61365128
0,2000-01-01,0,3866,-1.29700005,50.57699966,nearest,-67.91977692
0,2000-01-01,0,3872,-0.92299998,50.81499863,nearest,4.00000000
0,2000-01-01,0,3874,-1.20799994,50.80699921,nearest,1.76877642
0,2000-01-01,0,3876,-0.29200000,50.83599854,nearest,-11.18501472
0,2000-01-01,0,3882,0.31900001,50.88999939,nearest,9.17325592
0,2000-01-01,0,3894,-2.59999990,49.43999863,nearest,30.76596832
0,2000-01-01,0,3895,-2.19549990,49.20790100,nearest,5.55027771
0,2000-01-01,0,3896,-2.09999990,49.20000076,nearest,-16.00137329
0,2000-01-01,0,3901,-7.59410000,54.32949829,nearest,12.08744431
0,2000-01-01,0,3903,-7.65000010,54.40000153,nearest,-11.22045135
0,2000-01-01,0,3904,-7.57700014,54.70700073,nearest,-19.23183441
0,2000-01-01,0,3907,-6.94920015,55.16040039,nearest,2.81586075
0,2000-01-01,0,3908,-7.00799990,55.05699921,nearest,1.27279902
0,2000-01-01,0,3911,-6.81400013,54.72100067,nearest,-34.59814453
0,2000-01-01,0,3914,-6.65500021,55.20800018,nearest,8.00000000
0,2000-01-01,0,3915,-6.45699978,54.86500168,nearest,-29.49626160
0,2000-01-01,0,3916,-6.15299988,55.18099976,nearest,-36.15794373
0,2000-01-01,0,3917,-6.22399998,54.66400146,nearest,6.47409058
0,2000-01-01,0,3923,-6.50199986,54.23699951,nearest,63.12474060
0,2000-01-01,0,3927,-5.66699982,54.66400146,nearest,8.67967606
0,2000-01-01,0,3928,-5.82999992,54.85200119,nearest,-7.37572861
0,2000-01-01,0,3930,-2.55929995,51.55139923,nearest,7.51435852
0,2000-01-01,0,3931,1.16400003,52.45619965,nearest,4.57825851
0,2000-01-01,0,3952,-8.25000000,51.79899979,nearest,10.10383034
0,2000-01-01,0,3953,-10.25000000,51.93299866,nearest,-20.83653641
0,2000-01-01,0,3955,-8.49110031,51.84130096,nearest,66.49797058
0,2000-01-01,0,3956,-6.50000000,52.29999924,nearest,0.00000000
0,2000-01-01,0,3957,-6.33300018,52.25000000,nearest,23.00000000
0,2000-01-01,0,3958,-8.27519989,52.13800049,nearest,-23.95976257
0,2000-01-01,0,3960,-7.26599979,52.66600037,nearest,3.30088425
0,2000-01-01,0,3961,-6.91699982,52.86700058,nearest,7.92958069
0,2000-01-01,0,3962,-8.91600037,52.69900131,nearest,10.93409252
0,2000-01-01,0,3965,-7.88299990,53.08300018,nearest,7.96141815
0,2000-01-01,0,3967,-6.43889999,53.30559921,nearest,26.98650360
0,2000-01-01,0,3969,-6.25000000,53.43299866,nearest,28.88494492
0,2000-01-01,0,3970,-8.98299980,53.71599960,nearest,-2.67845154
0,2000-01-01,0,3971,-7.36600018,53.53300095,nearest,1.55309296
0,2000-01-01,0,3973,-8.81700039,53.90000153,nearest,44.99104309
0,2000-01-01,0,3974,-7.23299980,54.18299866,nearest,25.52957535
0,2000-01-01,0,3976,-10.00100040,54.23300171,nearest,-5.06369495
0,2000-01-01,0,3978,-8.23299980,54.50000000,nearest,4.70074463
0,2000-01-01,0,3979,-7.31699991,54.04999924,nearest,0.00000000
0,2000-01-01,0,3980,-7.33300018,55.36600113,nearest,9.27402687
0,2000-01-01,0,3982,-6.33330011,53.36389923,nearest,-0.49545670
0,2000-01-01,0,3985,-8.74870014,53.29869843,nearest,-5.21781158
0,2000-01-01,0,6030,9.84920025,57.09280014,nearest,-0.75910544
0,2000-01-01,0,6043,10.51700020,57.40000153,nearest,83.00000000
0,2000-01-01,0,6060,9.11670017,56.29999924,nearest,19.11442947
0,2000-01-01,0,6070,10.61699963,56.29999924,nearest,3.05310822
0,2000-01-01,0,6080,8.55340004,55.52590179,nearest,9.75698853
0,2000-01-01,0,6081,8.08329964,55.54999924,nearest,19.66517830
0,2000-01-01,0,6120,10.33300018,55.48300171,nearest,1.12072563
0,2000-01-01,0,6210,4.41699982,52.18299866,nearest,2.00000000
0,2000-01-01,0,6235,4.78299999,52.91699982,nearest,14.00000000
0,2000-01-01,0,6239,4.69610023,54.85390091,nearest,23.00000000
0,2000-01-01,0,6240,4.76700020,52.29999924,nearest,-4.00000000
0,2000-01-01,0,6242,4.90500021,53.23500061,nearest,10.80541611
0,2000-01-01,0,6251,5.34999990,53.38999939,nearest,0.29613286
0,2000-01-01,0,6252,3.22029996,53.21780014,nearest,30.00000000
0,2000-01-01,0,6260,5.18300009,52.09999847,nearest,-4.15429449
0,2000-01-01,0,6269,5.53299999,52.45000076,nearest,-4.00000000
0,2000-01-01,0,6270,5.76700020,53.21699905,nearest,1.00000000
0,2000-01-01,0,6275,5.87220001,52.05500031,nearest,2.85267639
0,2000-01-01,0,6279,6.46670008,52.71670151,nearest,-0.83294010
0,2000-01-01,0,6280,6.58300018,53.13299942,nearest,1.04711020
0,2000-01-01,0,6290,6.90000010,52.26699829,nearest,6.14989471
0,2000-01-01,0,6310,3.59999990,51.45000076,nearest,10.00000000
0,2000-01-01,0,6321,3.27500010,51.99779892,nearest,17.00000000
0,2000-01-01,0,6344,4.43720007,51.95959854,nearest,-5.00000000
0,2000-01-01,0,6370,5.41699982,51.45000076,nearest,0.73876381
0,2000-01-01,0,6380,5.78299999,50.91699982,nearest,8.94676971
0,2000-01-01,0,6407,2.87400007,51.19979858,nearest,1.87800097
0,2000-01-01,0,6408,2.91669989,51.23329926,nearest,6.67055464
0,2000-01-01,0,6432,3.83299994,50.56700134,nearest,3.74348831
0,2000-01-01,0,6447,4.34999990,50.79999924,nearest,16.24444580
0,2000-01-01,0,6449,4.44999981,50.46699905,nearest,21.69053650
0,2000-01-01,0,6450,4.46700001,51.20000076,nearest,5.65627956
0,2000-01-01,0,6451,4.53299999,50.90000153,nearest,34.07315445
0,2000-01-01,0,6456,4.65000010,50.23300171,nearest,1.10089111
0,2000-01-01,0,6476,5.40000010,50.03300095,nearest,25.64709473
0,2000-01-01,0,6490,5.91699982,50.48300171,nearest,73.29370117
0,2000-01-01,0,6496,6.18300009,50.46699905,nearest,-13.38592529
0,2000-01-01,0,6590,6.21600008,49.61600113,nearest,16.40441895
0,2000-01-01,0,6660,8.56700039,47.38299942,nearest,1.04119873
0,2000-01-01,0,6670,8.54920006,47.46469879,nearest,-84.53027344
0,2000-01-01,0,6680,9.34360027,47.24940109,nearest,858.02551270
0,2000-01-01,0,6700,6.13299990,46.25000000,nearest,9.82144165
0,2000-01-01,0,6712,6.91669989,46.33330154,nearest,-1.31048584
0,2000-01-01,0,6720,7.33099985,46.22000122,nearest,-243.45690918
0,2000-01-01,0,6730,7.98330021,46.54999924,nearest,692.38964844
0,2000-01-01,0,6748,7.75000000,46.03300095,nearest,-974.03613281
0,2000-01-01,0,6760,8.77999973,46.16999817,nearest,-326.65075684
0,2000-01-01,0,7002,1.60000002,50.73329926,nearest,7.86920166
0,2000-01-01,0,7005,1.83299994,50.13299942,nearest,9.91693878
0,2000-01-01,0,7015,3.08940005,50.56190109,nearest,4.95896912
0,2000-01-01,0,7020,-1.93299997,49.71699905,nearest,7.00000000
0,2000-01-01,0,7028,0.06670000,49.51670074,nearest,45.89823914
0,2000-01-01,0,7037,1.18299997,49.38299942,nearest,16.65179443
0,2000-01-01,0,7070,4.05000019,49.31000137,nearest,6.14646149
0,2000-01-01,0,7110,-4.41599989,48.44900131,nearest,9.39444733
0,2000-01-01,0,7127,-1.85000002,48.72000122,nearest,40.00000000
0,2000-01-01,0,7130,-1.73479998,48.06949997,nearest,4.93005371
0,2000-01-01,0,7145,2.00920010,48.77330017,nearest,1.22555542
0,2000-01-01,0,7149,2.39299989,48.71699905,nearest,13.24766541
0,2000-01-01,0,7150,2.43799996,48.96469879,nearest,11.68104935
0,2000-01-01,0,7157,2.54999995,49.01279831,nearest,8.03419495
0,2000-01-01,0,7190,7.62820005,48.53829956,nearest,7.98866272
0,2000-01-01,0,7222,-1.60000002,47.16669846,nearest,9.59490967
0,2000-01-01,0,7249,1.75000000,47.98300171,nearest,4.84171295
0,2000-01-01,0,7280,5.09000015,47.26890182,nearest,0.23234558
0,2000-01-01,0,7299,7.52990007,47.58959961,nearest,24.99534607
0,2000-01-01,0,7306,-1.37909997,46.70000076,nearest,13.26222229
0,2000-01-01,0,7314,-1.41700006,46.04999924,nearest,22.00000000
0,2000-01-01,0,7354,1.73070002,46.86220169,nearest,3.10137939
0,2000-01-01,0,7412,-0.31700000,45.66699982,nearest,1.65312195
0,2000-01-01,0,7434,1.17939997,45.86280060,nearest,-0.25817871
0,2000-01-01,0,7460,3.16919994,45.78670120,nearest,10.29748535
0,2000-01-01,0,7475,4.29640007,45.54059982,nearest,4.37283325
0,2000-01-01,0,7480,4.93779993,45.72610092,nearest,1.05903625
0,2000-01-01,0,7481,5.09079981,45.72639847,nearest,6.85047913
0,2000-01-01,0,7486,5.33330011,45.36669922,nearest,-20.64947510
0,2000-01-01,0,7491,5.86670017,45.63330078,nearest,-22.35092163
0,2000-01-01,0,10004,6.34999990,54.16669846,nearest,0.00000000
0,2000-01-01,0,10015,7.89309978,54.17639923,nearest,8.00000000
0,2000-01-01,0,10020,8.41250038,55.01250076,nearest,21.14046288
0,2000-01-01,0,10046,10.14999962,54.34999847,nearest,31.00000000
0,2000-01-01,0,10055,11.09000015,54.52999878,nearest,1.00000000
0,2000-01-01,0,10142,9.34000015,53.59379959,nearest,18.09247780
0,2000-01-01,0,10147,9.98820019,53.63040161,nearest,-3.90174294
0,2000-01-01,0,10156,10.69999981,53.81700134,nearest,2.34591866
0,2000-01-01,0,10224,8.80000019,53.04999924,nearest,-0.65275812
0,2000-01-01,0,10238,9.93299961,52.81700134,nearest,-5.84178162
0,2000-01-01,0,10253,11.13920021,52.97389984,nearest,4.05052567
0,2000-01-01,0,10314,7.53299999,52.33300018,nearest,1.32566071
0,2000-01-01,0,10315,7.68480015,52.13460159,nearest,-1.17303848
0,2000-01-01,0,10320,8.31700039,51.93299866,nearest,1.69927979
0,2000-01-01,0,10338,9.68509960,52.46110153,nearest,5.56266403
0,2000-01-01,0,10400,6.76870012,51.29600143,nearest,6.67525482
0,2000-01-01,0,10401,6.13299990,51.20000076,nearest,1.16194153
0,2000-01-01,0,10405,6.13299990,51.59999847,nearest,10.11788368
0,2000-01-01,0,10410,6.96600008,51.39899826,nearest,22.14035034
0,2000-01-01,0,10506,6.87029982,50.36109924,nearest,35.16177368
0,2000-01-01,0,10513,7.14270020,50.86589813,nearest,12.70465088
0,2000-01-01,0,10607,6.69999981,49.84170151,nearest,71.67044067
0,2000-01-01,0,10614,7.59999990,49.43669891,nearest,-14.29302979
0,2000-01-01,0,10616,7.26389980,49.94869995,nearest,77.08868408
0,2000-01-01,0,10635,8.44999981,50.21699905,nearest,97.47717285
0,2000-01-01,0,10637,8.60000038,50.04999924,nearest,-3.05982208
0,2000-01-01,0,10648,9.10000038,49.71699905,nearest,64.16821289
0,2000-01-01,0,10708,7.11700010,49.21699905,nearest,-18.61425781
0,2000-01-01,0,10727,8.36670017,49.03329849,nearest,35.76875305
0,2000-01-01,0,10738,9.23299980,48.68299866,nearest,12.72760010
0,2000-01-01,0,10739,9.19999981,48.83330154,nearest,45.09155273
0,2000-01-01,0,16066,8.72809982,45.63059998,nearest,5.03779602
0,2000-01-01,0,16080,9.27670002,45.44509888,nearest,2.26377869
0,2000-01-01,0,99001,-3.48300004,50.40000153,nearest,58.00000000
0,2000-01-01,0,99003,-4.73299980,58.16699982,nearest,-8.44200897
0,2000-01-01,0,99005,-4.23299980,56.93299866,nearest,-17.06161499
0,2000-01-01,0,99006,-5.43300009,56.45000076,nearest,-4.51497984
0,2000-01-01,0,99008,0.44999999,51.28300095,nearest,14.40614510
0,2000-01-01,0,99010,-2.38299990,57.45000076,nearest,-45.67837524
0,2000-01-01,0,99014,-6.09999990,54.29999924,nearest,-99.10601807
0,2000-01-01,0,99015,-6.18300009,54.06700134,nearest,-44.01817703
0,2000-01-01,0,99016,-3.91700006,58.23300171,nearest,-100.70520020
0,2000-01-01,0,99017,-1.58299994,50.66299820,nearest,80.00000000
0,2000-01-01,0,99018,-5.58300018,54.66699982,nearest,34.00000000
0,2000-01-01,0,99019,-4.36700010,54.41699982,nearest,9.00000000
0,2000-01-01,0,99020,-4.65000010,56.41699982,nearest,-267.09277344
0,2000-01-01,0,99021,-2.51699996,53.61700058,nearest,87.66784668
0,2000-01-01,0,99024,-3.86700010,55.86700058,nearest,47.51152039
0,2000-01-01,0,99025,-1.25000000,52.83300018,nearest,5.15608215
0,2000-01-01,0,99028,-1.93369997,52.47510147,nearest,13.49559021
0,2000-01-01,0,99029,-2.25139999,53.46670151,nearest,-3.39081955
0,2000-01-01,0,99038,-2.16720009,51.89419937,nearest,6.37132072
0,2000-01-01,0,99040,-1.78550005,53.64559937,nearest,21.12046051
0,2000-01-01,0,99044,-1.48300004,53.38299942,nearest,40.08434296
0,2000-01-01,0,99049,-1.58299994,54.76699829,nearest,41.69696426
0,2000-01-01,0,99053,-1.42519999,55.01729965,nearest,14.69661522
0,2000-01-01,0,99055,-2.98300004,53.36700058,nearest,17.03510666
0,2000-01-01,0,99057,-0.60000002,52.01699829,nearest,-0.84317780
0,2000-01-01,0,99058,-0.34999999,51.79999924,nearest,13.08246613
0,2000-01-01,0,99059,-2.04999995,52.09999847,nearest,14.64616013
0,2000-01-01,0,99060,-2.46700001,53.84999847,nearest,17.91915131
0,2000-01-01,0,99062,-1.92620003,52.45600128,nearest,14.86478424
0,2000-01-01,0,99063,-2.18300009,53.59999847,nearest,-45.70358276
0,2000-01-01,0,99068,-2.43300009,52.76699829,nearest,1.31870270
0,2000-01-01,0,99069,-1.68499994,55.21500015,nearest,-76.30517578
0,2000-01-01,0,99070,-1.53299999,52.41699982,nearest,10.83487701
0,2000-01-01,0,99077,-1.33299994,53.86700058,nearest,15.32946396
0,2000-01-01,0,99078,-0.23300000,52.40000153,nearest,18.89974213
0,2000-01-01,0,99079,-1.39419997,50.89250183,nearest,20.45521927
0,2000-01-01,0,99080,-0.46700001,51.31700134,nearest,4.12866974
0,2000-01-01,0,99081,-3.90000010,50.76699829,nearest,17.40841675
0,2000-01-01,0,99085,-3.47399998,50.72700119,nearest,3.40351295
0,2000-01-01,0,99086,-5.75000000,54.66699982,nearest,16.06294060
0,2000-01-01,0,99088,-4.56500006,55.47700119,nearest,7.50880051
0,2000-01-01,0,99089,-3.39599991,57.01100159,nearest,-153.94540405
0,2000-01-01,0,99090,-3.95000005,54.92499924,nearest,14.38166428
0,2000-01-01,0,99092,-5.30800009,57.61299896,nearest,-381.62457275
0,2000-01-01,0,99093,-2.26999998,52.99000168,nearest,31.31004333
0,2000-01-01,0,99094,-3.97799993,50.70199966,nearest,35.28674316
0,2000-01-01,0,99095,-0.28999999,51.48199844,nearest,-7.80071354
0,2000-01-01,0,99098,1.26699996,52.66699982,nearest,2.80414200
0,2000-01-01,0,99099,-0.44900000,51.47900009,nearest,-5.31810379
0,2000-01-01,0,99102,-0.66399997,51.49300003,nearest,-1.30118752
0,2000-01-01,0,99107,-1.48300004,53.38299942,nearest,25.08434296
0,2000-01-01,0,99113,-2.70300007,53.77399826,nearest,-3.69446564
0,2000-01-01,0,99114,-5.82800007,54.60300064,nearest,-104.74272156
0,2000-01-01,0,99115,-0.87900001,52.27299881,nearest,19.06629944
0,2000-01-01,0,99116,-0.64099997,54.10499954,nearest,54.32509613
0,2000-01-01,0,99117,-5.18400002,57.15599823,nearest,-125.46417236
0,2000-01-01,0,99118,0.67400002,52.45899963,nearest,-28.51925659
0,2000-01-01,0,99119,-0.84899998,51.17800140,nearest,24.86811829
0,2000-01-01,0,99121,-6.25400019,55.04800034,nearest,-51.42617798
0,2000-01-01,0,99122,1.29600000,52.93299866,nearest,37.00000000
0,2000-01-01,0,99123,0.10300000,52.24499893,nearest,15.97987938
0,2000-01-01,0,99124,0.56900001,52.25999832,nearest,17.86648560
0,2000-01-01,0,99125,-4.37200022,57.46099854,nearest,35.49938965
0,2000-01-01,0,99126,0.46200001,51.07699966,nearest,5.47912598
0,2000-01-01,0,99127,0.43200001,51.73300171,nearest,-3.69405746
0,2000-01-01,0,99128,-2.21900010,51.60599899,nearest,-3.33930969
0,2000-01-01,0,99129,-2.51699996,55.35800171,nearest,15.94180298
0,2000-01-01,0,99130,-5.82999992,54.24499893,nearest,0.11916542
0,2000-01-01,0,99131,-6.96600008,54.88499832,nearest,100.38966370
0,2000-01-01,0,99132,-4.48400021,57.32899857,nearest,-103.73263550
0,2000-01-01,0,99133,-2.21300006,57.18700027,nearest,33.97847748
0,2000-01-01,0,99134,-4.22599983,55.60100174,nearest,-9.11648560
0,2000-01-01,0,99135,-4.90999985,55.74800110,nearest,-50.20582962
0,2000-01-01,0,99136,0.65600002,52.82400131,nearest,-2.61379242
0,2000-01-01,0,99137,-3.45799994,54.64899826,nearest,-6.73815918
0,2000-01-01,0,99138,-3.26699996,51.78300095,nearest,-53.32995605
0,2000-01-01,0,99139,-0.17800000,51.56000137,nearest,47.17560577
0,2000-01-01,0,99141,-1.95299995,51.94800186,nearest,-16.44242859
0,2000-01-01,0,99142,-0.42100000,54.27299881,nearest,80.15188599
0,2000-01-01,0,99143,-3.07900000,54.61999893,nearest,-85.24508667
0,2000-01-01,0,99144,-7.56099987,54.18899918,nearest,3.09637451
0,2000-01-01,0,99145,-3.21900010,57.03749847,nearest,-96.48974609
0,2000-01-01,0,99146,-1.93299997,52.25000000,nearest,8.18992615
0,2000-01-01,0,99147,-5.65000010,54.56700134,nearest,-25.73724937
0,2000-01-01,0,99148,1.28299999,52.16699982,nearest,8.66400528
0,2000-01-01,0,99149,-1.63300002,52.73300171,nearest,10.59061432
0,2000-01-01,0,99150,-4.01700020,52.43299866,nearest,-41.30666351
0,2000-01-01,0,99151,-0.88300002,53.40000153,nearest,34.30339050
0,2000-01-01,0,99152,-2.78299999,54.66699982,nearest,-2.58540344
0,2000-01-01,0,99153,-5.01700020,58.06700134,nearest,-124.31094360
0,2000-01-01,0,99154,0.03300000,51.06700134,nearest,61.68612671
0,2000-01-01,0,99155,-2.43300009,52.78300095,nearest,-10.52748108
0,2000-01-01,0,99157,-1.33299994,51.00000000,nearest,-1.22086334
0,2000-01-01,0,99158,-1.39999998,52.61700058,nearest,14.83706665
0,2000-01-01,0,99159,-1.95879996,50.61360168,nearest,-52.09604645
0,2000-01-01,0,99160,-3.18300009,51.48300171,nearest,-13.55543327
0,2000-01-01,0,99161,0.63300002,52.08300018,nearest,-16.79956818
0,2000-01-01,0,99162,-1.39999998,53.63299942,nearest,15.91245270
0,2000-01-01,0,99163,-4.15000010,52.91699982,nearest,-0.61046743
0,2000-01-01,0,99164,-2.95000005,52.58300018,nearest,-21.51660156
0,2000-01-01,0,99166,-1.39999998,52.00000000,nearest,-18.50705719
0,2000-01-01,0,99167,-2.10130000,54.30830002,nearest,-77.29904175
0,2000-01-01,0,99168,-6.90000010,57.78300095,nearest,-36.18120575
0,2000-01-01,0,99169,-2.76699996,53.84999847,nearest,-3.25344658
0,2000-01-01,0,99170,-3.45029998,52.21530151,nearest,-22.51744080
0,2000-01-01,0,99171,-1.76699996,53.81700134,nearest,17.79164886
0,2000-01-01,0,99172,-2.78299999,54.26699829,nearest,-52.63084793
0,2000-01-01,0,99173,-1.78299999,54.46699905,nearest,-31.84533691
0,2000-01-01,0,99174,-4.68300009,51.98300171,nearest,-10.71951294
0,2000-01-01,0,99175,-6.00000000,54.81700134,nearest,-32.79745483
0,2000-01-01,0,99176,-2.91700006,51.71699905,nearest,-70.07645416
0,2000-01-01,0,99177,-1.76699996,54.06700134,nearest,85.76824951
0,2000-01-01,0,99178,-0.64999998,53.63299942,nearest,12.87887192
0,2000-01-01,0,99179,-2.51699996,53.08300018,nearest,-1.06182098
0,2000-01-01,0,99180,-3.21700001,55.96699905,nearest,25.30137825
0,2000-01-01,0,99182,0.60000002,51.13299942,nearest,15.02801704
0,2000-01-01,0,99183,-0.93300003,51.43299866,nearest,11.58255005
0,2000-01-01,0,99184,-4.91699982,51.86700058,nearest,-44.36943817
0,2000-01-01,0,99185,-0.41700000,50.93299866,nearest,-14.35080338
0,2000-01-01,0,99186,-2.57900000,55.23400116,nearest,-167.80590820
0,2000-01-01,0,99187,-2.84999990,54.08300018,nearest,7.00000000
0,2000-01-01,0,99188,-6.51700020,55.23300171,nearest,71.85044098
0,2000-01-01,0,99189,-1.60000002,52.20000076,nearest,-5.45454025
0,2000-01-01,0,99190,-4.54479980,50.82799911,nearest,-47.69268036
0,2000-01-01,0,99191,-5.37349987,57.18159866,nearest,-381.49133301
0,2000-01-01,0,99192,-1.01699996,52.04999924,nearest,2.63969421
0,2000-01-01,0,99193,-4.95739985,54.74280167,nearest,8.08309364
0,2000-01-01,0,99194,-3.91470003,52.27159882,nearest,-173.96595764
0,2000-01-01,0,99195,-3.48300004,51.91669846,nearest,-23.65502930
0,2000-01-01,0,99196,-1.91680002,55.52989960,nearest,10.47353363
0,2000-01-01,0,99197,-0.38299999,51.41699982,nearest,-4.58224487
0,2000-01-01,0,99198,-1.54999995,51.51699829,nearest,-23.84158325
0,2000-01-01,0,99200,-4.30679989,55.90269852,nearest,-4.46733856
0,2000-01-01,0,99201,-3.98099995,51.60699844,nearest,-3.49894333
0,2000-01-01,0,99203,-0.00900000,51.53400040,nearest,-3.32075882
0,2000-01-01,0,99204,-0.01700000,51.54199982,nearest,8.99906063
0,2000-01-01,0,99205,-0.76700002,52.04999924,nearest,22.86560059
0,2000-01-01,0,99206,-1.59899998,53.80799866,nearest,11.35831451
0,2000-01-01,0,99207,-2.58570004,51.91120148,nearest,3.42774963
0,2000-01-01,0,99208,-2.21210003,53.44369888,nearest,-12.86993027
0,2000-01-01,0,99209,-1.90489995,52.48049927,nearest,7.67881775
0,2000-01-01,0,99212,-1.16700006,50.83300018,nearest,-6.93584156
0,2000-01-01,0,99213,-0.36700001,53.75000000,nearest,-0.88737392
0,2000-01-01,0,99214,-0.30000001,53.76699829,nearest,-0.46162915
0,2000-01-01,0,99220,1.16400003,52.45619965,nearest,4.57825851
0,2000-01-01,0,99223,-2.55929995,51.55139923,nearest,7.51435852
0,2000-01-01,0,99430,-0.34040001,51.42309952,nearest,-2.62226868
0,2000-01-01,0,99557,-2.16700006,54.09999847,nearest,-36.58755493
0,2000-01-01,0,99578,-2.55679989,53.60789871,nearest,-87.06295776
0,2000-01-01,0,99674,-0.85000002,51.11700058,nearest,-13.15151215
0,2000-01-01,0,1,0.69559997,51.57139969,nearest_land,4.79334068
0,2000-01-01,0,2,-0.36829999,51.87440109,nearest_land,4.86566162
0,2000-01-01,0,3,-1.35669994,50.95029831,nearest_land,-5.09053230
0,2000-01-01,0,4,0.02950000,51.32149887,nearest_land,16.85731506
0,2000-01-01,0,5,0.05800000,51.50479889,nearest_land,1.35948253
0,2000-01-01,0,6,0.93919998,50.95610046,nearest_land,2.00000000
0,2000-01-01,0,7,-0.62669998,52.07030106,nearest_land,5.32687378
0,2000-01-01,0,8,-5.87699986,54.61299896,nearest_land,-2.32354641
0,2000-01-01,0,9,-1.74810004,52.45389938,nearest_land,-0.14728546
0,2000-01-01,0,11,-2.71919990,51.38280106,nearest_land,19.01957703
0,2000-01-01,0,12,0.17500000,52.20500183,nearest_land,3.01891899
0,2000-01-01,0,14,-2.80920005,54.93750000,nearest_land,-3.30914307
0,2000-01-01,0,15,-2.30559993,52.63999939,nearest_land,-9.45504761
0,2000-01-01,0,17,-3.02579999,56.45249939,nearest_land,-92.47827911
0,2000-01-01,0,18,-1.32669997,52.83110046,nearest_land,33.07199478
0,2000-01-01,0,19,-3.41389990,50.73440170,nearest_land,-3.84323120
0,2000-01-01,0,22,-0.34720001,53.57970047,nearest_land,-1.94013405
0,2000-01-01,0,23,-4.04750013,57.54240036,nearest_land,-4.26212883
0,2000-01-01,0,24,0.56110001,52.40940094,nearest_land,0.34041405
0,2000-01-01,0,25,-1.66059995,53.86579895,nearest_land,24.06791687
0,2000-01-01,0,26,-2.84999990,53.33359909,nearest_land,-4.95308113
0,2000-01-01,0,28,0.48830000,52.36080170,nearest_land,21.55005074
0,2000-01-01,0,29,-1.69169998,55.03749847,nearest_land,11.11922073
0,2000-01-01,0,30,1.28279996,52.67610168,nearest_land,16.69975281
0,2000-01-01,0,32,-4.58669996,55.50780106,nearest_land,-22.18515015
0,2000-01-01,0,33,-1.29920006,60.43220139,nearest_land,-2.96711159
0,2000-01-01,0,34,-1.38859999,53.39440155,nearest_land,20.75321579
0,2000-01-01,0,37,-1.42349994,54.51250076,nearest_land,2.26988602
0,2000-01-01,0,50,-0.12000000,52.34999847,nearest_land,3.94712448
0,2000-01-01,0,51,-2.16000009,55.25000000,nearest_land,-74.54083252
0,2000-01-01,0,52,-4.87209988,58.61750031,nearest_land,-3.27259064
0,2000-01-01,0,53,-2.28640008,51.43920135,nearest_land,21.38525391
0,2000-01-01,0,63,-4.32999992,53.09999847,nearest_land,2.51634073
0,2000-01-01,0,69,-5.23000002,50.00000000,nearest_land,0.00000000
0,2000-01-01,0,98,-2.88540006,53.74459839,nearest_land,-2.03210640
0,2000-01-01,0,111,1.72000003,52.63000107,nearest_land,-0.79295278
0,2000-01-01,0,127,-1.32040000,51.83560181,nearest_land,11.06638336
0,2000-01-01,0,134,-1.77999997,51.68000031,nearest_land,2.25489807
0,2000-01-01,0,139,-0.73710001,51.79119873,nearest_land,11.27317047
0,2000-01-01,0,201,-3.23289990,54.10639954,nearest_land,-12.28446007
0,2000-01-01,0,203,-4.94589996,56.28239822,nearest_land,21.23123169
0,2000-01-01,0,204,-0.22480001,52.72639847,nearest_land,-0.30857968
0,2000-01-01,0,205,-0.10620000,52.50410080,nearest_land,2.00000000
0,2000-01-01,0,206,0.10820000,52.83789825,nearest_land,0.00000000
0,2000-01-01,0,207,-0.02400000,52.43470001,nearest_land,1.00000000
0,2000-01-01,0,208,-4.85449982,57.13069916,nearest_land,120.29473877
0,2000-01-01,0,209,-4.13000011,58.04999924,nearest_land,-111.94915771
0,2000-01-01,0,210,-1.37860000,54.66429901,nearest_land,-8.64608002
0,2000-01-01,0,211,-2.83010006,55.67060089,nearest_land,14.06607056
0,2000-01-01,0,212,-1.75950003,54.74380112,nearest_land,36.78617859
0,2000-01-01,0,213,-2.51620007,55.90069962,nearest_land,3.27893066
0,2000-01-01,0,216,-4.81160021,55.68460083,nearest_land,59.40899658
0,2000-01-01,0,217,-0.64260000,53.62699890,nearest_land,-6.12112808
0,2000-01-01,0,220,1.66719997,52.71260071,nearest_land,18.25811768
0,2000-01-01,0,222,-3.60019994,52.54940033,nearest_land,52.76303101
0,2000-01-01,0,223,-5.55870008,55.63779831,nearest_land,131.80342102
0,2000-01-01,0,224,-1.30159998,54.69319916,nearest_land,22.94998932
0,2000-01-01,0,225,-1.68460000,54.84700012,nearest_land,34.46406555
0,2000-01-01,0,226,-3.57399988,54.59460068,nearest_land,-22.13230133
0,2000-01-01,0,228,-5.09399986,54.87549973,nearest_land,12.22436523
0,2000-01-01,0,229,0.10190000,53.66880035,nearest_land,25.00000000
0,2000-01-01,0,230,-1.93770003,53.78160095,nearest_land,88.89227295
0,2000-01-01,0,231,-3.48000002,57.45000076,nearest_land,23.06820679
0,2000-01-01,0,232,-3.03180003,53.45809937,nearest_land,-16.71836472
0,2000-01-01,0,233,-3.87879992,52.40940094,nearest_land,44.31311035
0,2000-01-01,0,234,-4.40939999,53.40719986,nearest_land,26.97398376
0,2000-01-01,0,235,-3.68330002,54.75000000,nearest_land,0.00000000
0,2000-01-01,0,237,-1.68789995,53.53789902,nearest_land,52.39865112
0,2000-01-01,0,238,1.78690004,52.64250183,nearest_land,0.00000000
0,2000-01-01,0,240,0.14810000,52.58000183,nearest_land,-0.02599561
0,2000-01-01,0,242,-1.80239999,54.75830078,nearest_land,15.23431396
0,2000-01-01,0,243,-4.22370005,57.47790146,nearest_land,11.82576275
0,2000-01-01,0,244,-4.25890017,55.86370087,nearest_land,-13.10433578
0,2000-01-01,0,245,-1.59700000,54.97700119,nearest_land,10.19039154
0,2000-01-01,0,246,-5.87699986,54.61299896,nearest_land,-2.32354641
0,2000-01-01,0,247,-1.89649999,52.47969818,nearest_land,20.69611359
0,2000-01-01,0,248,-2.24110007,53.47629929,nearest_land,-18.02591324
0,2000-01-01,0,249,-2.58969998,51.45370102,nearest_land,-11.87923622
0,2000-01-01,0,250,-0.10800000,51.52099991,nearest_land,-21.80632210
0,2000-01-01,0,251,-3.52999997,50.72190094,nearest_land,-41.64622498
0,2000-01-01,0,253,-5.57800007,55.57120132,nearest_land,-5.35324097
0,2000-01-01,0,254,-4.12430000,55.36460114,nearest_land,128.31466675
0,2000-01-01,0,255,-5.15689993,56.03179932,nearest_land,122.06373596
0,2000-01-01,0,256,-2.85150003,55.80599976,nearest_land,26.16378784
0,2000-01-01,0,257,-3.92059994,55.55459976,nearest_land,128.81304932
0,2000-01-01,0,258,-6.10340023,54.80599976,nearest_land,97.69308472
0,2000-01-01,0,259,-6.81820011,55.01739883,nearest_land,65.05130005
0,2000-01-01,0,260,-2.15479994,53.75030136,nearest_land,36.83724976
0,2000-01-01,0,261,-5.03380013,50.35200119,nearest_land,63.44845581
0,2000-01-01,0,262,-6.25629997,55.02989960,nearest_land,77.17565918
0,2000-01-01,0,263,-8.01469994,54.43849945,nearest_land,60.23655701
0,2000-01-01,0,264,-3.75149989,55.77000046,nearest_land,12.52734375
0,2000-01-01,0,265,-4.33220005,57.80170059,nearest_land,115.02331543
0,2000-01-01,0,266,-3.66350007,56.24489975,nearest_land,81.25259399
0,2000-01-01,0,267,0.15140000,52.58610153,nearest_land,0.97400439
0,2000-01-01,0,268,-4.24490023,55.68569946,nearest_land,-0.36468506
0,2000-01-01,0,269,-4.05859995,55.22249985,nearest_land,88.85287476
0,2000-01-01,0,270,-7.98880005,54.70009995,nearest_land,111.49694824
0,2000-01-01,0,271,-3.41939998,52.45159912,nearest_land,83.90750122
0,2000-01-01,0,272,-5.27220011,56.38299942,nearest_land,73.55450439
0,2000-01-01,0,273,-6.45499992,57.42900085,nearest_land,68.82118225
0,2000-01-01,0,274,-3.44330001,58.29999924,nearest_land,-12.64247131
0,2000-01-01,0,275,-2.63700008,57.66099930,nearest_land,61.05603790
0,2000-01-01,0,276,-4.06479979,56.26350021,nearest_land,-49.46084595
0,2000-01-01,0,277,-3.37129998,57.53720093,nearest_land,106.61273193
0,2000-01-01,0,278,-3.45679998,58.42940140,nearest_land,0.73322296
0,2000-01-01,0,279,-3.75079989,52.40499878,nearest_land,80.47158813
0,2000-01-01,0,280,-3.65919995,55.18629837,nearest_land,5.62356567
0,2000-01-01,0,281,-3.35630012,56.67940140,nearest_land,-21.29278564
0,2000-01-01,0,282,-4.10220003,56.07540131,nearest_land,3.14257812
0,2000-01-01,0,283,-4.09410000,57.32500076,nearest_land,11.05847168
0,2000-01-01,0,284,-2.64429998,57.41189957,nearest_land,46.05862427
0,2000-01-01,0,285,-4.72300005,55.24580002,nearest_land,-18.41526794
0,2000-01-01,0,286,-2.69300008,57.45019913,nearest_land,14.09648132
0,2000-01-01,0,287,-3.21630001,55.11270142,nearest_land,35.30760193
0,2000-01-01,0,288,-2.68939996,59.18960190,nearest_land,12.33185005
0,2000-01-01,0,289,-5.67910004,55.49380112,nearest_land,-29.18190002
0,2000-01-01,0,294,-7.02440023,54.96319962,nearest_land,18.09024048
0,2000-01-01,0,301,-7.61670017,54.15850067,nearest_land,110.39056396
0,2000-01-01,0,303,-7.11269999,54.50270081,nearest_land,48.89553833
0,2000-01-01,0,307,-4.88299990,57.71699905,nearest_land,13.30963135
0,2000-01-01,0,311,-4.02169991,52.30469894,nearest_land,77.86074829
0,2000-01-01,0,313,-1.41639996,54.76290131,nearest_land,20.44616699
0,2000-01-01,0,314,-3.17759991,54.18830109,nearest_land,-25.44223022
0,2000-01-01,0,315,-3.13240004,55.71070099,nearest_land,47.20849609
0,2000-01-01,0,316,-3.55520010,54.65560150,nearest_land,2.58995008
0,2000-01-01,0,317,-3.54299998,54.67480087,nearest_land,-10.77367401
0,2000-01-01,0,341,-1.43350005,54.83179855,nearest_land,20.12133789
0,2000-01-01,0,342,-1.44140005,54.77590179,nearest_land,-6.13201904
0,2000-01-01,0,343,-1.37629998,54.66680145,nearest_land,-7.64608002
0,2000-01-01,0,344,-3.38019991,55.15470123,nearest_land,-41.86169434
0,2000-01-01,0,348,1.13999999,51.45000076,nearest_land,0.00000000
0,2000-01-01,0,349,0.95969999,50.91339874,nearest_land,5.00000000
0,2000-01-01,0,350,-1.18110001,54.63550186,nearest_land,3.00000000
0,2000-01-01,0,351,-2.91779995,54.03049850,nearest_land,-1.00419426
0,2000-01-01,0,352,-3.13170004,51.20709991,nearest_land,11.83897495
0,2000-01-01,0,353,-4.89650011,55.72019958,nearest_land,6.01572323
0,2000-01-01,0,355,-2.40799999,55.96799850,nearest_land,18.00000000
0,2000-01-01,0,356,-0.23029999,52.93460083,nearest_land,0.00000000
0,2000-01-01,0,357,-3.67389989,52.63790131,nearest_land,108.79019165
0,2000-01-01,0,358,-4.54589987,50.64799881,nearest_land,86.35302734
0,2000-01-01,0,359,-3.07850003,54.87300110,nearest_land,29.93193817
0,2000-01-01,0,362,-1.68799996,54.82049942,nearest_land,50.91058350
0,2000-01-01,0,363,-0.92379999,53.72679901,nearest_land,0.87503457
0,2000-01-01,0,364,-1.44180000,54.71879959,nearest_land,18.00572205
0,2000-01-01,0,365,-3.50189996,54.63090134,nearest_land,17.10316467
0,2000-01-01,0,366,-1.48969996,55.13499832,nearest_land,0.00000000
0,2000-01-01,0,368,-3.68630004,58.60409927,nearest_land,39.97553253
0,2000-01-01,0,383,-3.50000000,54.42100143,nearest_land,-62.55169678
0,2000-01-01,0,384,-2.20099998,51.86159897,nearest_land,4.68345261
0,2000-01-01,0,385,-1.61940002,52.50809860,nearest_land,-35.88429260
0,2000-01-01,0,386,-1.20459998,53.70529938,nearest_land,-0.92764187
0,2000-01-01,0,387,-1.04920006,53.20059967,nearest_land,2.62746048
0,2000-01-01,0,388,-1.13220000,53.22650146,nearest_land,-0.61761475
0,2000-01-01,0,389,-1.06110001,53.41370010,nearest_land,2.03371429
0,2000-01-01,0,390,-1.64900005,55.24000168,nearest_land,5.46191025
0,2000-01-01,0,391,-2.44700003,53.53200150,nearest_land,-40.25857544
0,2000-01-01,0,392,-1.38499999,52.99800110,nearest_land,4.96516418
0,2000-01-01,0,393,-1.38150001,52.69350052,nearest_land,-14.63510132
0,2000-01-01,0,394,-1.69079995,53.27330017,nearest_land,-7.27926636
0,2000-01-01,0,395,-3.89590001,55.52199936,nearest_land,16.84825134
0,2000-01-01,0,396,-3.82640004,55.61240005,nearest_land,8.18386841
0,2000-01-01,0,397,-3.89479995,55.52209854,nearest_land,16.84825134
0,2000-01-01,0,398,-4.28299999,55.37829971,nearest_land,3.89831543
0,2000-01-01,0,399,-4.40899992,55.45380020,nearest_land,39.60379028
0,2000-01-01,0,400,-4.37659979,55.33319855,nearest_land,-118.86590576
0,2000-01-01,0,401,-3.83699989,55.59299850,nearest_land,-19.79080200
0,2000-01-01,0,402,-3.15319991,55.82630157,nearest_land,88.00181580
0,2000-01-01,0,403,-3.98690009,55.54079819,nearest_land,-45.13189697
0,2000-01-01,0,404,-3.41310000,56.11669922,nearest_land,-20.29180908
0,2000-01-01,0,405,-3.88870001,51.69390106,nearest_land,-76.46265411
0,2000-01-01,0,406,-3.61350012,51.73149872,nearest_land,52.39718628
0,2000-01-01,0,407,-4.01020002,50.40959930,nearest_land,14.78945923
0,2000-01-01,0,408,-0.82160002,54.55619812,nearest_land,85.00000000
0,2000-01-01,0,409,-7.38000011,54.59000015,nearest_land,26.92811584
0,2000-01-01,0,414,-0.19820000,53.94789886,nearest_land,14.00000000
0,2000-01-01,0,415,-0.08600000,53.81370163,nearest_land,6.13889885
0,2000-01-01,0,416,-4.87260008,55.07630157,nearest_land,68.48635864
0,2000-01-01,0,417,-1.55980003,55.20460129,nearest_land,6.27853394
0,2000-01-01,0,418,-3.27060008,58.40819931,nearest_land,-8.45642853
0,2000-01-01,0,419,-4.96029997,50.47219849,nearest_land,52.18191528
0,2000-01-01,0,420,-3.14569998,59.11489868,nearest_land,113.37970734
0,2000-01-01,0,421,-3.66300011,51.68000031,nearest_land,52.17224121
0,2000-01-01,0,422,0.80350000,50.96009827,nearest_land,2.59452295
0,2000-01-01,0,423,-4.43359995,53.36220169,nearest_land,21.04340363
0,2000-01-01,0,424,-3.65070009,53.38109970,nearest_land,0.00000000
0,2000-01-01,0,425,-4.20289993,55.29380035,nearest_land,115.98727417
0,2000-01-01,0,426,6.47489977,48.84550095,nearest_land,31.66815186
0,2000-01-01,0,427,3.81089997,49.70009995,nearest_land,-24.21308899
0,2000-01-01,0,428,4.04440022,49.67839813,nearest_land,33.20727539
0,2000-01-01,0,429,-2.04719996,46.94929886,nearest_land,10.00000000
0,2000-01-01,0,430,6.51420021,49.17070007,nearest_land,8.98953247
0,2000-01-01,0,431,0.93580002,49.81209946,nearest_land,52.83186722
0,2000-01-01,0,432,2.29320002,49.65430069,nearest_land,-11.00490570
0,2000-01-01,0,433,1.49689996,49.83990097,nearest_land,26.31147766
0,2000-01-01,0,434,-4.13329983,48.18000031,nearest_land,30.09527588
0,2000-01-01,0,436,4.19469976,48.89419937,nearest_land,52.52725983
0,2000-01-01,0,437,-1.45039999,46.41979980,nearest_land,-8.14707184
0,2000-01-01,0,438,2.06870008,47.00569916,nearest_land,11.33956909
0,2000-01-01,0,439,1.32939994,47.92919922,nearest_land,5.80050659
0,2000-01-01,0,440,2.05049992,49.58900070,nearest_land,8.99351501
0,2000-01-01,0,441,1.25479996,49.95180130,nearest_land,-55.84152222
0,2000-01-01,0,442,-2.41429996,48.42150116,nearest_land,-0.46723938
0,2000-01-01,0,443,5.43900013,48.69789886,nearest_land,31.59027100
0,2000-01-01,0,444,1.90779996,48.16149902,nearest_land,2.85069275
0,2000-01-01,0,445,0.10980000,45.81760025,nearest_land,-4.10220337
0,2000-01-01,0,446,-0.93300003,53.61700058,nearest_land,-0.33606935
0,2000-01-01,0,447,-4.13570023,51.68339920,nearest_land,-58.10770416
0,2000-01-01,0,448,-3.56620002,51.70320129,nearest_land,-59.71179199
0,2000-01-01,0,449,-4.96439981,51.79320145,nearest_land,-21.45615578
0,2000-01-01,0,450,-3.33859992,53.04109955,nearest_land,16.16940308
0,2000-01-01,0,451,-4.18260002,53.20959854,nearest_land,1.38704681
0,2000-01-01,0,452,-5.21799994,56.21889877,nearest_land,66.80847168
0,2000-01-01,0,454,10.27099991,52.17499924,nearest_land,3.94497681
0,2000-01-01,0,455,10.36400032,52.61700058,nearest_land,-4.79930115
0,2000-01-01,0,456,9.50000000,53.12599945,nearest_land,-0.46137619
0,2000-01-01,0,458,-2.25699997,55.90480042,nearest_land,69.49491882
0,2000-01-01,0,459,-0.47999999,52.24000168,nearest_land,6.63059235
0,2000-01-01,0,460,1.28999996,52.06000137,nearest_land,30.87162971
0,2000-01-01,0,461,-1.40999997,51.11000061,nearest_land,-26.81161499
0,2000-01-01,0,462,-1.25999999,51.06000137,nearest_land,8.91230011
0,2000-01-01,0,463,-0.57999998,51.61000061,nearest_land,-19.90477753
0,2000-01-01,0,464,-4.28809977,55.86090088,nearest_land,-24.39792442
0,2000-01-01,0,465,-4.29379988,55.85829926,nearest_land,-24.39792442
0,2000-01-01,0,466,-3.75900006,56.57569885,nearest_land,55.72723389
0,2000-01-01,0,467,-3.61109996,55.39619827,nearest_land,65.55163574
0,2000-01-01,0,468,-7.85160017,54.86640167,nearest_land,-18.34317017
0,2000-01-01,0,470,-2.64910007,57.66510010,nearest_land,60.05603790
0,2000-01-01,0,471,-6.46540022,57.43920135,nearest_land,27.97697449
0,2000-01-01,0,472,-3.23740005,58.46020126,nearest_land,27.16102600
0,2000-01-01,0,473,-4.43860006,57.71549988,nearest_land,198.63610840
0,2000-01-01,0,474,-5.28240013,56.37990189,nearest_land,164.55450439
0,2000-01-01,0,475,-3.43059993,56.30619812,nearest_land,17.91403198
0,2000-01-01,0,476,-3.35840011,54.85810089,nearest_land,2.01179409
0,2000-01-01,0,477,-1.79799998,54.75510025,nearest_land,49.87417603
0,2000-01-01,0,478,-2.63840008,54.33369827,nearest_land,27.31610107
0,2000-01-01,0,479,-3.13649988,54.24710083,nearest_land,140.36167908
0,2000-01-01,0,480,-1.91509998,54.88249969,nearest_land,16.20216370
0,2000-01-01,0,481,0.23379999,53.14410019,nearest_land,2.08453417
0,2000-01-01,0,482,-4.34060001,53.37670135,nearest_land,13.97480774
0,2000-01-01,0,483,-3.57870007,52.36249924,nearest_land,80.62588501
0,2000-01-01,0,484,-2.28819990,53.76509857,nearest_land,95.94104004
0,2000-01-01,0,485,-1.64760005,53.99679947,nearest_land,55.70454407
0,2000-01-01,0,486,-3.96650004,52.46369934,nearest_land,99.46069336
0,2000-01-01,0,487,-3.47440004,51.56449890,nearest_land,85.59072876
0,2000-01-01,0,488,-1.14010000,53.11690140,nearest_land,6.89271545
0,2000-01-01,0,489,-3.44799995,55.53939819,nearest_land,73.12261963
0,2000-01-01,0,490,-0.28230000,54.00439835,nearest_land,0.24080515
0,2000-01-01,0,491,-3.43510008,52.58229828,nearest_land,19.17230225
0,2000-01-01,0,492,-1.25430000,54.49110031,nearest_land,28.10033035
0,2000-01-01,0,493,-1.17799997,52.50049973,nearest_land,26.78459167
0,2000-01-01,0,494,-2.11400008,57.31549835,nearest_land,17.52199936
0,2000-01-01,0,501,-1.46959996,53.38240051,nearest_land,-76.91565704
0,2000-01-01,0,503,-3.57419991,55.23899841,nearest_land,-6.40505981
0,2000-01-01,0,504,-2.08780003,57.18610001,nearest_land,-36.46486664
0,2000-01-01,0,505,10.09119987,53.67350006,nearest_land,-0.60307312
0,2000-01-01,0,508,6.78840017,53.45159912,nearest_land,2.00000000
0,2000-01-01,0,509,4.38399982,51.66550064,nearest_land,1.00000000
0,2000-01-01,0,513,-2.24799991,53.66199875,nearest_land,59.61886597
0,2000-01-01,0,514,-3.48399997,53.10900116,nearest_land,151.31503296
0,2000-01-01,0,515,-3.94280005,55.70169830,nearest_land,31.20137024
0,2000-01-01,0,516,-3.51239991,51.69110107,nearest_land,50.72106934
0,2000-01-01,0,517,-2.57739997,57.62689972,nearest_land,-28.17655182
0,2000-01-01,0,518,-9.38189983,51.62979889,nearest_land,170.92559814
0,2000-01-01,0,519,-4.22970009,55.77059937,nearest_land,-159.23257446
0,2000-01-01,0,520,-1.89760005,54.91260147,nearest_land,25.72078705
0,2000-01-01,0,521,-0.09800000,52.51100159,nearest_land,2.00000000
0,2000-01-01,0,522,-1.76830006,54.76470184,nearest_land,89.92504883
0,2000-01-01,0,523,-2.00850010,55.15710068,nearest_land,-20.78936768
0,2000-01-01,0,531,-2.91589999,54.02780151,nearest_land,15.99000263
0,2000-01-01,0,532,1.61889994,52.21179962,nearest_land,9.80686760
0,2000-01-01,0,533,0.96399999,50.91339874,nearest_land,23.00000000
0,2000-01-01,0,534,-1.71980000,52.45389938,nearest_land,1.73489380
0,2000-01-01,0,537,-2.78629994,53.88859940,nearest_land,-8.77538872
0,2000-01-01,0,538,-6.55240011,52.62210083,nearest_land,-4.38253784
0,2000-01-01,0,539,-9.15820026,52.10770035,nearest_land,-7.86532593
0,2000-01-01,0,540,-8.93789959,51.81169891,nearest_land,6.00445557
0,2000-01-01,0,541,-3.07879996,55.18420029,nearest_land,-58.18887329
0,2000-01-01,0,542,-3.12350011,58.43700027,nearest_land,23.27837372
0,2000-01-01,0,543,-3.45910001,52.92229843,nearest_land,-86.50341797
0,2000-01-01,0,545,7.65829992,49.96879959,nearest_land,-258.59326172
0,2000-01-01,0,553,-2.61139989,55.96500015,nearest_land,12.21376038
0,2000-01-01,0,554,-3.78160000,55.86650085,nearest_land,42.73596191
0,2000-01-01,0,555,-1.55400002,55.11149979,nearest_land,7.50782967
0,2000-01-01,0,556,-1.02670002,53.07249832,nearest_land,40.87479401
0,2000-01-01,0,557,-1.26220000,52.62960052,nearest_land,7.40712738
0,2000-01-01,0,558,-1.09909999,52.29539871,nearest_land,-11.37437439
0,2000-01-01,0,559,0.13020000,53.23989868,nearest_land,32.40075302
0,2000-01-01,0,560,1.48810005,52.29629898,nearest_land,8.87600708
0,2000-01-01,0,561,-5.15780020,50.28260040,nearest_land,32.14568329
0,2000-01-01,0,562,-0.52859998,54.15100098,nearest_land,45.46270752
0,2000-01-01,0,563,-1.33109999,53.61569977,nearest_land,23.16009140
0,2000-01-01,0,564,-1.75940001,55.49969864,nearest_land,24.64171600
0,2000-01-01,0,565,0.91769999,51.71799850,nearest_land,-1.59133387
0,2000-01-01,0,566,-0.86699998,53.66770172,nearest_land,0.00000000
0,2000-01-01,0,567,-3.47399998,52.95550156,nearest_land,101.63139343
0,2000-01-01,0,568,-0.02360000,52.53390121,nearest_land,1.00000000
0,2000-01-01,0,569,-5.20289993,50.04479980,nearest_land,12.51538086
0,2000-01-01,0,570,-4.38700008,50.49850082,nearest_land,75.68475342
0,2000-01-01,0,571,-1.43869996,54.77970123,nearest_land,58.50178528
0,2000-01-01,0,572,-3.16939998,54.77379990,nearest_land,47.06372833
0,2000-01-01,0,573,-1.41540003,54.83050156,nearest_land,8.57478333
0,2000-01-01,0,574,-1.23800004,53.31159973,nearest_land,10.08489990
0,2000-01-01,0,575,-2.84759998,53.89820099,nearest_land,-1.84266806
0,2000-01-01,0,576,-0.12070000,52.46210098,nearest_land,1.00000000
0,2000-01-01,0,577,-5.14060020,50.17559814,nearest_land,99.10709381
0,2000-01-01,0,578,-0.60329998,53.84799957,nearest_land,12.15040588
0,2000-01-01,0,579,-1.40680003,54.83259964,nearest_land,18.47911072
0,2000-01-01,0,580,-4.86259985,50.47930145,nearest_land,42.70991516
0,2000-01-01,0,581,-0.17160000,52.55659866,nearest_land,6.68566704
0,2000-01-01,0,582,1.12559998,52.33349991,nearest_land,7.46965790
0,2000-01-01,0,583,-4.16900015,58.51559830,nearest_land,20.50209808
0,2000-01-01,0,584,-9.24090004,53.28689957,nearest_land,28.18096161
0,2000-01-01,0,599,-0.75239998,53.60390091,nearest_land,-0.30117393
0,2000-01-01,0,600,-7.10750008,53.99940109,nearest_land,25.31388855
0,2000-01-01,0,601,-9.12129974,52.40119934,nearest_land,116.60621643
0,2000-01-01,0,602,-0.85299999,53.11800003,nearest_land,8.60684013
0,2000-01-01,0,603,-0.83730000,53.17060089,nearest_land,18.64947128
0,2000-01-01,0,604,-0.52700001,53.99390030,nearest_land,31.90038681
0,2000-01-01,0,605,-0.16450000,53.86849976,nearest_land,0.71259975
0,2000-01-01,0,606,-0.16689999,53.56069946,nearest_land,13.43936157
0,2000-01-01,0,607,-1.06060004,53.08919907,nearest_land,17.83049774
0,2000-01-01,0,608,-0.78869998,53.84889984,nearest_land,-0.92263079
0,2000-01-01,0,609,-0.77130002,53.75770187,nearest_land,0.25299811
0,2000-01-01,0,610,-0.80629998,53.81200027,nearest_land,-0.26879740
0,2000-01-01,0,611,-1.37450004,54.79449844,nearest_land,7.27613831
0,2000-01-01,0,612,-1.61629999,54.55540085,nearest_land,-14.68459320
0,2000-01-01,0,613,-1.74839997,54.84970093,nearest_land,10.85580444
0,2000-01-01,0,614,-6.04860020,54.82949829,nearest_land,-72.17276001
0,2000-01-01,0,615,-3.97930002,55.66830063,nearest_land,27.99595642
0,2000-01-01,0,616,-3.65459991,55.78350067,nearest_land,20.19573975
0,2000-01-01,0,617,-3.89890003,55.91859818,nearest_land,16.56979370
0,2000-01-01,0,618,-2.95760012,56.38629913,nearest_land,76.56290436
0,2000-01-01,0,619,-3.98469996,55.66609955,nearest_land,32.99595642
0,2000-01-01,0,620,-4.61049986,50.68650055,nearest_land,51.44104004
0,2000-01-01,0,621,-4.69540024,50.47900009,nearest_land,3.92147827
0,2000-01-01,0,622,-4.44939995,50.43600082,nearest_land,-4.44795990
0,2000-01-01,0,623,-4.40500021,50.82910156,nearest_land,7.34550476
0,2000-01-01,0,624,-4.34740019,50.85219955,nearest_land,22.55541992
0,2000-01-01,0,625,-4.36770010,50.39989853,nearest_land,53.71846390
0,2000-01-01,0,626,-5.00780010,51.72380066,nearest_land,-2.49811935
0,2000-01-01,0,627,-5.05819988,51.72520065,nearest_land,-0.49980164
0,2000-01-01,0,628,-3.33520007,51.77149963,nearest_land,-66.21783447
0,2000-01-01,0,629,-1.25109994,52.47409821,nearest_land,8.54582977
0,2000-01-01,0,630,0.19589999,51.47900009,nearest_land,4.00000000
0,2000-01-01,0,631,-0.14749999,52.29809952,nearest_land,18.05196381
0,2000-01-01,0,632,-1.27719998,52.17890167,nearest_land,-35.71334839
0,2000-01-01,0,633,9.97739983,53.56019974,nearest_land,7.49235439
0,2000-01-01,0,634,-3.28299999,53.98300171,nearest_land,0.00000000
0,2000-01-01,0,635,-4.53299999,53.25000000,nearest_land,0.69238377
0,2000-01-01,0,636,1.88300002,51.93000031,nearest_land,0.00000000
0,2000-01-01,0,637,0.43610001,53.12749863,nearest_land,-3.31212926
0,2000-01-01,0,638,-2.98609996,53.17449951,nearest_land,8.23594856
0,2000-01-01,0,639,-2.57579994,51.52140045,nearest_land,-13.44178772
0,2000-01-01,0,640,-1.53149998,54.29679871,nearest_land,4.04225922
0,2000-01-01,0,641,-3.40000010,51.40999985,nearest_land,-6.28491211
0,2000-01-01,0,642,-5.28240013,56.37990189,nearest_land,147.55450439
0,2000-01-01,0,643,-4.45749998,57.72290039,nearest_land,246.63610840
0,2000-01-01,0,644,-4.17030001,55.28559875,nearest_land,163.92102051
0,2000-01-01,0,645,-4.74550009,55.24089813,nearest_land,11.58473206
0,2000-01-01,0,646,-4.13780022,55.57619858,nearest_land,46.22396851
0,2000-01-01,0,647,-0.24969999,52.06000137,nearest_land,1.71989059
0,2000-01-01,0,648,-6.82639980,55.10089874,nearest_land,13.34674072
0,2000-01-01,0,649,0.73439997,52.62860107,nearest_land,-2.56624222
0,2000-01-01,0,650,1.11099994,52.69160080,nearest_land,5.57968521
0,2000-01-01,0,651,-3.86730003,56.03099823,nearest_land,0.23247528
0,2000-01-01,0,652,-3.73720002,55.87189865,nearest_land,-8.80780029
0,2000-01-01,0,653,7.98859978,50.41059875,nearest_land,50.63012695
0,2000-01-01,0,654,8.79790020,53.43439865,nearest_land,0.43024540
0,2000-01-01,0,656,-4.77740002,54.90499878,nearest_land,-16.87390900
0,2000-01-01,0,660,-7.25880003,54.91419983,nearest_land,150.39825439
0,2000-01-01,0,661,4.41900015,52.60599899,nearest_land,0.00000000
0,2000-01-01,0,662,2.96900010,51.55599976,nearest_land,0.00000000
0,2000-01-01,0,663,4.23099995,51.51300049,nearest_land,1.00000000
0,2000-01-01,0,664,4.36339998,51.23199844,nearest_land,14.80177021
0,2000-01-01,0,665,-2.02889991,55.63339996,nearest_land,-46.22741699
0,2000-01-01,0,666,-1.16610003,54.59099960,nearest_land,-3.89795065
0,2000-01-01,0,667,-2.99119997,53.39709854,nearest_land,-43.32448578
0,2000-01-01,0,668,9.27079964,54.74729919,nearest_land,-1.85198975
0,2000-01-01,0,669,9.49880028,54.11940002,nearest_land,-0.97994947
0,2000-01-01,0,670,9.45499992,54.38510132,nearest_land,0.07461739
0,2000-01-01,0,671,2.28909993,48.83190155,nearest_land,-19.83740234
0,2000-01-01,0,672,-6.22730017,54.87889862,nearest_land,-20.36207581
0,2000-01-01,0,673,0.23840000,53.31999969,nearest_land,1.14709425
0,2000-01-01,0,674,-2.71289992,51.50870132,nearest_land,3.41052246
0,2000-01-01,0,675,-3.10220003,51.50579834,nearest_land,0.31625891
0,2000-01-01,0,676,0.16480000,51.51599884,nearest_land,6.81340456
0,2000-01-01,0,677,-1.03460002,52.80879974,nearest_land,13.81059265
0,2000-01-01,0,678,-2.89829993,56.48519897,nearest_land,-26.41098404
0,2000-01-01,0,679,-4.16559982,55.73749924,nearest_land,5.71629333
0,2000-01-01,0,680,0.08340000,53.43299866,nearest_land,-0.02948189
0,2000-01-01,0,681,-4.27379990,50.92399979,nearest_land,51.30134583
0,2000-01-01,0,682,-0.98559999,51.41870117,nearest_land,-11.99498367
0,2000-01-01,0,683,-2.26780009,51.70209885,nearest_land,61.97856140
0,2000-01-01,0,684,-2.58240008,51.25450134,nearest_land,50.11059570
0,2000-01-01,0,685,1.65439999,52.70999908,nearest_land,6.46734524
0,2000-01-01,0,686,0.68339998,52.65679932,nearest_land,9.71125031
0,2000-01-01,0,687,-1.08829999,53.29539871,nearest_land,6.43606186
0,2000-01-01,0,688,-1.96519995,51.71490097,nearest_land,-17.56219482
0,2000-01-01,0,689,-0.16960000,51.15340042,nearest_land,-18.95495224
0,2000-01-01,0,690,-0.61919999,51.18209839,nearest_land,28.06180954
0,2000-01-01,0,691,-0.20020001,51.79690170,nearest_land,2.74333954
0,2000-01-01,0,692,-0.23980001,51.52460098,nearest_land,-10.70373535
0,2000-01-01,0,693,-0.05280000,51.47980118,nearest_land,-0.85554171
0,2000-01-01,0,694,-1.33910000,52.06330109,nearest_land,5.16053772
0,2000-01-01,0,695,-1.23800004,51.74980164,nearest_land,-24.13087463
0,2000-01-01,0,696,-0.97369999,51.45370102,nearest_land,-8.95833969
0,2000-01-01,0,697,-1.73389995,51.41830063,nearest_land,-26.66563416
0,2000-01-01,0,698,-0.81169999,51.81549835,nearest_land,7.81452179
0,2000-01-01,0,699,-1.09119999,51.26490021,nearest_land,-11.66973877
0,2000-01-01,0,700,-1.72220004,51.92729950,nearest_land,72.46954346
0,2000-01-01,0,701,-0.08010000,51.65290070,nearest_land,2.19795609
0,2000-01-01,0,702,0.15400000,51.86380005,nearest_land,-1.17940521
0,2000-01-01,0,703,-0.19210000,51.45500183,nearest_land,0.59931755
0,2000-01-01,0,704,-0.00120000,51.54100037,nearest_land,-13.42691040
0,2000-01-01,0,705,0.09630000,51.37110138,nearest_land,-14.42676544
0,2000-01-01,0,706,-0.48690000,51.37469864,nearest_land,2.09007549
0,2000-01-01,0,707,-0.55620003,51.59320068,nearest_land,3.53739166
0,2000-01-01,0,708,-4.21579981,55.31679916,nearest_land,-43.25909424
0,2000-01-01,0,709,-0.23330000,53.73740005,nearest_land,4.00000000
0,2000-01-01,0,710,-2.30890012,53.23659897,nearest_land,24.05820465
0,2000-01-01,0,711,0.03740000,52.16699982,nearest_land,3.55321693
0,2000-01-01,0,712,-1.09249997,53.59080124,nearest_land,1.10430908
0,2000-01-01,0,713,-3.37910008,54.75249863,nearest_land,30.94498825
0,2000-01-01,0,714,-1.16120005,52.38130188,nearest_land,-2.11319733
0,2000-01-01,0,715,8.79790020,53.43439865,nearest_land,0.43024540
0,2000-01-01,0,717,9.27079964,54.74729919,nearest_land,-1.85198975
0,2000-01-01,0,718,9.49880028,54.11940002,nearest_land,-0.97994947
0,2000-01-01,0,719,9.45499992,54.38510132,nearest_land,0.07461739
0,2000-01-01,0,720,0.29300001,53.64400101,nearest_land,0.00000000
0,2000-01-01,0,721,-4.25000000,55.84899902,nearest_land,-6.10433578
0,2000-01-01,0,722,-0.21170001,51.48749924,nearest_land,-2.70726776
0,2000-01-01,0,723,-3.36899996,55.94110107,nearest_land,8.12210464
0,2000-01-01,0,724,0.00850000,51.76179886,nearest_land,-19.97038651
0,2000-01-01,0,725,-0.22890000,50.82920074,nearest_land,-41.94676590
0,2000-01-01,0,726,-0.10610000,50.81169891,nearest_land,-78.49037170
0,2000-01-01,0,727,0.00970000,51.49729919,nearest_land,-1.68614888
0,2000-01-01,0,728,-0.19560000,52.55099869,nearest_land,1.70228148
0,2000-01-01,0,729,-3.18829989,55.95330048,nearest_land,50.18516922
0,2000-01-01,0,730,-4.94430017,58.27909851,nearest_land,-75.52345276
0,2000-01-01,0,731,-4.99009991,56.98339844,nearest_land,-212.09249878
0,2000-01-01,0,732,-4.41639996,57.18410110,nearest_land,37.17306519
0,2000-01-01,0,733,-5.49510002,56.68759918,nearest_land,-182.56114197
0,2000-01-01,0,734,-3.69169998,53.45080185,nearest_land,0.00000000
0,2000-01-01,0,735,-3.46210003,53.35210037,nearest_land,0.00000000
0,2000-01-01,0,736,9.98610020,53.56079865,nearest_land,2.49235439
0,2000-01-01,0,737,9.99110031,53.63029861,nearest_land,-3.90174294
0,2000-01-01,0,738,-3.69709992,51.66019821,nearest_land,15.96017456
0,2000-01-01,0,739,-3.60019994,51.67219925,nearest_land,-19.51220703
0,2000-01-01,0,740,-2.14170003,53.70199966,nearest_land,-22.21585083
0,2000-01-01,0,741,-2.05180001,53.80059814,nearest_land,-94.77508545
0,2000-01-01,0,742,-2.01370001,53.74179840,nearest_land,-196.17065430
0,2000-01-01,0,743,-1.78639996,53.70119858,nearest_land,-44.01097870
0,2000-01-01,0,744,-1.92019999,53.79399872,nearest_land,98.37969971
0,2000-01-01,0,745,-1.90799999,53.77700043,nearest_land,24.29498291
0,2000-01-01,0,746,-2.98000002,58.99750137,nearest_land,6.99161577
0,2000-01-01,0,747,-4.34469986,57.80709839,nearest_land,312.64904785
0,2000-01-01,0,748,-6.51539993,58.23249817,nearest_land,-49.37628174
0,2000-01-01,0,749,-2.00130010,57.61529922,nearest_land,26.75009918
0,2000-01-01,0,750,-6.18599987,55.68960190,nearest_land,0.16935730
0,2000-01-01,0,751,-4.44350004,55.76620102,nearest_land,46.26550293
0,2000-01-01,0,752,-0.94160002,54.54449844,nearest_land,44.77327728
0,2000-01-01,0,753,-1.07410002,52.79980087,nearest_land,21.37850952
0,2000-01-01,0,754,-4.52110004,51.75809860,nearest_land,16.29357147
0,2000-01-01,0,755,-4.70389986,50.63779831,nearest_land,-17.93566895
0,2000-01-01,0,756,-3.66910005,58.56570053,nearest_land,26.88822937
0,2000-01-01,0,757,-4.23290014,51.97809982,nearest_land,87.09342957
0,2000-01-01,0,758,-3.55180001,57.48410034,nearest_land,30.57565308
0,2000-01-01,0,759,-3.83550000,55.50839996,nearest_land,-1.88464355
0,2000-01-01,0,760,9.64319992,50.32720184,nearest_land,36.67425537
0,2000-01-01,0,761,8.13059998,49.62099838,nearest_land,56.50080872
0,2000-01-01,0,763,-3.62389994,53.43730164,nearest_land,0.00000000
0,2000-01-01,0,764,-3.54069996,53.46569824,nearest_land,0.00000000
0,2000-01-01,0,765,8.16810036,53.83509827,nearest_land,0.00000000
0,2000-01-01,0,766,5.87200022,54.31800079,nearest_land,0.00000000
0,2000-01-01,0,768,-1.46070004,51.21569824,nearest_land,-13.60537720
0,2000-01-01,0,769,-2.68740010,51.50320053,nearest_land,3.41052246
0,2000-01-01,0,770,-0.18990000,51.13610077,nearest_land,4.05346680
0,2000-01-01,0,771,0.14399999,51.51900101,nearest_land,-5.11427069
0,2000-01-01,0,772,0.24640000,51.46310043,nearest_land,0.45770097
0,2000-01-01,0,773,-1.62829995,52.59329987,nearest_land,18.76374817
0,2000-01-01,0,774,-0.02160000,51.67689896,nearest_land,-5.46934700
0,2000-01-01,0,775,-0.24320000,51.76229858,nearest_land,1.10004425
0,2000-01-01,0,776,-2.86310005,53.48270035,nearest_land,0.03535461
0,2000-01-01,0,777,-1.65310001,53.74110031,nearest_land,16.09327698
0,2000-01-01,0,778,-2.20420003,53.35409927,nearest_land,-0.13860321
0,2000-01-01,0,779,-0.73009998,52.06869888,nearest_land,6.27138519
0,2000-01-01,0,780,-1.52160001,51.63690186,nearest_land,-5.53758240
0,2000-01-01,0,781,-0.21220000,52.57130051,nearest_land,0.70535588
0,2000-01-01,0,782,-0.38490000,51.55690002,nearest_land,-7.21855545
0,2000-01-01,0,783,-1.43589997,53.40520096,nearest_land,-60.35938263
0,2000-01-01,0,784,-0.48410001,51.34709930,nearest_land,-0.50137329
0,2000-01-01,0,785,-0.19110000,51.43590164,nearest_land,-0.40615749
0,2000-01-01,0,786,-3.17910004,51.48160172,nearest_land,-10.55543327
0,2000-01-01,0,787,-0.33669999,53.74570084,nearest_land,5.18445301
0,2000-01-01,0,788,1.14699996,53.13499832,nearest_land,0.00000000
0,2000-01-01,0,789,-3.83800006,52.42699814,nearest_land,-65.95031738
0,2000-01-01,0,790,-1.97969997,52.99509811,nearest_land,-24.98474121
0,2000-01-01,0,791,0.03450000,51.62760162,nearest_land,43.62186813
0,2000-01-01,0,792,-3.28169990,53.29339981,nearest_land,62.62650681
0,2000-01-01,0,793,-1.91040003,53.48020172,nearest_land,-126.63092041
0,2000-01-01,0,794,-2.21770000,53.86980057,nearest_land,-102.29397583
0,2000-01-01,0,795,-1.02810001,52.09149933,nearest_land,2.93393707
0,2000-01-01,0,796,0.26240000,52.39950180,nearest_land,9.32794094
0,2000-01-01,0,797,-2.24259996,53.48080063,nearest_land,1.97408676
0,2000-01-01,0,798,-0.00720000,51.54309845,nearest_land,-7.00093937
0,2000-01-01,0,799,-0.22130001,51.50749969,nearest_land,-26.38072586
0,2000-01-01,0,800,-4.18470001,50.38589859,nearest_land,-36.93569946
0,2000-01-01,0,801,-2.08360004,55.16989899,nearest_land,-29.18838501
0,2000-01-01,0,802,-2.97709990,57.35879898,nearest_land,50.74948120
0,2000-01-01,0,803,-4.53049994,51.75770187,nearest_land,33.29357147
0,2000-01-01,0,804,-1.16299999,52.41889954,nearest_land,5.59008789
0,2000-01-01,0,805,-6.41169977,57.44409943,nearest_land,37.51811218
0,2000-01-01,0,806,-3.26329994,53.31990051,nearest_land,2.00000000
0,2000-01-01,0,807,-1.84539998,51.54850006,nearest_land,10.06836700
0,2000-01-01,0,808,-3.29999995,58.29999924,nearest_land,2.57917786
0,2000-01-01,0,809,-4.80000019,57.59999847,nearest_land,85.94917297
0,2000-01-01,0,810,-4.09999990,57.40000153,nearest_land,75.01538086
0,2000-01-01,0,811,-1.89289999,52.99000168,nearest_land,-61.30043030
0,2000-01-01,0,812,-1.87419999,52.98580170,nearest_land,-66.64930725
0,2000-01-01,0,813,-1.89289999,52.99000168,nearest_land,-201.30043030
0,2000-01-01,0,814,-2.80040002,54.04999924,nearest_land,-13.59762192
0,2000-01-01,0,815,-2.91750002,54.89429855,nearest_land,-0.90382195
0,2000-01-01,0,816,-2.02629995,53.74140167,nearest_land,-190.17065430
0,2000-01-01,0,817,-4.48390007,54.96049881,nearest_land,-29.00152969
0,2000-01-01,0,818,-2.74469995,54.32989883,nearest_land,-9.50038147
0,2000-01-01,0,819,-2.80349994,54.04729843,nearest_land,-3.59762192
0,2000-01-01,0,820,-4.48260021,54.95880127,nearest_land,-55.26231384
0,2000-01-01,0,821,-1.07840002,53.82770157,nearest_land,0.83689642
0,2000-01-01,0,822,-3.14849997,51.47629929,nearest_land,-8.54019928
0,2000-01-01,0,823,-5.76000023,54.72000122,nearest_land,-52.08878708
0,2000-01-01,0,824,-5.78999996,54.84000015,nearest_land,-29.15942383
0,2000-01-01,0,825,-2.43449998,55.79700089,nearest_land,73.44711304
0,2000-01-01,0,826,0.30430001,52.15729904,nearest_land,-25.82816315
0,2000-01-01,0,827,-4.77500010,54.94139862,nearest_land,-1.86676025
0,2000-01-01,0,830,-3.64409995,51.76699829,nearest_land,62.53524780
0,2000-01-01,0,831,-3.67170000,51.76100159,nearest_land,176.53524780
0,2000-01-01,0,832,-3.51279998,51.70700073,nearest_land,161.57516479
0,2000-01-01,0,833,-3.49729991,51.60910034,nearest_land,-0.08291626
0,2000-01-01,0,834,-3.51799989,51.61690140,nearest_land,98.01934814
0,2000-01-01,0,835,-0.10840000,51.55490112,nearest_land,-3.68466949
0,2000-01-01,0,836,-0.28470001,51.71110153,nearest_land,-4.38380432
0,2000-01-01,0,837,-0.02400000,51.54349899,nearest_land,-5.00093937
0,2000-01-01,0,838,-3.01810002,56.18220139,nearest_land,-32.96652985
0,2000-01-01,0,839,-4.81669998,57.13330078,nearest_land,76.08795166
0,2000-01-01,0,840,-9.31079960,51.93859863,nearest_land,77.15930176
0,2000-01-01,0,841,-3.51320004,54.56850052,nearest_land,22.46495056
0,2000-01-01,0,842,-3.91459990,55.55749893,nearest_land,119.81304932
0,2000-01-01,0,843,-4.12779999,58.04800034,nearest_land,-123.94915771
0,2000-01-01,0,844,1.61730003,52.21080017,nearest_land,2.32125998
0,2000-01-01,0,845,-4.48280001,53.41619873,nearest_land,18.70091820
0,2000-01-01,0,846,-0.24500000,51.53219986,nearest_land,-2.71080780
0,2000-01-01,0,847,-2.43330002,53.08959961,nearest_land,2.88642883
0,2000-01-01,0,848,-2.49480009,51.69269943,nearest_land,10.35113716
0,2000-01-01,0,849,-3.50070000,54.41920090,nearest_land,-33.67121887
0,2000-01-01,0,850,-3.22679996,55.01440048,nearest_land,-10.02833557
0,2000-01-01,0,851,-2.96009994,54.90869904,nearest_land,-4.51261711
0,2000-01-01,0,852,-3.75259995,58.57759857,nearest_land,6.78815556
0,2000-01-01,0,853,1.25849998,52.10129929,nearest_land,-24.55112457
0,2000-01-01,0,854,0.37320000,52.61080170,nearest_land,8.40548801
0,2000-01-01,0,855,-0.69650000,53.22460175,nearest_land,-1.34080696
0,2000-01-01,0,856,-0.22950000,53.15340042,nearest_land,-3.18546391
0,2000-01-01,0,857,-0.04550000,52.93939972,nearest_land,1.82485175
0,2000-01-01,0,858,-0.68390000,53.37060165,nearest_land,-2.87291527
0,2000-01-01,0,859,-0.73449999,52.35900116,nearest_land,-13.03442383
0,2000-01-01,0,860,-0.87540001,51.96910095,nearest_land,-19.34421539
0,2000-01-01,0,861,-0.24320000,52.28810120,nearest_land,1.87864876
0,2000-01-01,0,862,-0.29789999,52.19219971,nearest_land,0.78155899
0,2000-01-01,0,863,-0.81120002,52.43569946,nearest_land,-41.63026428
0,2000-01-01,0,864,0.57499999,51.51100159,nearest_land,1.61248136
0,2000-01-01,0,865,0.70929998,51.55550003,nearest_land,4.37526894
0,2000-01-01,0,866,0.15490000,52.23339844,nearest_land,2.39769793
0,2000-01-01,0,867,0.04020000,53.39039993,nearest_land,0.14596462
0,2000-01-01,0,868,1.73450005,52.46810150,nearest_land,-10.04968643
0,2000-01-01,0,869,0.32049999,51.69110107,nearest_land,-9.39124298
0,2000-01-01,0,870,0.87760001,51.94440079,nearest_land,9.68514633
0,2000-01-01,0,871,-0.60549998,52.61380005,nearest_land,-50.67536163
0,2000-01-01,0,872,1.29859996,52.69010162,nearest_land,3.69975281
0,2000-01-01,0,873,0.99210000,52.19620132,nearest_land,-13.15396500
0,2000-01-01,0,874,1.16489995,51.84640121,nearest_land,-13.14124107
0,2000-01-01,0,875,0.80140001,52.56940079,nearest_land,-9.66954041
0,2000-01-01,0,876,-0.45870000,52.47940063,nearest_land,-0.13753510
0,2000-01-01,0,877,-0.24770001,52.51580048,nearest_land,-3.01612282
0,2000-01-01,0,878,-0.27230000,51.97729874,nearest_land,-15.28098297
0,2000-01-01,0,879,1.26250005,52.26979828,nearest_land,-0.33024216
0,2000-01-01,0,880,1.72389996,52.60639954,nearest_land,-1.33316374
0,2000-01-01,0,881,-0.06550000,53.57550049,nearest_land,6.00000000
0,2000-01-01,0,882,-0.00900000,53.54389954,nearest_land,6.00000000
0,2000-01-01,0,883,5.49079990,59.75320053,nearest_land,-57.19939423
0,2000-01-01,0,884,5.49079990,59.75320053,nearest_land,-57.19939423
0,2000-01-01,0,885,5.49079990,59.75320053,nearest_land,-57.19939423
0,2000-01-01,0,886,5.49079990,59.75320053,nearest_land,-57.19939423
0,2000-01-01,0,887,5.49079990,59.75320053,nearest_land,-57.19939423
0,2000-01-01,0,888,5.49079990,59.75320053,nearest_land,-57.19939423
0,2000-01-01,0,889,5.49079990,59.75320053,nearest_land,-57.19939423
0,2000-01-01,0,890,5.49079990,59.75320053,nearest_land,-57.19939423
0,2000-01-01,0,891,5.49079990,59.75320053,nearest_land,-57.19939423
0,2000-01-01,0,892,5.49079990,59.75320053,nearest_land,-57.19939423
0,2000-01-01,0,893,5.49079990,59.75320053,nearest_land,-57.19939423
0,2000-01-01,0,894,5.49079990,59.75320053,nearest_land,-57.19939423
0,2000-01-01,0,895,5.49079990,59.75320053,nearest_land,-57.19939423
0,2000-01-01,0,896,5.49079990,59.75320053,nearest_land,-57.19939423
0,2000-01-01,0,897,5.49079990,59.75320053,nearest_land,-57.19939423
0,2000-01-01,0,898,5.49079990,59.75320053,nearest_land,-57.19939423
0,2000-01-01,0,899,5.48330021,59.71670151,nearest_land,-11.50030136
0,2000-01-01,0,900,5.58330011,59.71670151,nearest_land,-118.61826324
0,2000-01-01,0,901,-0.53509998,51.54830170,nearest_land,4.48753738
0,2000-01-01,0,902,-0.09020000,51.50529861,nearest_land,-10.61540413
0,2000-01-01,0,903,-0.09880000,51.51390076,nearest_land,12.19367790
0,2000-01-01,0,904,-1.59920001,51.20980072,nearest_land,-9.17111206
0,2000-01-01,0,905,-3.73320007,56.70380020,nearest_land,-205.19668579
0,2000-01-01,0,906,-1.36090004,51.84220123,nearest_land,6.41400146
0,2000-01-01,0,907,-2.40330005,56.83890152,nearest_land,102.81739807
0,2000-01-01,0,908,-3.21790004,58.35910034,nearest_land,51.84727478
0,2000-01-01,0,909,-4.00080013,57.41379929,nearest_land,-62.55438232
0,2000-01-01,0,910,-4.80670023,57.66130066,nearest_land,67.37780762
0,2000-01-01,0,911,-2.14170003,50.70399857,nearest_land,11.63139915
0,2000-01-01,0,912,-1.71430004,51.59090042,nearest_land,-11.44313812
0,2000-01-01,0,913,-1.02359998,51.40670013,nearest_land,1.50887299
0,2000-01-01,0,914,-3.36669993,57.53329849,nearest_land,80.61273193
0,2000-01-01,0,915,-3.37140012,57.53720093,nearest_land,105.61273193
0,2000-01-01,0,916,-3.47609997,57.44609833,nearest_land,21.06820679
0,2000-01-01,0,917,-2.46670008,56.95000076,nearest_land,-41.51528931
0,2000-01-01,0,918,-2.50000000,55.93330002,nearest_land,91.19088745
0,2000-01-01,0,919,-2.51309991,55.89500046,nearest_land,3.70849609
0,2000-01-01,0,920,-2.54999995,55.90560150,nearest_land,-72.64266968
0,2000-01-01,0,921,-4.11670017,55.23329926,nearest_land,-41.75299072
0,2000-01-01,0,923,6.71000004,58.15829849,nearest_land,73.28701782
0,2000-01-01,0,924,-1.89549994,52.98720169,nearest_land,-68.30043030
0,2000-01-01,0,925,-0.44610000,51.47980118,nearest_land,-5.31810379
0,2000-01-01,0,926,-2.57969999,51.45159912,nearest_land,-12.87923622
0,2000-01-01,0,927,-3.17000008,51.47620010,nearest_land,-9.54019928
0,2000-01-01,0,928,-1.06649995,52.95529938,nearest_land,-0.35427856
0,2000-01-01,0,929,-2.97810006,53.40679932,nearest_land,-19.32448578
0,2000-01-01,0,930,-1.61609995,54.97129822,nearest_land,-13.10817719
0,2000-01-01,0,931,-9.60789967,51.39730072,nearest_land,-39.95129776
0,2000-01-01,0,932,-6.41760015,49.87860107,nearest_land,0.00000000
0,2000-01-01,0,933,-6.30229998,49.98199844,nearest_land,0.00000000
0,2000-01-01,0,934,-1.30009997,50.76710129,nearest_land,0.00000000
0,2000-01-01,0,935,-4.15360022,50.35430145,nearest_land,0.00000000
0,2000-01-01,0,936,-2.45659995,50.51250076,nearest_land,-54.36462402
0,2000-01-01,0,937,-5.72160006,50.06579971,nearest_land,-76.88407898
0,2000-01-01,0,938,-5.20669985,49.95399857,nearest_land,-21.12635803
0,2000-01-01,0,939,-8.91170025,51.05849838,nearest_land,0.00000000
0,2000-01-01,0,940,-8.05039978,50.74789810,nearest_land,0.00000000
0,2000-01-01,0,941,-7.34410000,50.37310028,nearest_land,0.00000000
0,2000-01-01,0,942,-2.98609996,50.35319901,nearest_land,0.00000000
0,2000-01-01,0,943,-3.63669991,50.22150040,nearest_land,-75.77912903
0,2000-01-01,0,944,-5.87109995,54.56499863,nearest_land,66.44821167
0,2000-01-01,0,945,-6.47989988,54.89950180,nearest_land,-11.55516815
0,2000-01-01,0,946,-7.28870010,55.00519943,nearest_land,30.85947800
0,2000-01-01,0,947,-7.65810013,54.46960068,nearest_land,-25.93675995
0,2000-01-01,0,948,-6.42080021,54.18700027,nearest_land,-9.63391113
0,2000-01-01,0,949,-4.97679996,55.08100128,nearest_land,-8.10589600
0,2000-01-01,0,950,-2.73790002,53.34640121,nearest_land,-19.44685936
0,2000-01-01,0,951,-4.09140015,56.06990051,nearest_land,39.14257812
0,2000-01-01,0,952,-4.19180012,55.68149948,nearest_land,4.15374756
0,2000-01-01,0,953,-4.87860012,57.12799835,nearest_land,207.83325195
0,2000-01-01,0,954,-4.04220009,58.05369949,nearest_land,101.72945404
0,2000-01-01,0,955,-4.81059980,55.23210144,nearest_land,174.79743958
0,2000-01-01,0,956,-3.95350003,55.57820129,nearest_land,70.75225830
0,2000-01-01,0,957,-3.21050000,55.96490097,nearest_land,17.57601738
0,2000-01-01,0,958,-3.21300006,55.96540070,nearest_land,11.57601738
0,2000-01-01,0,959,-0.15840000,51.50640106,nearest_land,-12.00451660
0,2000-01-01,0,960,-0.16000000,51.50939941,nearest_land,-12.00451660
0,2000-01-01,0,961,-0.15820000,51.50849915,nearest_land,-12.00451660
0,2000-01-01,0,962,-0.15770000,51.50770187,nearest_land,-13.00451660
0,2000-01-01,0,963,-0.15730000,51.50749969,nearest_land,-14.00451660
0,2000-01-01,0,964,0.70160002,51.54899979,nearest_land,5.37526894
0,2000-01-01,0,965,0.72229999,51.55569839,nearest_land,9.01955223
0,2000-01-01,0,966,-6.15299988,55.18059921,nearest_land,-36.15794373
0,2000-01-01,0,967,-6.22529984,54.66370010,nearest_land,6.47409058
0,2000-01-01,0,968,-6.94920015,55.16040039,nearest_land,2.81586075
0,2000-01-01,0,969,-7.57749987,54.70709991,nearest_land,-19.23183441
0,2000-01-01,0,970,-7.64489985,54.39559937,nearest_land,-11.22045135
0,2000-01-01,0,971,-5.58409977,54.67369843,nearest_land,35.00000000
0,2000-01-01,0,972,-6.50530005,54.23720169,nearest_land,63.12474060
0,2000-01-01,0,973,-7.07359982,54.63660049,nearest_land,48.04293823
0,2000-01-01,0,974,2.09489989,51.96969986,nearest_land,0.00000000
0,2000-01-01,0,975,2.00600004,51.74449921,nearest_land,0.00000000
0,2000-01-01,0,976,-4.21019983,51.97589874,nearest_land,46.67816162
0,2000-01-01,0,977,-3.18400002,51.48410034,nearest_land,-14.55543327
0,2000-01-01,0,978,-3.18560004,51.48540115,nearest_land,-13.55543327
0,2000-01-01,0,979,-0.33530000,51.40090179,nearest_land,-1.77128696
0,2000-01-01,0,980,-0.33070001,51.40090179,nearest_land,-1.77128696
0,2000-01-01,0,981,-0.33120000,51.40319824,nearest_land,-4.04965305
0,2000-01-01,0,982,-1.61420000,53.22280121,nearest_land,-129.24742126
0,2000-01-01,0,983,-1.61520004,53.22579956,nearest_land,-129.24742126
0,2000-01-01,0,984,-1.61730003,53.22470093,nearest_land,-32.84350586
0,2000-01-01,0,985,-2.37639999,53.33340073,nearest_land,26.34838104
0,2000-01-01,0,986,-2.37890005,53.33129883,nearest_land,22.34838104
0,2000-01-01,0,987,-2.37949991,53.33290100,nearest_land,29.34838104
0,2000-01-01,0,988,-0.15490000,51.48540115,nearest_land,-10.44790173
0,2000-01-01,0,989,-0.15590000,51.48770142,nearest_land,-6.44790173
0,2000-01-01,0,990,-0.15889999,51.51330185,nearest_land,-9.00451660
0,2000-01-01,0,991,-0.11320000,51.48369980,nearest_land,21.82617760
0,2000-01-01,0,992,-0.14929999,51.45800018,nearest_land,17.36958694
0,2000-01-01,0,993,-0.19260000,51.48180008,nearest_land,-10.43804932
0,2000-01-01,0,994,-5.47559977,50.20890045,nearest_land,-18.45469093
0,2000-01-01,0,995,-5.00190020,57.14419937,nearest_land,-84.44042969
0,2000-01-01,0,996,-4.19350004,56.69940186,nearest_land,-328.50659180
0,2000-01-01,0,997,-4.76539993,56.26100159,nearest_land,-375.18670654
0,2000-01-01,0,998,-4.54050016,51.76050186,nearest_land,35.29357147
0,2000-01-01,0,999,-4.70450020,50.63610077,nearest_land,-25.93566895
0,2000-01-01,0,1210,6.11019993,62.56039810,nearest_land,9.73793602
0,2000-01-01,0,1311,5.21810007,60.29339981,nearest_land,-13.23900604
0,2000-01-01,0,1338,6.64690018,61.17110062,nearest_land,54.00000000
0,2000-01-01,0,1364,8.21700001,60.51699829,nearest_land,-62.76306152
0,2000-01-01,0,1384,11.08300018,60.20000076,nearest_land,-1.77464294
0,2000-01-01,0,1397,12.27169991,61.29420090,nearest_land,-75.47460938
0,2000-01-01,0,1400,3.20000005,56.50000000,nearest_land,48.00000000
0,2000-01-01,0,1415,5.63789988,58.87680054,nearest_land,2.51209307
0,2000-01-01,0,1427,6.61000013,58.11700058,nearest_land,-90.87299347
0,2000-01-01,0,1447,8.19919968,59.49689865,nearest_land,-130.62890625
0,2000-01-01,0,1452,8.08300018,58.20000076,nearest_land,-24.41732788
0,2000-01-01,0,1483,10.25860023,59.18669891,nearest_land,9.03631592
0,2000-01-01,0,1488,10.61670017,59.88330078,nearest_land,-47.52204132
0,2000-01-01,0,1492,10.71700001,59.95000076,nearest_land,-83.46519470
0,2000-01-01,0,2407,13.70720005,60.67639923,nearest_land,2.99713135
0,2000-01-01,0,2512,11.88329983,57.78329849,nearest_land,6.14491177
0,2000-01-01,0,2513,12.00000000,57.70000076,nearest_land,-24.34976959
0,2000-01-01,0,3002,-0.85399997,60.74900055,nearest_land,-18.72835541
0,2000-01-01,0,3003,-1.29799998,59.87900162,nearest_land,-24.87934113
0,2000-01-01,0,3005,-1.18299997,60.13899994,nearest_land,18.49204254
0,2000-01-01,0,3006,-1.27699995,60.44699860,nearest_land,-45.32007599
0,2000-01-01,0,3008,-1.62800002,59.52700043,nearest_land,34.77693176
0,2000-01-01,0,3010,-4.40399981,59.08300018,nearest_land,12.00000000
0,2000-01-01,0,3011,-5.82999992,59.12400055,nearest_land,98.00000000
0,2000-01-01,0,3014,-2.06299996,60.11100006,nearest_land,15.15580559
0,2000-01-01,0,3017,-2.90000010,58.95399857,nearest_land,23.75096703
0,2000-01-01,0,3022,-7.38299990,57.47499847,nearest_land,1.73593092
0,2000-01-01,0,3023,-7.39699984,57.35800171,nearest_land,4.00000000
0,2000-01-01,0,3026,-6.32499981,58.21400070,nearest_land,15.00000000
0,2000-01-01,0,3031,-4.89599991,57.72499847,nearest_land,-45.69036865
0,2000-01-01,0,3034,-5.63600016,57.85900116,nearest_land,-50.07656479
0,2000-01-01,0,3035,-7.44890022,57.02569962,nearest_land,-6.34397697
0,2000-01-01,0,3037,-5.80900002,57.25699997,nearest_land,-6.61795807
0,2000-01-01,0,3039,-5.68900013,57.41749954,nearest_land,229.74737549
0,2000-01-01,0,3041,-4.96999979,56.82199860,nearest_land,385.65771484
0,2000-01-01,0,3044,-4.44199991,58.28799820,nearest_land,-41.00539398
0,2000-01-01,0,3047,-4.70800018,56.86700058,nearest_land,-30.88766479
0,2000-01-01,0,3055,-3.38499999,58.87400055,nearest_land,-133.15632629
0,2000-01-01,0,3062,-3.96600008,57.81900024,nearest_land,1.02357078
0,2000-01-01,0,3063,-3.82699990,57.20600128,nearest_land,-42.86392212
0,2000-01-01,0,3065,-3.64199996,57.11600113,nearest_land,409.23620605
0,2000-01-01,0,3066,-3.56060004,57.64939880,nearest_land,3.49977183
0,2000-01-01,0,3068,-3.32200003,57.71200180,nearest_land,6.00000000
0,2000-01-01,0,3070,-3.34400010,57.35400009,nearest_land,-158.88165283
0,2000-01-01,0,3072,-3.42000008,56.87900162,nearest_land,211.53350830
0,2000-01-01,0,3075,-3.08899999,58.45399857,nearest_land,13.87753296
0,2000-01-01,0,3080,-2.83599997,57.07699966,nearest_land,-45.14903259
0,2000-01-01,0,3081,-3.39700007,57.00600052,nearest_land,-59.38949585
0,2000-01-01,0,3088,-2.26399994,56.85200119,nearest_land,28.99602509
0,2000-01-01,0,3091,-2.20199990,57.20600128,nearest_land,12.83668137
0,2000-01-01,0,3092,-1.77300000,57.50299835,nearest_land,3.13555336
0,2000-01-01,0,3094,-2.12100005,57.69800186,nearest_land,-10.20721912
0,2000-01-01,0,3100,-6.88700008,56.49700165,nearest_land,1.97698689
0,2000-01-01,0,3105,-6.25600004,55.68099976,nearest_land,-20.93107605
0,2000-01-01,0,3111,-5.69899988,55.44100189,nearest_land,-7.63298607
0,2000-01-01,0,3114,-5.47499990,56.40999985,nearest_land,-13.64725494
0,2000-01-01,0,3116,-5.00099993,56.40999985,nearest_land,-159.25239563
0,2000-01-01,0,3120,-5.30600023,55.70600128,nearest_land,-29.58935547
0,2000-01-01,0,3130,-4.93599987,54.85900116,nearest_land,0.34941387
0,2000-01-01,0,3132,-4.93599987,54.85900116,nearest_land,0.34941387
0,2000-01-01,0,3134,-4.53299999,55.90700150,nearest_land,22.22137070
0,2000-01-01,0,3136,-4.58500004,55.51499939,nearest_land,-15.18515015
0,2000-01-01,0,3138,-4.79400015,55.96200180,nearest_land,-2.86921692
0,2000-01-01,0,3139,-4.22599983,55.60100174,nearest_land,-9.11648560
0,2000-01-01,0,3140,-4.43330002,55.86669922,nearest_land,-2.30182457
0,2000-01-01,0,3144,-3.72900009,56.32600021,nearest_land,-26.87803268
0,2000-01-01,0,3148,-4.32000017,56.42300034,nearest_land,228.34545898
0,2000-01-01,0,3152,-3.87500000,55.86199951,nearest_land,47.51152039
0,2000-01-01,0,3153,-4.00799990,54.80300140,nearest_land,-12.33560181
0,2000-01-01,0,3154,-3.64400005,55.05400085,nearest_land,0.85262108
0,2000-01-01,0,3155,-3.73499990,55.62699890,nearest_land,35.83834839
0,2000-01-01,0,3158,-2.38299990,55.70899963,nearest_land,5.41244507
0,2000-01-01,0,3160,-3.34699988,55.95100021,nearest_land,7.55653381
0,2000-01-01,0,3162,-3.20600009,55.31100082,nearest_land,-62.78485107
0,2000-01-01,0,3166,-3.34299994,55.92800140,nearest_land,7.79050446
0,2000-01-01,0,3171,-2.86199999,56.37699890,nearest_land,-1.08088112
0,2000-01-01,0,3173,-3.18799996,55.92300034,nearest_land,50.16209412
0,2000-01-01,0,3174,-2.58500004,56.27899933,nearest_land,12.00000000
0,2000-01-01,0,3176,-2.51699996,55.35900116,nearest_land,92.23362732
0,2000-01-01,0,3188,-2.03200006,55.75400162,nearest_land,12.77838516
0,2000-01-01,0,3204,-4.63210011,54.08489990,nearest_land,-32.75025558
0,2000-01-01,0,3210,-3.61500001,54.51810074,nearest_land,65.59407043
0,2000-01-01,0,3212,-3.15700006,54.61399841,nearest_land,-201.85269165
0,2000-01-01,0,3213,-3.40700006,54.32500076,nearest_land,-0.05481720
0,2000-01-01,0,3214,-3.25699997,54.12500000,nearest_land,12.71864891
0,2000-01-01,0,3220,-2.96300006,54.93299866,nearest_land,10.15642929
0,2000-01-01,0,3224,-2.55299997,55.04999924,nearest_land,-2.83517456
0,2000-01-01,0,3225,-2.68400002,54.50099945,nearest_land,-3.58200073
0,2000-01-01,0,3226,-2.41300011,54.57199860,nearest_land,-146.67861938
0,2000-01-01,0,3227,-2.45000005,54.68399811,nearest_land,213.00701904
0,2000-01-01,0,3230,-2.27900004,55.28499985,nearest_land,-23.84403992
0,2000-01-01,0,3235,-2.08899999,54.82099915,nearest_land,87.37625122
0,2000-01-01,0,3238,-1.88000000,55.02000046,nearest_land,10.51000977
0,2000-01-01,0,3240,-1.60000002,55.42100143,nearest_land,-7.55831528
0,2000-01-01,0,3246,-1.59700000,54.97700119,nearest_land,10.19039154
0,2000-01-01,0,3257,-1.52999997,54.29600143,nearest_land,3.04225922
0,2000-01-01,0,3261,-1.41400003,54.13399887,nearest_land,-0.12971878
0,2000-01-01,0,3262,-1.41499996,55.01800156,nearest_land,25.69661522
0,2000-01-01,0,3265,-1.38999999,54.20399857,nearest_land,-3.71401024
0,2000-01-01,0,3266,-1.25000000,54.04499817,nearest_land,-1.59135246
0,2000-01-01,0,3275,-0.86299998,54.56299973,nearest_land,135.44712830
0,2000-01-01,0,3281,-0.67299998,54.36199951,nearest_land,38.62651062
0,2000-01-01,0,3292,-0.17399999,54.09400177,nearest_land,-43.80665588
0,2000-01-01,0,3301,-4.37599993,53.25999832,nearest_land,-10.22802734
0,2000-01-01,0,3302,-4.53700018,53.25199890,nearest_land,0.69238377
0,2000-01-01,0,3305,-3.94099998,53.09299850,nearest_land,-67.86294556
0,2000-01-01,0,3308,-4.07700014,53.06800079,nearest_land,501.73486328
0,2000-01-01,0,3313,-3.50900006,53.25899887,nearest_land,54.39408112
0,2000-01-01,0,3316,-3.05599999,53.49700165,nearest_land,0.94863796
0,2000-01-01,0,3318,-3.03699994,53.77600098,nearest_land,1.34276962
0,2000-01-01,0,3321,-2.98600006,53.17399979,nearest_land,4.23594904
0,2000-01-01,0,3330,-1.97990000,53.12760162,nearest_land,25.94027710
0,2000-01-01,0,3334,-2.27900004,53.35599899,nearest_land,10.12273407
0,2000-01-01,0,3339,-2.02900004,53.96699905,nearest_land,-18.67561340
0,2000-01-01,0,3344,-1.86500001,53.81100082,nearest_land,8.71104431
0,2000-01-01,0,3345,-1.66400003,53.61299896,nearest_land,79.06307983
0,2000-01-01,0,3346,-1.66700006,53.61700058,nearest_land,87.06307983
0,2000-01-01,0,3347,-1.55999994,53.79999924,nearest_land,-6.07854462
0,2000-01-01,0,3348,-2.15400004,53.34000015,nearest_land,-4.98196411
0,2000-01-01,0,3350,-1.58200002,53.43299866,nearest_land,212.28550720
0,2000-01-01,0,3351,-2.38050008,53.35979843,nearest_land,-0.42290115
0,2000-01-01,0,3354,-1.25000000,53.00500107,nearest_land,5.82638550
0,2000-01-01,0,3355,-1.19700003,53.83599854,nearest_land,0.46087217
0,2000-01-01,0,3373,-0.54600000,53.30699921,nearest_land,2.08194733
0,2000-01-01,0,3377,-0.52100003,53.17499924,nearest_land,3.56677246
0,2000-01-01,0,3379,-0.50199997,53.03099823,nearest_land,3.12388992
0,2000-01-01,0,3382,-0.43300000,53.86700058,nearest_land,4.42221832
0,2000-01-01,0,3384,-0.44000000,53.87400055,nearest_land,4.42221832
0,2000-01-01,0,3385,0.15400000,53.47299957,nearest_land,8.00000000
0,2000-01-01,0,3391,-0.17100000,53.09400177,nearest_land,-3.49849319
0,2000-01-01,0,3392,0.27399999,53.08800125,nearest_land,0.17725372
0,2000-01-01,0,3402,-4.63800001,52.82300186,nearest_land,124.40686035
0,2000-01-01,0,3403,-4.08199978,52.99499893,nearest_land,-134.53846741
0,2000-01-01,0,3405,-4.74200010,52.78900146,nearest_land,74.87811279
0,2000-01-01,0,3407,-4.12400007,52.80199814,nearest_land,5.78687620
0,2000-01-01,0,3409,-3.58299994,52.91699982,nearest_land,-127.10290527
0,2000-01-01,0,3410,-3.46399999,52.75699997,nearest_land,41.00317383
0,2000-01-01,0,3414,-2.66300011,52.79399872,nearest_land,-2.92198181
0,2000-01-01,0,3453,-0.65399998,52.72700119,nearest_land,7.88708496
0,2000-01-01,0,3462,-0.45899999,52.61109924,nearest_land,4.59555054
0,2000-01-01,0,3469,0.14100000,52.87300110,nearest_land,3.00000000
0,2000-01-01,0,3482,0.56900001,52.65100098,nearest_land,0.58829308
0,2000-01-01,0,3488,1.12699997,52.94900131,nearest_land,10.65082741
0,2000-01-01,0,3492,1.30200005,52.62500000,nearest_land,-0.58984756
0,2000-01-01,0,3495,1.35599995,52.75600052,nearest_land,-0.63762283
0,2000-01-01,0,3496,1.69299996,52.68600082,nearest_land,11.85582352
0,2000-01-01,0,3497,1.75000000,52.56700134,nearest_land,0.82784605
0,2000-01-01,0,3501,-4.00099993,52.41699982,nearest_land,-7.71569061
0,2000-01-01,0,3502,-4.57100010,52.13899994,nearest_land,96.42002869
0,2000-01-01,0,3503,-3.94700003,52.34400177,nearest_land,-102.81103516
0,2000-01-01,0,3507,-3.61400008,52.06299973,nearest_land,-50.77423096
0,2000-01-01,0,3520,-2.88499999,52.24200058,nearest_land,-26.28588104
0,2000-01-01,0,3522,-2.79999995,52.08300018,nearest_land,-6.34146118
0,2000-01-01,0,3527,-2.30500007,52.12099838,nearest_land,4.67286682
0,2000-01-01,0,3529,-2.03999996,52.14799881,nearest_land,-0.51714706
0,2000-01-01,0,3534,-1.74100006,52.45199966,nearest_land,-3.14728546
0,2000-01-01,0,3535,-1.68900001,52.47999954,nearest_land,13.24760437
0,2000-01-01,0,3544,-1.33000004,52.35800171,nearest_land,11.75257111
0,2000-01-01,0,3559,-0.42100000,52.10400009,nearest_land,0.10940933
0,2000-01-01,0,3560,-0.46399999,52.22499847,nearest_land,7.68486023
0,2000-01-01,0,3566,-0.11400000,52.35300064,nearest_land,5.85840225
0,2000-01-01,0,3583,0.56110001,52.40940094,nearest_land,0.34041405
0,2000-01-01,0,3586,0.77399999,52.34000015,nearest_land,15.45719528
0,2000-01-01,0,3590,0.96100003,52.12300110,nearest_land,5.05311584
0,2000-01-01,0,3604,-5.05499983,51.70800018,nearest_land,8.10677719
0,2000-01-01,0,3605,-4.36800003,51.71300125,nearest_land,-8.34494972
0,2000-01-01,0,3609,-3.98099995,51.56499863,nearest_land,22.65495682
0,2000-01-01,0,3628,-2.57599998,51.52099991,nearest_land,-13.44178772
0,2000-01-01,0,3629,-2.71600008,51.50600052,nearest_land,9.00000000
0,2000-01-01,0,3647,-1.69200003,51.86000061,nearest_land,21.08114624
0,2000-01-01,0,3649,-1.57599998,51.75799942,nearest_land,-3.25099182
0,2000-01-01,0,3658,-1.09700000,51.61999893,nearest_land,-26.83580780
0,2000-01-01,0,3660,-0.80199999,51.68000031,nearest_land,-7.01640320
0,2000-01-01,0,3670,-0.40000001,51.61690140,nearest_land,35.33280945
0,2000-01-01,0,3672,-0.41499999,51.54800034,nearest_land,-4.35619354
0,2000-01-01,0,3680,-0.36019999,51.80670166,nearest_land,13.08246613
0,2000-01-01,0,3683,0.22499999,51.88000107,nearest_land,7.86415100
0,2000-01-01,0,3684,0.45300001,51.89599991,nearest_land,6.77612305
0,2000-01-01,0,3693,0.82999998,51.55400085,nearest_land,2.00000000
0,2000-01-01,0,3696,1.28299999,51.85400009,nearest_land,-0.59052086
0,2000-01-01,0,3705,-4.22100019,51.11800003,nearest_land,-48.35894012
0,2000-01-01,0,3707,-4.14900017,51.08900070,nearest_land,-48.07876587
0,2000-01-01,0,3710,-3.60800004,51.08700180,nearest_land,8.43457031
0,2000-01-01,0,3715,-3.34299994,51.40000153,nearest_land,15.27524567
0,2000-01-01,0,3716,-3.44000006,51.40499878,nearest_land,2.10685730
0,2000-01-01,0,3717,-3.17799997,51.47800064,nearest_land,29.44456673
0,2000-01-01,0,3726,-2.59999990,51.46670151,nearest_land,-7.50942612
0,2000-01-01,0,3740,-1.99240005,51.50310135,nearest_land,26.61692810
0,2000-01-01,0,3743,-1.80499995,51.20100021,nearest_land,15.74009705
0,2000-01-01,0,3746,-1.75399995,51.16099930,nearest_land,17.75005341
0,2000-01-01,0,3749,-1.57000005,51.14899826,nearest_land,1.71585083
0,2000-01-01,0,3761,-0.94400001,51.23799896,nearest_land,22.71313477
0,2000-01-01,0,3763,-0.78399998,51.38999939,nearest_land,-11.18618774
0,2000-01-01,0,3768,-0.77200001,51.27899933,nearest_land,6.94521332
0,2000-01-01,0,3769,-0.23330000,51.15000153,nearest_land,-19.37167358
0,2000-01-01,0,3770,-0.13110000,51.50490189,nearest_land,-20.78229523
0,2000-01-01,0,3772,-0.44900000,51.47900009,nearest_land,-5.31810379
0,2000-01-01,0,3776,-0.19100000,51.15100098,nearest_land,5.84790421
0,2000-01-01,0,3779,-0.10800000,51.52099991,nearest_land,16.19367790
0,2000-01-01,0,3780,-0.13500001,51.21500015,nearest_land,-14.50219727
0,2000-01-01,0,3781,-0.09000000,51.30300140,nearest_land,31.01318359
0,2000-01-01,0,3784,0.31400001,51.46400070,nearest_land,-11.45749760
0,2000-01-01,0,3791,0.74699998,51.44499969,nearest_land,25.00000000
0,2000-01-01,0,3796,1.34800005,51.13299942,nearest_land,55.45449066
0,2000-01-01,0,3797,1.34609997,51.34220123,nearest_land,18.25147629
0,2000-01-01,0,3803,-6.30100012,49.91299820,nearest_land,19.15439224
0,2000-01-01,0,3808,-5.32999992,50.21799850,nearest_land,48.20647430
0,2000-01-01,0,3809,-5.25699997,50.08499908,nearest_land,15.87890625
0,2000-01-01,0,3810,-5.04699993,50.14500046,nearest_land,21.99188995
0,2000-01-01,0,3815,-5.20200014,49.95999908,nearest_land,-7.93033218
0,2000-01-01,0,3817,-4.99900007,50.43799973,nearest_land,24.21245575
0,2000-01-01,0,3820,-4.62200022,50.64099884,nearest_land,32.29190063
0,2000-01-01,0,3823,-4.66699982,50.50199890,nearest_land,11.88459778
0,2000-01-01,0,3827,-4.12099981,50.35400009,nearest_land,31.56446457
0,2000-01-01,0,3830,-3.98600006,50.93199921,nearest_land,46.83988953
0,2000-01-01,0,3831,-4.00799990,50.54899979,nearest_land,73.17947388
0,2000-01-01,0,3837,-3.50900006,50.39699936,nearest_land,8.00000000
0,2000-01-01,0,3839,-3.40499997,50.73699951,nearest_land,-5.64019775
0,2000-01-01,0,3840,-3.23900008,50.86000061,nearest_land,9.66925049
0,2000-01-01,0,3844,-3.40459991,50.73659897,nearest_land,-5.64019775
0,2000-01-01,0,3853,-2.64000010,51.00600052,nearest_land,1.09990692
0,2000-01-01,0,3857,-2.45400000,50.52199936,nearest_land,-23.83481598
0,2000-01-01,0,3858,-2.44899988,50.56499863,nearest_land,3.00000000
0,2000-01-01,0,3862,-1.83500004,50.77899933,nearest_land,-4.98212910
0,2000-01-01,0,3865,-1.40300000,50.90100098,nearest_land,15.61365128
0,2000-01-01,0,3866,-1.29700005,50.57699966,nearest_land,-67.91977692
0,2000-01-01,0,3872,-0.92299998,50.81499863,nearest_land,4.00000000
0,2000-01-01,0,3874,-1.20799994,50.80699921,nearest_land,1.76877642
0,2000-01-01,0,3876,-0.29200000,50.83599854,nearest_land,-11.18501472
0,2000-01-01,0,3882,0.31900001,50.88999939,nearest_land,9.17325592
0,2000-01-01,0,3894,-2.59999990,49.43999863,nearest_land,30.76596832
0,2000-01-01,0,3895,-2.19549990,49.20790100,nearest_land,5.55027771
0,2000-01-01,0,3896,-2.09999990,49.20000076,nearest_land,-16.00137329
0,2000-01-01,0,3901,-7.59410000,54.32949829,nearest_land,12.08744431
0,2000-01-01,0,3903,-7.65000010,54.40000153,nearest_land,-11.22045135
0,2000-01-01,0,3904,-7.57700014,54.70700073,nearest_land,-19.23183441
0,2000-01-01,0,3907,-6.94920015,55.16040039,nearest_land,2.81586075
0,2000-01-01,0,3908,-7.00799990,55.05699921,nearest_land,1.27279902
0,2000-01-01,0,3911,-6.81400013,54.72100067,nearest_land,-34.59814453
0,2000-01-01,0,3914,-6.65500021,55.20800018,nearest_land,-2.81029510
0,2000-01-01,0,3915,-6.45699978,54.86500168,nearest_land,-29.49626160
0,2000-01-01,0,3916,-6.15299988,55.18099976,nearest_land,-36.15794373
0,2000-01-01,0,3917,-6.22399998,54.66400146,nearest_land,6.47409058
0,2000-01-01,0,3923,-6.50199986,54.23699951,nearest_land,63.12474060
0,2000-01-01,0,3927,-5.66699982,54.66400146,nearest_land,8.67967606
0,2000-01-01,0,3928,-5.82999992,54.85200119,nearest_land,-7.37572861
0,2000-01-01,0,3930,-2.55929995,51.55139923,nearest_land,7.51435852
0,2000-01-01,0,3931,1.16400003,52.45619965,nearest_land,4.57825851
0,2000-01-01,0,3952,-8.25000000,51.79899979,nearest_land,-16.82535934
0,2000-01-01,0,3953,-10.25000000,51.93299866,nearest_land,-20.83653641
0,2000-01-01,0,3955,-8.49110031,51.84130096,nearest_land,66.49797058
0,2000-01-01,0,3956,-6.50000000,52.29999924,nearest_land,0.00000000
0,2000-01-01,0,3957,-6.33300018,52.25000000,nearest_land,21.10854149
0,2000-01-01,0,3958,-8.27519989,52.13800049,nearest_land,-23.95976257
0,2000-01-01,0,3960,-7.26599979,52.66600037,nearest_land,3.30088425
0,2000-01-01,0,3961,-6.91699982,52.86700058,nearest_land,7.92958069
0,2000-01-01,0,3962,-8.91600037,52.69900131,nearest_land,10.93409252
0,2000-01-01,0,3965,-7.88299990,53.08300018,nearest_land,7.96141815
0,2000-01-01,0,3967,-6.43889999,53.30559921,nearest_land,26.98650360
0,2000-01-01,0,3969,-6.25000000,53.43299866,nearest_land,28.88494492
0,2000-01-01,0,3970,-8.98299980,53.71599960,nearest_land,-2.67845154
0,2000-01-01,0,3971,-7.36600018,53.53300095,nearest_land,1.55309296
0,2000-01-01,0,3973,-8.81700039,53.90000153,nearest_land,44.99104309
0,2000-01-01,0,3974,-7.23299980,54.18299866,nearest_land,25.52957535
0,2000-01-01,0,3976,-10.00100040,54.23300171,nearest_land,-5.06369495
0,2000-01-01,0,3978,-8.23299980,54.50000000,nearest_land,4.70074463
0,2000-01-01,0,3979,-7.31699991,54.04999924,nearest_land,0.00000000
0,2000-01-01,0,3980,-7.33300018,55.36600113,nearest_land,9.27402687
0,2000-01-01,0,3982,-6.33330011,53.36389923,nearest_land,-0.49545670
0,2000-01-01,0,3985,-8.74870014,53.29869843,nearest_land,-5.21781158
0,2000-01-01,0,6030,9.84920025,57.09280014,nearest_land,-0.75910544
0,2000-01-01,0,6043,10.51700020,57.40000153,nearest_land,53.09166718
0,2000-01-01,0,6060,9.11670017,56.29999924,nearest_land,19.11442947
0,2000-01-01,0,6070,10.61699963,56.29999924,nearest_land,3.05310822
0,2000-01-01,0,6080,8.55340004,55.52590179,nearest_land,9.75698853
0,2000-01-01,0,6081,8.08329964,55.54999924,nearest_land,15.83358765
0,2000-01-01,0,6120,10.33300018,55.48300171,nearest_land,1.12072563
0,2000-01-01,0,6210,4.41699982,52.18299866,nearest_land,2.00000000
0,2000-01-01,0,6235,4.78299999,52.91699982,nearest_land,14.00000000
0,2000-01-01,0,6239,4.69610023,54.85390091,nearest_land,23.00000000
0,2000-01-01,0,6240,4.76700020,52.29999924,nearest_land,-4.00000000
0,2000-01-01,0,6242,4.90500021,53.23500061,nearest_land,10.80541611
0,2000-01-01,0,6251,5.34999990,53.38999939,nearest_land,0.29613286
0,2000-01-01,0,6252,3.22029996,53.21780014,nearest_land,30.00000000
0,2000-01-01,0,6260,5.18300009,52.09999847,nearest_land,-4.15429449
0,2000-01-01,0,6269,5.53299999,52.45000076,nearest_land,-4.00000000
0,2000-01-01,0,6270,5.76700020,53.21699905,nearest_land,1.00000000
0,2000-01-01,0,6275,5.87220001,52.05500031,nearest_land,2.85267639
0,2000-01-01,0,6279,6.46670008,52.71670151,nearest_land,-0.83294010
0,2000-01-01,0,6280,6.58300018,53.13299942,nearest_land,1.04711020
0,2000-01-01,0,6290,6.90000010,52.26699829,nearest_land,6.14989471
0,2000-01-01,0,6310,3.59999990,51.45000076,nearest_land,10.00000000
0,2000-01-01,0,6321,3.27500010,51.99779892,nearest_land,17.00000000
0,2000-01-01,0,6344,4.43720007,51.95959854,nearest_land,-5.00000000
0,2000-01-01,0,6370,5.41699982,51.45000076,nearest_land,0.73876381
0,2000-01-01,0,6380,5.78299999,50.91699982,nearest_land,8.94676971
0,2000-01-01,0,6407,2.87400007,51.19979858,nearest_land,1.87800097
0,2000-01-01,0,6408,2.91669989,51.23329926,nearest_land,5.89172745
0,2000-01-01,0,6432,3.83299994,50.56700134,nearest_land,3.74348831
0,2000-01-01,0,6447,4.34999990,50.79999924,nearest_land,16.24444580
0,2000-01-01,0,6449,4.44999981,50.46699905,nearest_land,21.69053650
0,2000-01-01,0,6450,4.46700001,51.20000076,nearest_land,5.65627956
0,2000-01-01,0,6451,4.53299999,50.90000153,nearest_land,34.07315445
0,2000-01-01,0,6456,4.65000010,50.23300171,nearest_land,1.10089111
0,2000-01-01,0,6476,5.40000010,50.03300095,nearest_land,25.64709473
0,2000-01-01,0,6490,5.91699982,50.48300171,nearest_land,73.29370117
0,2000-01-01,0,6496,6.18300009,50.46699905,nearest_land,-13.38592529
0,2000-01-01,0,6590,6.21600008,49.61600113,nearest_land,16.40441895
0,2000-01-01,0,6660,8.56700039,47.38299942,nearest_land,1.04119873
0,2000-01-01,0,6670,8.54920006,47.46469879,nearest_land,-84.53027344
0,2000-01-01,0,6680,9.34360027,47.24940109,nearest_land,858.02551270
0,2000-01-01,0,6700,6.13299990,46.25000000,nearest_land,9.82144165
0,2000-01-01,0,6712,6.91669989,46.33330154,nearest_land,-1.31048584
0,2000-01-01,0,6720,7.33099985,46.22000122,nearest_land,-243.45690918
0,2000-01-01,0,6730,7.98330021,46.54999924,nearest_land,692.38964844
0,2000-01-01,0,6748,7.75000000,46.03300095,nearest_land,-974.03613281
0,2000-01-01,0,6760,8.77999973,46.16999817,nearest_land,-326.65075684
0,2000-01-01,0,7002,1.60000002,50.73329926,nearest_land,7.86920166
0,2000-01-01,0,7005,1.83299994,50.13299942,nearest_land,9.91693878
0,2000-01-01,0,7015,3.08940005,50.56190109,nearest_land,4.95896912
0,2000-01-01,0,7020,-1.93299997,49.71699905,nearest_land,-27.39952087
0,2000-01-01,0,7028,0.06670000,49.51670074,nearest_land,13.13775635
0,2000-01-01,0,7037,1.18299997,49.38299942,nearest_land,16.65179443
0,2000-01-01,0,7070,4.05000019,49.31000137,nearest_land,6.14646149
0,2000-01-01,0,7110,-4.41599989,48.44900131,nearest_land,9.39444733
0,2000-01-01,0,7127,-1.85000002,48.72000122,nearest_land,40.00000000
0,2000-01-01,0,7130,-1.73479998,48.06949997,nearest_land,4.93005371
0,2000-01-01,0,7145,2.00920010,48.77330017,nearest_land,1.22555542
0,2000-01-01,0,7149,2.39299989,48.71699905,nearest_land,13.24766541
0,2000-01-01,0,7150,2.43799996,48.96469879,nearest_land,11.68104935
0,2000-01-01,0,7157,2.54999995,49.01279831,nearest_land,8.03419495
0,2000-01-01,0,7190,7.62820005,48.53829956,nearest_land,7.98866272
0,2000-01-01,0,7222,-1.60000002,47.16669846,nearest_land,9.59490967
0,2000-01-01,0,7249,1.75000000,47.98300171,nearest_land,4.84171295
0,2000-01-01,0,7280,5.09000015,47.26890182,nearest_land,0.23234558
0,2000-01-01,0,7299,7.52990007,47.58959961,nearest_land,24.99534607
0,2000-01-01,0,7306,-1.37909997,46.70000076,nearest_land,13.26222229
0,2000-01-01,0,7314,-1.41700006,46.04999924,nearest_land,18.08285904
0,2000-01-01,0,7354,1.73070002,46.86220169,nearest_land,3.10137939
0,2000-01-01,0,7412,-0.31700000,45.66699982,nearest_land,1.65312195
0,2000-01-01,0,7434,1.17939997,45.86280060,nearest_land,-0.25817871
0,2000-01-01,0,7460,3.16919994,45.78670120,nearest_land,10.29748535
0,2000-01-01,0,7475,4.29640007,45.54059982,nearest_land,4.37283325
0,2000-01-01,0,7480,4.93779993,45.72610092,nearest_land,1.05903625
0,2000-01-01,0,7481,5.09079981,45.72639847,nearest_land,6.85047913
0,2000-01-01,0,7486,5.33330011,45.36669922,nearest_land,-20.64947510
0,2000-01-01,0,7491,5.86670017,45.63330078,nearest_land,-22.35092163
0,2000-01-01,0,10004,6.34999990,54.16669846,nearest_land,0.00000000
0,2000-01-01,0,10015,7.89309978,54.17639923,nearest_land,8.00000000
0,2000-01-01,0,10020,8.41250038,55.01250076,nearest_land,21.14046288
0,2000-01-01,0,10046,10.14999962,54.34999847,nearest_land,31.00000000
0,2000-01-01,0,10055,11.09000015,54.52999878,nearest_land,1.00000000
0,2000-01-01,0,10142,9.34000015,53.59379959,nearest_land,18.09247780
0,2000-01-01,0,10147,9.98820019,53.63040161,nearest_land,-3.90174294
0,2000-01-01,0,10156,10.69999981,53.81700134,nearest_land,2.34591866
0,2000-01-01,0,10224,8.80000019,53.04999924,nearest_land,-0.65275812
0,2000-01-01,0,10238,9.93299961,52.81700134,nearest_land,-5.84178162
0,2000-01-01,0,10253,11.13920021,52.97389984,nearest_land,4.05052567
0,2000-01-01,0,10314,7.53299999,52.33300018,nearest_land,1.32566071
0,2000-01-01,0,10315,7.68480015,52.13460159,nearest_land,-1.17303848
0,2000-01-01,0,10320,8.31700039,51.93299866,nearest_land,1.69927979
0,2000-01-01,0,10338,9.68509960,52.46110153,nearest_land,5.56266403
0,2000-01-01,0,10400,6.76870012,51.29600143,nearest_land,6.67525482
0,2000-01-01,0,10401,6.13299990,51.20000076,nearest_land,1.16194153
0,2000-01-01,0,10405,6.13299990,51.59999847,nearest_land,10.11788368
0,2000-01-01,0,10410,6.96600008,51.39899826,nearest_land,22.14035034
0,2000-01-01,0,10506,6.87029982,50.36109924,nearest_land,35.16177368
0,2000-01-01,0,10513,7.14270020,50.86589813,nearest_land,12.70465088
0,2000-01-01,0,10607,6.69999981,49.84170151,nearest_land,71.67044067
0,2000-01-01,0,10614,7.59999990,49.43669891,nearest_land,-14.29302979
0,2000-01-01,0,10616,7.26389980,49.94869995,nearest_land,77.08868408
0,2000-01-01,0,10635,8.44999981,50.21699905,nearest_land,97.47717285
0,2000-01-01,0,10637,8.60000038,50.04999924,nearest_land,-3.05982208
0,2000-01-01,0,10648,9.10000038,49.71699905,nearest_land,64.16821289
0,2000-01-01,0,10708,7.11700010,49.21699905,nearest_land,-18.61425781
0,2000-01-01,0,10727,8.36670017,49.03329849,nearest_land,35.76875305
0,2000-01-01,0,10738,9.23299980,48.68299866,nearest_land,12.72760010
0,2000-01-01,0,10739,9.19999981,48.83330154,nearest_land,45.09155273
0,2000-01-01,0,16066,8.72809982,45.63059998,nearest_land,5.03779602
0,2000-01-01,0,16080,9.27670002,45.44509888,nearest_land,2.26377869
0,2000-01-01,0,99001,-3.48300004,50.40000153,nearest_land,58.00000000
0,2000-01-01,0,99003,-4.73299980,58.16699982,nearest_land,-8.44200897
0,2000-01-01,0,99005,-4.23299980,56.93299866,nearest_land,-17.06161499
0,2000-01-01,0,99006,-5.43300009,56.45000076,nearest_land,-4.51497984
0,2000-01-01,0,99008,0.44999999,51.28300095,nearest_land,14.40614510
0,2000-01-01,0,99010,-2.38299990,57.45000076,nearest_land,-45.67837524
0,2000-01-01,0,99014,-6.09999990,54.29999924,nearest_land,-99.10601807
0,2000-01-01,0,99015,-6.18300009,54.06700134,nearest_land,-339.32015991
0,2000-01-01,0,99016,-3.91700006,58.23300171,nearest_land,-100.70520020
0,2000-01-01,0,99017,-1.58299994,50.66299820,nearest_land,59.03150940
0,2000-01-01,0,99018,-5.58300018,54.66699982,nearest_land,34.00000000
0,2000-01-01,0,99019,-4.36700010,54.41699982,nearest_land,-13.66327286
0,2000-01-01,0,99020,-4.65000010,56.41699982,nearest_land,-267.09277344
0,2000-01-01,0,99021,-2.51699996,53.61700058,nearest_land,87.66784668
0,2000-01-01,0,99024,-3.86700010,55.86700058,nearest_land,47.51152039
0,2000-01-01,0,99025,-1.25000000,52.83300018,nearest_land,5.15608215
0,2000-01-01,0,99028,-1.93369997,52.47510147,nearest_land,13.49559021
0,2000-01-01,0,99029,-2.25139999,53.46670151,nearest_land,-3.39081955
0,2000-01-01,0,99038,-2.16720009,51.89419937,nearest_land,6.37132072
0,2000-01-01,0,99040,-1.78550005,53.64559937,nearest_land,21.12046051
0,2000-01-01,0,99044,-1.48300004,53.38299942,nearest_land,40.08434296
0,2000-01-01,0,99049,-1.58299994,54.76699829,nearest_land,41.69696426
0,2000-01-01,0,99053,-1.42519999,55.01729965,nearest_land,14.69661522
0,2000-01-01,0,99055,-2.98300004,53.36700058,nearest_land,43.00000000
0,2000-01-01,0,99057,-0.60000002,52.01699829,nearest_land,-0.84317780
0,2000-01-01,0,99058,-0.34999999,51.79999924,nearest_land,13.08246613
0,2000-01-01,0,99059,-2.04999995,52.09999847,nearest_land,14.64616013
0,2000-01-01,0,99060,-2.46700001,53.84999847,nearest_land,17.91915131
0,2000-01-01,0,99062,-1.92620003,52.45600128,nearest_land,14.86478424
0,2000-01-01,0,99063,-2.18300009,53.59999847,nearest_land,-45.70358276
0,2000-01-01,0,99068,-2.43300009,52.76699829,nearest_land,1.31870270
0,2000-01-01,0,99069,-1.68499994,55.21500015,nearest_land,-76.30517578
0,2000-01-01,0,99070,-1.53299999,52.41699982,nearest_land,10.83487701
0,2000-01-01,0,99077,-1.33299994,53.86700058,nearest_land,15.32946396
0,2000-01-01,0,99078,-0.23300000,52.40000153,nearest_land,18.89974213
0,2000-01-01,0,99079,-1.39419997,50.89250183,nearest_land,20.45521927
0,2000-01-01,0,99080,-0.46700001,51.31700134,nearest_land,4.12866974
0,2000-01-01,0,99081,-3.90000010,50.76699829,nearest_land,17.40841675
0,2000-01-01,0,99085,-3.47399998,50.72700119,nearest_land,3.40351295
0,2000-01-01,0,99086,-5.75000000,54.66699982,nearest_land,16.06294060
0,2000-01-01,0,99088,-4.56500006,55.47700119,nearest_land,7.50880051
0,2000-01-01,0,99089,-3.39599991,57.01100159,nearest_land,-153.94540405
0,2000-01-01,0,99090,-3.95000005,54.92499924,nearest_land,14.38166428
0,2000-01-01,0,99092,-5.30800009,57.61299896,nearest_land,-381.62457275
0,2000-01-01,0,99093,-2.26999998,52.99000168,nearest_land,31.31004333
0,2000-01-01,0,99094,-3.97799993,50.70199966,nearest_land,35.28674316
0,2000-01-01,0,99095,-0.28999999,51.48199844,nearest_land,-7.80071354
0,2000-01-01,0,99098,1.26699996,52.66699982,nearest_land,2.80414200
0,2000-01-01,0,99099,-0.44900000,51.47900009,nearest_land,-5.31810379
0,2000-01-01,0,99102,-0.66399997,51.49300003,nearest_land,-1.30118752
0,2000-01-01,0,99107,-1.48300004,53.38299942,nearest_land,25.08434296
0,2000-01-01,0,99113,-2.70300007,53.77399826,nearest_land,-3.69446564
0,2000-01-01,0,99114,-5.82800007,54.60300064,nearest_land,-104.74272156
0,2000-01-01,0,99115,-0.87900001,52.27299881,nearest_land,19.06629944
0,2000-01-01,0,99116,-0.64099997,54.10499954,nearest_land,54.32509613
0,2000-01-01,0,99117,-5.18400002,57.15599823,nearest_land,-125.46417236
0,2000-01-01,0,99118,0.67400002,52.45899963,nearest_land,-28.51925659
0,2000-01-01,0,99119,-0.84899998,51.17800140,nearest_land,24.86811829
0,2000-01-01,0,99121,-6.25400019,55.04800034,nearest_land,-51.42617798
0,2000-01-01,0,99122,1.29600000,52.93299866,nearest_land,37.00000000
0,2000-01-01,0,99123,0.10300000,52.24499893,nearest_land,15.97987938
0,2000-01-01,0,99124,0.56900001,52.25999832,nearest_land,17.86648560
0,2000-01-01,0,99125,-4.37200022,57.46099854,nearest_land,35.49938965
0,2000-01-01,0,99126,0.46200001,51.07699966,nearest_land,5.47912598
0,2000-01-01,0,99127,0.43200001,51.73300171,nearest_land,-3.69405746
0,2000-01-01,0,99128,-2.21900010,51.60599899,nearest_land,-3.33930969
0,2000-01-01,0,99129,-2.51699996,55.35800171,nearest_land,15.94180298
0,2000-01-01,0,99130,-5.82999992,54.24499893,nearest_land,0.11916542
0,2000-01-01,0,99131,-6.96600008,54.88499832,nearest_land,100.38966370
0,2000-01-01,0,99132,-4.48400021,57.32899857,nearest_land,-103.73263550
0,2000-01-01,0,99133,-2.21300006,57.18700027,nearest_land,33.97847748
0,2000-01-01,0,99134,-4.22599983,55.60100174,nearest_land,-9.11648560
0,2000-01-01,0,99135,-4.90999985,55.74800110,nearest_land,-50.20582962
0,2000-01-01,0,99136,0.65600002,52.82400131,nearest_land,-2.61379242
0,2000-01-01,0,99137,-3.45799994,54.64899826,nearest_land,-6.73815918
0,2000-01-01,0,99138,-3.26699996,51.78300095,nearest_land,-53.32995605
0,2000-01-01,0,99139,-0.17800000,51.56000137,nearest_land,47.17560577
0,2000-01-01,0,99141,-1.95299995,51.94800186,nearest_land,-16.44242859
0,2000-01-01,0,99142,-0.42100000,54.27299881,nearest_land,80.15188599
0,2000-01-01,0,99143,-3.07900000,54.61999893,nearest_land,-85.24508667
0,2000-01-01,0,99144,-7.56099987,54.18899918,nearest_land,3.09637451
0,2000-01-01,0,99145,-3.21900010,57.03749847,nearest_land,-96.48974609
0,2000-01-01,0,99146,-1.93299997,52.25000000,nearest_land,8.18992615
0,2000-01-01,0,99147,-5.65000010,54.56700134,nearest_land,-25.73724937
0,2000-01-01,0,99148,1.28299999,52.16699982,nearest_land,8.66400528
0,2000-01-01,0,99149,-1.63300002,52.73300171,nearest_land,10.59061432
0,2000-01-01,0,99150,-4.01700020,52.43299866,nearest_land,-41.30666351
0,2000-01-01,0,99151,-0.88300002,53.40000153,nearest_land,34.30339050
0,2000-01-01,0,99152,-2.78299999,54.66699982,nearest_land,-2.58540344
0,2000-01-01,0,99153,-5.01700020,58.06700134,nearest_land,-124.31094360
0,2000-01-01,0,99154,0.03300000,51.06700134,nearest_land,61.68612671
0,2000-01-01,0,99155,-2.43300009,52.78300095,nearest_land,-10.52748108
0,2000-01-01,0,99157,-1.33299994,51.00000000,nearest_land,-1.22086334
0,2000-01-01,0,99158,-1.39999998,52.61700058,nearest_land,14.83706665
0,2000-01-01,0,99159,-1.95879996,50.61360168,nearest_land,-52.09604645
0,2000-01-01,0,99160,-3.18300009,51.48300171,nearest_land,-13.55543327
0,2000-01-01,0,99161,0.63300002,52.08300018,nearest_land,-16.79956818
0,2000-01-01,0,99162,-1.39999998,53.63299942,nearest_land,15.91245270
0,2000-01-01,0,99163,-4.15000010,52.91699982,nearest_land,-0.61046743
0,2000-01-01,0,99164,-2.95000005,52.58300018,nearest_land,-21.51660156
0,2000-01-01,0,99166,-1.39999998,52.00000000,nearest_land,-18.50705719
0,2000-01-01,0,99167,-2.10130000,54.30830002,nearest_land,-77.29904175
0,2000-01-01,0,99168,-6.90000010,57.78300095,nearest_land,-36.18120575
0,2000-01-01,0,99169,-2.76699996,53.84999847,nearest_land,-3.25344658
0,2000-01-01,0,99170,-3.45029998,52.21530151,nearest_land,-22.51744080
0,2000-01-01,0,99171,-1.76699996,53.81700134,nearest_land,17.79164886
0,2000-01-01,0,99172,-2.78299999,54.26699829,nearest_land,-52.63084793
0,2000-01-01,0,99173,-1.78299999,54.46699905,nearest_land,-31.84533691
0,2000-01-01,0,99174,-4.68300009,51.98300171,nearest_land,-10.71951294
0,2000-01-01,0,99175,-6.00000000,54.81700134,nearest_land,-32.79745483
0,2000-01-01,0,99176,-2.91700006,51.71699905,nearest_land,-70.07645416
0,2000-01-01,0,99177,-1.76699996,54.06700134,nearest_land,85.76824951
0,2000-01-01,0,99178,-0.64999998,53.63299942,nearest_land,12.87887192
0,2000-01-01,0,99179,-2.51699996,53.08300018,nearest_land,-1.06182098
0,2000-01-01,0,99180,-3.21700001,55.96699905,nearest_land,25.30137825
0,2000-01-01,0,99182,0.60000002,51.13299942,nearest_land,15.02801704
0,2000-01-01,0,99183,-0.93300003,51.43299866,nearest_land,11.58255005
0,2000-01-01,0,99184,-4.91699982,51.86700058,nearest_land,-44.36943817
0,2000-01-01,0,99185,-0.41700000,50.93299866,nearest_land,-14.35080338
0,2000-01-01,0,99186,-2.57900000,55.23400116,nearest_land,-167.80590820
0,2000-01-01,0,99187,-2.84999990,54.08300018,nearest_land,1.48623180
0,2000-01-01,0,99188,-6.51700020,55.23300171,nearest_land,32.38588715
0,2000-01-01,0,99189,-1.60000002,52.20000076,nearest_land,-5.45454025
0,2000-01-01,0,99190,-4.54479980,50.82799911,nearest_land,-47.69268036
0,2000-01-01,0,99191,-5.37349987,57.18159866,nearest_land,-381.49133301
0,2000-01-01,0,99192,-1.01699996,52.04999924,nearest_land,2.63969421
0,2000-01-01,0,99193,-4.95739985,54.74280167,nearest_land,8.08309364
0,2000-01-01,0,99194,-3.91470003,52.27159882,nearest_land,-173.96595764
0,2000-01-01,0,99195,-3.48300004,51.91669846,nearest_land,-23.65502930
0,2000-01-01,0,99196,-1.91680002,55.52989960,nearest_land,10.47353363
0,2000-01-01,0,99197,-0.38299999,51.41699982,nearest_land,-4.58224487
0,2000-01-01,0,99198,-1.54999995,51.51699829,nearest_land,-23.84158325
0,2000-01-01,0,99200,-4.30679989,55.90269852,nearest_land,-4.46733856
0,2000-01-01,0,99201,-3.98099995,51.60699844,nearest_land,-73.32614899
0,2000-01-01,0,99203,-0.00900000,51.53400040,nearest_land,-3.32075882
0,2000-01-01,0,99204,-0.01700000,51.54199982,nearest_land,8.99906063
0,2000-01-01,0,99205,-0.76700002,52.04999924,nearest_land,22.86560059
0,2000-01-01,0,99206,-1.59899998,53.80799866,nearest_land,11.35831451
0,2000-01-01,0,99207,-2.58570004,51.91120148,nearest_land,3.42774963
0,2000-01-01,0,99208,-2.21210003,53.44369888,nearest_land,-12.86993027
0,2000-01-01,0,99209,-1.90489995,52.48049927,nearest_land,7.67881775
0,2000-01-01,0,99212,-1.16700006,50.83300018,nearest_land,-6.93584156
0,2000-01-01,0,99213,-0.36700001,53.75000000,nearest_land,-0.88737392
0,2000-01-01,0,99214,-0.30000001,53.76699829,nearest_land,-0.46162915
0,2000-01-01,0,99220,1.16400003,52.45619965,nearest_land,4.57825851
0,2000-01-01,0,99223,-2.55929995,51.55139923,nearest_land,7.51435852
0,2000-01-01,0,99430,-0.34040001,51.42309952,nearest_land,-2.62226868
0,2000-01-01,0,99557,-2.16700006,54.09999847,nearest_land,-36.58755493
0,2000-01-01,0,99578,-2.55679989,53.60789871,nearest_land,-87.06295776
0,2000-01-01,0,99674,-0.85000002,51.11700058,nearest_land,-13.15151215
0,2000-01-01,0,1,0.69559997,51.57139969,nearest_minimum_dz,0.01955223
0,2000-01-01,0,2,-0.36829999,51.87440109,nearest_minimum_dz,1.12603760
0,2000-01-01,0,3,-1.35669994,50.95029831,nearest_minimum_dz,1.07508183
0,2000-01-01,0,4,0.02950000,51.32149887,nearest_minimum_dz,-2.44038391
0,2000-01-01,0,5,0.05800000,51.50479889,nearest_minimum_dz,-0.57166386
0,2000-01-01,0,6,0.93919998,50.95610046,nearest_minimum_dz,1.87287521
0,2000-01-01,0,7,-0.62669998,52.07030106,nearest_minimum_dz,5.32687378
0,2000-01-01,0,8,-5.87699986,54.61299896,nearest_minimum_dz,2.18571663
0,2000-01-01,0,9,-1.74810004,52.45389938,nearest_minimum_dz,0.06975555
0,2000-01-01,0,11,-2.71919990,51.38280106,nearest_minimum_dz,18.69915771
0,2000-01-01,0,12,0.17500000,52.20500183,nearest_minimum_dz,0.40215969
0,2000-01-01,0,14,-2.80920005,54.93750000,nearest_minimum_dz,-0.22345734
0,2000-01-01,0,15,-2.30559993,52.63999939,nearest_minimum_dz,-0.17214203
0,2000-01-01,0,17,-3.02579999,56.45249939,nearest_minimum_dz,1.65752125
0,2000-01-01,0,18,-1.32669997,52.83110046,nearest_minimum_dz,1.69809723
0,2000-01-01,0,19,-3.41389990,50.73440170,nearest_minimum_dz,0.41276932
0,2000-01-01,0,22,-0.34720001,53.57970047,nearest_minimum_dz,-0.04706001
0,2000-01-01,0,23,-4.04750013,57.54240036,nearest_minimum_dz,2.08616924
0,2000-01-01,0,24,0.56110001,52.40940094,nearest_minimum_dz,-0.09970284
0,2000-01-01,0,25,-1.66059995,53.86579895,nearest_minimum_dz,2.45144653
0,2000-01-01,0,26,-2.84999990,53.33359909,nearest_minimum_dz,3.14032936
0,2000-01-01,0,28,0.48830000,52.36080170,nearest_minimum_dz,3.44082069
0,2000-01-01,0,29,-1.69169998,55.03749847,nearest_minimum_dz,-0.75938416
0,2000-01-01,0,30,1.28279996,52.67610168,nearest_minimum_dz,-0.58984756
0,2000-01-01,0,32,-4.58669996,55.50780106,nearest_minimum_dz,1.19136810
0,2000-01-01,0,33,-1.29920006,60.43220139,nearest_minimum_dz,-0.38677979
0,2000-01-01,0,34,-1.38859999,53.39440155,nearest_minimum_dz,3.44742966
0,2000-01-01,0,37,-1.42349994,54.51250076,nearest_minimum_dz,1.22520065
0,2000-01-01,0,50,-0.12000000,52.34999847,nearest_minimum_dz,-1.98002625
0,2000-01-01,0,51,-2.16000009,55.25000000,nearest_minimum_dz,1.00550842
0,2000-01-01,0,52,-4.87209988,58.61750031,nearest_minimum_dz,-3.27259064
0,2000-01-01,0,53,-2.28640008,51.43920135,nearest_minimum_dz,0.16333008
0,2000-01-01,0,63,-4.32999992,53.09999847,nearest_minimum_dz,0.48393273
0,2000-01-01,0,69,-5.23000002,50.00000000,nearest_minimum_dz,0.00000000
0,2000-01-01,0,98,-2.88540006,53.74459839,nearest_minimum_dz,-0.24225044
0,2000-01-01,0,111,1.72000003,52.63000107,nearest_minimum_dz,-0.79295278
0,2000-01-01,0,127,-1.32040000,51.83560181,nearest_minimum_dz,1.26435852
0,2000-01-01,0,134,-1.77999997,51.68000031,nearest_minimum_dz,-1.19056702
0,2000-01-01,0,139,-0.73710001,51.79119873,nearest_minimum_dz,-0.40970612
0,2000-01-01,0,201,-3.23289990,54.10639954,nearest_minimum_dz,-0.10650349
0,2000-01-01,0,203,-4.94589996,56.28239822,nearest_minimum_dz,-4.54086304
0,2000-01-01,0,204,-0.22480001,52.72639847,nearest_minimum_dz,0.00000000
0,2000-01-01,0,205,-0.10620000,52.50410080,nearest_minimum_dz,0.49912286
0,2000-01-01,0,206,0.10820000,52.83789825,nearest_minimum_dz,0.00000000
0,2000-01-01,0,207,-0.02400000,52.43470001,nearest_minimum_dz,0.00000000
0,2000-01-01,0,208,-4.85449982,57.13069916,nearest_minimum_dz,64.23486328
0,2000-01-01,0,209,-4.13000011,58.04999924,nearest_minimum_dz,-9.12287140
0,2000-01-01,0,210,-1.37860000,54.66429901,nearest_minimum_dz,0.10137939
0,2000-01-01,0,211,-2.83010006,55.67060089,nearest_minimum_dz,4.60073853
0,2000-01-01,0,212,-1.75950003,54.74380112,nearest_minimum_dz,3.94088745
0,2000-01-01,0,213,-2.51620007,55.90069962,nearest_minimum_dz,3.27893066
0,2000-01-01,0,216,-4.81160021,55.68460083,nearest_minimum_dz,-1.94624329
0,2000-01-01,0,217,-0.64260000,53.62699890,nearest_minimum_dz,-1.48858643
0,2000-01-01,0,220,1.66719997,52.71260071,nearest_minimum_dz,14.88211823
0,2000-01-01,0,222,-3.60019994,52.54940033,nearest_minimum_dz,-3.32635498
0,2000-01-01,0,223,-5.55870008,55.63779831,nearest_minimum_dz,9.86608887
0,2000-01-01,0,224,-1.30159998,54.69319916,nearest_minimum_dz,-2.05339813
0,2000-01-01,0,225,-1.68460000,54.84700012,nearest_minimum_dz,-2.11515808
0,2000-01-01,0,226,-3.57399988,54.59460068,nearest_minimum_dz,1.06360245
0,2000-01-01,0,228,-5.09399986,54.87549973,nearest_minimum_dz,11.74220276
0,2000-01-01,0,229,0.10190000,53.66880035,nearest_minimum_dz,7.55805397
0,2000-01-01,0,230,-1.93770003,53.78160095,nearest_minimum_dz,18.41192627
0,2000-01-01,0,231,-3.48000002,57.45000076,nearest_minimum_dz,-2.66836548
0,2000-01-01,0,232,-3.03180003,53.45809937,nearest_minimum_dz,0.43984997
0,2000-01-01,0,233,-3.87879992,52.40940094,nearest_minimum_dz,-1.29696655
0,2000-01-01,0,234,-4.40939999,53.40719986,nearest_minimum_dz,-3.31161118
0,2000-01-01,0,235,-3.68330002,54.75000000,nearest_minimum_dz,0.00000000
0,2000-01-01,0,237,-1.68789995,53.53789902,nearest_minimum_dz,0.87332153
0,2000-01-01,0,238,1.78690004,52.64250183,nearest_minimum_dz,0.00000000
0,2000-01-01,0,240,0.14810000,52.58000183,nearest_minimum_dz,0.00000000
0,2000-01-01,0,242,-1.80239999,54.75830078,nearest_minimum_dz,4.50515747
0,2000-01-01,0,243,-4.22370005,57.47790146,nearest_minimum_dz,0.33575439
0,2000-01-01,0,244,-4.25890017,55.86370087,nearest_minimum_dz,-1.78984833
0,2000-01-01,0,245,-1.59700000,54.97700119,nearest_minimum_dz,-1.01117706
0,2000-01-01,0,246,-5.87699986,54.61299896,nearest_minimum_dz,2.18571663
0,2000-01-01,0,247,-1.89649999,52.47969818,nearest_minimum_dz,-0.32118225
0,2000-01-01,0,248,-2.24110007,53.47629929,nearest_minimum_dz,1.88964081
0,2000-01-01,0,249,-2.58969998,51.45370102,nearest_minimum_dz,-11.87923622
0,2000-01-01,0,250,-0.10800000,51.52099991,nearest_minimum_dz,0.14445829
0,2000-01-01,0,251,-3.52999997,50.72190094,nearest_minimum_dz,1.86194992
0,2000-01-01,0,253,-5.57800007,55.57120132,nearest_minimum_dz,-5.35324097
0,2000-01-01,0,254,-4.12430000,55.36460114,nearest_minimum_dz,8.35186768
0,2000-01-01,0,255,-5.15689993,56.03179932,nearest_minimum_dz,-5.76177979
0,2000-01-01,0,256,-2.85150003,55.80599976,nearest_minimum_dz,2.65582275
0,2000-01-01,0,257,-3.92059994,55.55459976,nearest_minimum_dz,46.24942017
0,2000-01-01,0,258,-6.10340023,54.80599976,nearest_minimum_dz,-8.17276001
0,2000-01-01,0,259,-6.81820011,55.01739883,nearest_minimum_dz,30.87823486
0,2000-01-01,0,260,-2.15479994,53.75030136,nearest_minimum_dz,-0.66824341
0,2000-01-01,0,261,-5.03380013,50.35200119,nearest_minimum_dz,-11.02725220
0,2000-01-01,0,262,-6.25629997,55.02989960,nearest_minimum_dz,1.96017456
0,2000-01-01,0,263,-8.01469994,54.43849945,nearest_minimum_dz,-0.14955139
0,2000-01-01,0,264,-3.75149989,55.77000046,nearest_minimum_dz,-1.79516602
0,2000-01-01,0,265,-4.33220005,57.80170059,nearest_minimum_dz,6.90753174
0,2000-01-01,0,266,-3.66350007,56.24489975,nearest_minimum_dz,52.28784180
0,2000-01-01,0,267,0.15140000,52.58610153,nearest_minimum_dz,0.00768459
0,2000-01-01,0,268,-4.24490023,55.68569946,nearest_minimum_dz,-0.36468506
0,2000-01-01,0,269,-4.05859995,55.22249985,nearest_minimum_dz,11.47470093
0,2000-01-01,0,270,-7.98880005,54.70009995,nearest_minimum_dz,-9.62927246
0,2000-01-01,0,271,-3.41939998,52.45159912,nearest_minimum_dz,12.50964355
0,2000-01-01,0,272,-5.27220011,56.38299942,nearest_minimum_dz,19.73727417
0,2000-01-01,0,273,-6.45499992,57.42900085,nearest_minimum_dz,68.82118225
0,2000-01-01,0,274,-3.44330001,58.29999924,nearest_minimum_dz,0.32034302
0,2000-01-01,0,275,-2.63700008,57.66099930,nearest_minimum_dz,5.13021088
0,2000-01-01,0,276,-4.06479979,56.26350021,nearest_minimum_dz,-3.09643555
0,2000-01-01,0,277,-3.37129998,57.53720093,nearest_minimum_dz,5.34890747
0,2000-01-01,0,278,-3.45679998,58.42940140,nearest_minimum_dz,0.49280548
0,2000-01-01,0,279,-3.75079989,52.40499878,nearest_minimum_dz,-20.43975830
0,2000-01-01,0,280,-3.65919995,55.18629837,nearest_minimum_dz,-0.17773438
0,2000-01-01,0,281,-3.35630012,56.67940140,nearest_minimum_dz,-3.54223633
0,2000-01-01,0,282,-4.10220003,56.07540131,nearest_minimum_dz,3.14257812
0,2000-01-01,0,283,-4.09410000,57.32500076,nearest_minimum_dz,8.43328857
0,2000-01-01,0,284,-2.64429998,57.41189957,nearest_minimum_dz,4.68035889
0,2000-01-01,0,285,-4.72300005,55.24580002,nearest_minimum_dz,-1.45524597
0,2000-01-01,0,286,-2.69300008,57.45019913,nearest_minimum_dz,-0.04742432
0,2000-01-01,0,287,-3.21630001,55.11270142,nearest_minimum_dz,-2.54611206
0,2000-01-01,0,288,-2.68939996,59.18960190,nearest_minimum_dz,2.37918472
0,2000-01-01,0,289,-5.67910004,55.49380112,nearest_minimum_dz,1.63041687
0,2000-01-01,0,294,-7.02440023,54.96319962,nearest_minimum_dz,12.03051758
0,2000-01-01,0,301,-7.61670017,54.15850067,nearest_minimum_dz,1.93740845
0,2000-01-01,0,303,-7.11269999,54.50270081,nearest_minimum_dz,6.11245728
0,2000-01-01,0,307,-4.88299990,57.71699905,nearest_minimum_dz,-0.22528076
0,2000-01-01,0,311,-4.02169991,52.30469894,nearest_minimum_dz,7.62429810
0,2000-01-01,0,313,-1.41639996,54.76290131,nearest_minimum_dz,4.46768188
0,2000-01-01,0,314,-3.17759991,54.18830109,nearest_minimum_dz,-8.75196838
0,2000-01-01,0,315,-3.13240004,55.71070099,nearest_minimum_dz,-1.43090820
0,2000-01-01,0,316,-3.55520010,54.65560150,nearest_minimum_dz,2.58995008
0,2000-01-01,0,317,-3.54299998,54.67480087,nearest_minimum_dz,3.21671963
0,2000-01-01,0,341,-1.43350005,54.83179855,nearest_minimum_dz,20.12133789
0,2000-01-01,0,342,-1.44140005,54.77590179,nearest_minimum_dz,0.12133789
0,2000-01-01,0,343,-1.37629998,54.66680145,nearest_minimum_dz,0.19964600
0,2000-01-01,0,344,-3.38019991,55.15470123,nearest_minimum_dz,-2.90037155
0,2000-01-01,0,348,1.13999999,51.45000076,nearest_minimum_dz,0.00000000
0,2000-01-01,0,349,0.95969999,50.91339874,nearest_minimum_dz,2.87287521
0,2000-01-01,0,350,-1.18110001,54.63550186,nearest_minimum_dz,-0.02037072
0,2000-01-01,0,351,-2.91779995,54.03049850,nearest_minimum_dz,0.09177065
0,2000-01-01,0,352,-3.13170004,51.20709991,nearest_minimum_dz,1.22933388
0,2000-01-01,0,353,-4.89650011,55.72019958,nearest_minimum_dz,-0.71450806
0,2000-01-01,0,355,-2.40799999,55.96799850,nearest_minimum_dz,0.89389801
0,2000-01-01,0,356,-0.23029999,52.93460083,nearest_minimum_dz,0.00000000
0,2000-01-01,0,357,-3.67389989,52.63790131,nearest_minimum_dz,-0.12329102
0,2000-01-01,0,358,-4.54589987,50.64799881,nearest_minimum_dz,-1.25164795
0,2000-01-01,0,359,-3.07850003,54.87300110,nearest_minimum_dz,9.39480209
0,2000-01-01,0,362,-1.68799996,54.82049942,nearest_minimum_dz,1.85580444
0,2000-01-01,0,363,-0.92379999,53.72679901,nearest_minimum_dz,0.00000000
0,2000-01-01,0,364,-1.44180000,54.71879959,nearest_minimum_dz,1.69860840
0,2000-01-01,0,365,-3.50189996,54.63090134,nearest_minimum_dz,3.72506714
0,2000-01-01,0,366,-1.48969996,55.13499832,nearest_minimum_dz,0.00000000
0,2000-01-01,0,368,-3.68630004,58.60409927,nearest_minimum_dz,0.41947174
0,2000-01-01,0,383,-3.50000000,54.42100143,nearest_minimum_dz,0.57375336
0,2000-01-01,0,384,-2.20099998,51.86159897,nearest_minimum_dz,0.25970650
0,2000-01-01,0,385,-1.61940002,52.50809860,nearest_minimum_dz,-0.09902191
0,2000-01-01,0,386,-1.20459998,53.70529938,nearest_minimum_dz,0.00916672
0,2000-01-01,0,387,-1.04920006,53.20059967,nearest_minimum_dz,0.26295471
0,2000-01-01,0,388,-1.13220000,53.22650146,nearest_minimum_dz,0.01438141
0,2000-01-01,0,389,-1.06110001,53.41370010,nearest_minimum_dz,2.03371429
0,2000-01-01,0,390,-1.64900005,55.24000168,nearest_minimum_dz,0.00106049
0,2000-01-01,0,391,-2.44700003,53.53200150,nearest_minimum_dz,1.40776825
0,2000-01-01,0,392,-1.38499999,52.99800110,nearest_minimum_dz,4.96516418
0,2000-01-01,0,393,-1.38150001,52.69350052,nearest_minimum_dz,-0.93164062
0,2000-01-01,0,394,-1.69079995,53.27330017,nearest_minimum_dz,1.37957764
0,2000-01-01,0,395,-3.89590001,55.52199936,nearest_minimum_dz,-1.50178528
0,2000-01-01,0,396,-3.82640004,55.61240005,nearest_minimum_dz,-1.50178528
0,2000-01-01,0,397,-3.89479995,55.52209854,nearest_minimum_dz,-1.50178528
0,2000-01-01,0,398,-4.28299999,55.37829971,nearest_minimum_dz,3.89831543
0,2000-01-01,0,399,-4.40899992,55.45380020,nearest_minimum_dz,-0.15777588
0,2000-01-01,0,400,-4.37659979,55.33319855,nearest_minimum_dz,3.89831543
0,2000-01-01,0,401,-3.83699989,55.59299850,nearest_minimum_dz,3.98240662
0,2000-01-01,0,402,-3.15319991,55.82630157,nearest_minimum_dz,10.34971619
0,2000-01-01,0,403,-3.98690009,55.54079819,nearest_minimum_dz,-0.69839478
0,2000-01-01,0,404,-3.41310000,56.11669922,nearest_minimum_dz,0.71391296
0,2000-01-01,0,405,-3.88870001,51.69390106,nearest_minimum_dz,1.15638542
0,2000-01-01,0,406,-3.61350012,51.73149872,nearest_minimum_dz,-1.99514771
0,2000-01-01,0,407,-4.01020002,50.40959930,nearest_minimum_dz,-10.88140869
0,2000-01-01,0,408,-0.82160002,54.55619812,nearest_minimum_dz,0.16884613
0,2000-01-01,0,409,-7.38000011,54.59000015,nearest_minimum_dz,-2.73313904
0,2000-01-01,0,414,-0.19820000,53.94789886,nearest_minimum_dz,-0.26752377
0,2000-01-01,0,415,-0.08600000,53.81370163,nearest_minimum_dz,-0.59304333
0,2000-01-01,0,416,-4.87260008,55.07630157,nearest_minimum_dz,2.68161011
0,2000-01-01,0,417,-1.55980003,55.20460129,nearest_minimum_dz,1.30925369
0,2000-01-01,0,418,-3.27060008,58.40819931,nearest_minimum_dz,0.02400208
0,2000-01-01,0,419,-4.96029997,50.47219849,nearest_minimum_dz,-4.29008484
0,2000-01-01,0,420,-3.14569998,59.11489868,nearest_minimum_dz,4.65824890
0,2000-01-01,0,421,-3.66300011,51.68000031,nearest_minimum_dz,-6.24169922
0,2000-01-01,0,422,0.80350000,50.96009827,nearest_minimum_dz,0.40699291
0,2000-01-01,0,423,-4.43359995,53.36220169,nearest_minimum_dz,-3.25033569
0,2000-01-01,0,424,-3.65070009,53.38109970,nearest_minimum_dz,0.00000000
0,2000-01-01,0,425,-4.20289993,55.29380035,nearest_minimum_dz,5.35186768
0,2000-01-01,0,426,6.47489977,48.84550095,nearest_minimum_dz,31.66815186
0,2000-01-01,0,427,3.81089997,49.70009995,nearest_minimum_dz,-0.34689331
0,2000-01-01,0,428,4.04440022,49.67839813,nearest_minimum_dz,1.27517700
0,2000-01-01,0,429,-2.04719996,46.94929886,nearest_minimum_dz,-0.41649246
0,2000-01-01,0,430,6.51420021,49.17070007,nearest_minimum_dz,-6.51763916
0,2000-01-01,0,431,0.93580002,49.81209946,nearest_minimum_dz,3.57143402
0,2000-01-01,0,432,2.29320002,49.65430069,nearest_minimum_dz,-0.58912659
0,2000-01-01,0,433,1.49689996,49.83990097,nearest_minimum_dz,4.58630371
0,2000-01-01,0,434,-4.13329983,48.18000031,nearest_minimum_dz,30.09527588
0,2000-01-01,0,436,4.19469976,48.89419937,nearest_minimum_dz,19.22268677
0,2000-01-01,0,437,-1.45039999,46.41979980,nearest_minimum_dz,-0.58704090
0,2000-01-01,0,438,2.06870008,47.00569916,nearest_minimum_dz,-0.05899048
0,2000-01-01,0,439,1.32939994,47.92919922,nearest_minimum_dz,0.50520325
0,2000-01-01,0,440,2.05049992,49.58900070,nearest_minimum_dz,0.42886353
0,2000-01-01,0,441,1.25479996,49.95180130,nearest_minimum_dz,6.14994812
0,2000-01-01,0,442,-2.41429996,48.42150116,nearest_minimum_dz,0.23394012
0,2000-01-01,0,443,5.43900013,48.69789886,nearest_minimum_dz,5.04882812
0,2000-01-01,0,444,1.90779996,48.16149902,nearest_minimum_dz,0.07682800
0,2000-01-01,0,445,0.10980000,45.81760025,nearest_minimum_dz,-0.13089752
0,2000-01-01,0,446,-0.93300003,53.61700058,nearest_minimum_dz,0.00000000
0,2000-01-01,0,447,-4.13570023,51.68339920,nearest_minimum_dz,0.50079489
0,2000-01-01,0,448,-3.56620002,51.70320129,nearest_minimum_dz,-1.96432495
0,2000-01-01,0,449,-4.96439981,51.79320145,nearest_minimum_dz,-5.96716690
0,2000-01-01,0,450,-3.33859992,53.04109955,nearest_minimum_dz,-5.08163452
0,2000-01-01,0,451,-4.18260002,53.20959854,nearest_minimum_dz,0.23739243
0,2000-01-01,0,452,-5.21799994,56.21889877,nearest_minimum_dz,33.90887451
0,2000-01-01,0,454,10.27099991,52.17499924,nearest_minimum_dz,-2.12164307
0,2000-01-01,0,455,10.36400032,52.61700058,nearest_minimum_dz,-0.06412506
0,2000-01-01,0,456,9.50000000,53.12599945,nearest_minimum_dz,0.07304573
0,2000-01-01,0,458,-2.25699997,55.90480042,nearest_minimum_dz,15.96649170
0,2000-01-01,0,459,-0.47999999,52.24000168,nearest_minimum_dz,0.11280060
0,2000-01-01,0,460,1.28999996,52.06000137,nearest_minimum_dz,7.32325363
0,2000-01-01,0,461,-1.40999997,51.11000061,nearest_minimum_dz,0.69094086
0,2000-01-01,0,462,-1.25999999,51.06000137,nearest_minimum_dz,0.58470917
0,2000-01-01,0,463,-0.57999998,51.61000061,nearest_minimum_dz,0.88465118
0,2000-01-01,0,464,-4.28809977,55.86090088,nearest_minimum_dz,-3.25715923
0,2000-01-01,0,465,-4.29379988,55.85829926,nearest_minimum_dz,-3.25715923
0,2000-01-01,0,466,-3.75900006,56.57569885,nearest_minimum_dz,23.23913574
0,2000-01-01,0,467,-3.61109996,55.39619827,nearest_minimum_dz,0.17901611
0,2000-01-01,0,468,-7.85160017,54.86640167,nearest_minimum_dz,4.33276367
0,2000-01-01,0,470,-2.64910007,57.66510010,nearest_minimum_dz,4.13021088
0,2000-01-01,0,471,-6.46540022,57.43920135,nearest_minimum_dz,-1.22785950
0,2000-01-01,0,472,-3.23740005,58.46020126,nearest_minimum_dz,0.22617722
0,2000-01-01,0,473,-4.43860006,57.71549988,nearest_minimum_dz,2.95062256
0,2000-01-01,0,474,-5.28240013,56.37990189,nearest_minimum_dz,110.73727417
0,2000-01-01,0,475,-3.43059993,56.30619812,nearest_minimum_dz,2.96975708
0,2000-01-01,0,476,-3.35840011,54.85810089,nearest_minimum_dz,-0.31545544
0,2000-01-01,0,477,-1.79799998,54.75510025,nearest_minimum_dz,-2.62820435
0,2000-01-01,0,478,-2.63840008,54.33369827,nearest_minimum_dz,-6.08169556
0,2000-01-01,0,479,-3.13649988,54.24710083,nearest_minimum_dz,59.63497925
0,2000-01-01,0,480,-1.91509998,54.88249969,nearest_minimum_dz,2.24671936
0,2000-01-01,0,481,0.23379999,53.14410019,nearest_minimum_dz,-0.24870872
0,2000-01-01,0,482,-4.34060001,53.37670135,nearest_minimum_dz,-1.72026062
0,2000-01-01,0,483,-3.57870007,52.36249924,nearest_minimum_dz,20.21124268
0,2000-01-01,0,484,-2.28819990,53.76509857,nearest_minimum_dz,-1.75900269
0,2000-01-01,0,485,-1.64760005,53.99679947,nearest_minimum_dz,0.72004700
0,2000-01-01,0,486,-3.96650004,52.46369934,nearest_minimum_dz,1.35565186
0,2000-01-01,0,487,-3.47440004,51.56449890,nearest_minimum_dz,-7.83285522
0,2000-01-01,0,488,-1.14010000,53.11690140,nearest_minimum_dz,1.54775238
0,2000-01-01,0,489,-3.44799995,55.53939819,nearest_minimum_dz,1.37762451
0,2000-01-01,0,490,-0.28230000,54.00439835,nearest_minimum_dz,-0.13564253
0,2000-01-01,0,491,-3.43510008,52.58229828,nearest_minimum_dz,-2.55938721
0,2000-01-01,0,492,-1.25430000,54.49110031,nearest_minimum_dz,-0.09328461
0,2000-01-01,0,493,-1.17799997,52.50049973,nearest_minimum_dz,3.19515991
0,2000-01-01,0,494,-2.11400008,57.31549835,nearest_minimum_dz,1.18474579
0,2000-01-01,0,501,-1.46959996,53.38240051,nearest_minimum_dz,-13.24678421
0,2000-01-01,0,503,-3.57419991,55.23899841,nearest_minimum_dz,3.58859253
0,2000-01-01,0,504,-2.08780003,57.18610001,nearest_minimum_dz,3.95280480
0,2000-01-01,0,505,10.09119987,53.67350006,nearest_minimum_dz,-0.13803291
0,2000-01-01,0,508,6.78840017,53.45159912,nearest_minimum_dz,2.00000000
0,2000-01-01,0,509,4.38399982,51.66550064,nearest_minimum_dz,1.00000000
0,2000-01-01,0,513,-2.24799991,53.66199875,nearest_minimum_dz,49.68524170
0,2000-01-01,0,514,-3.48399997,53.10900116,nearest_minimum_dz,-0.89169312
0,2000-01-01,0,515,-3.94280005,55.70169830,nearest_minimum_dz,0.22523499
0,2000-01-01,0,516,-3.51239991,51.69110107,nearest_minimum_dz,-4.76492310
0,2000-01-01,0,517,-2.57739997,57.62689972,nearest_minimum_dz,-1.04166794
0,2000-01-01,0,518,-9.38189983,51.62979889,nearest_minimum_dz,-15.47134399
0,2000-01-01,0,519,-4.22970009,55.77059937,nearest_minimum_dz,-7.21988869
0,2000-01-01,0,520,-1.89760005,54.91260147,nearest_minimum_dz,3.04701233
0,2000-01-01,0,521,-0.09800000,52.51100159,nearest_minimum_dz,0.49912286
0,2000-01-01,0,522,-1.76830006,54.76470184,nearest_minimum_dz,-6.91320801
0,2000-01-01,0,523,-2.00850010,55.15710068,nearest_minimum_dz,-2.94677734
0,2000-01-01,0,531,-2.91589999,54.02780151,nearest_minimum_dz,15.99000263
0,2000-01-01,0,532,1.61889994,52.21179962,nearest_minimum_dz,0.29011345
0,2000-01-01,0,533,0.96399999,50.91339874,nearest_minimum_dz,20.87287521
0,2000-01-01,0,534,-1.71980000,52.45389938,nearest_minimum_dz,0.20567322
0,2000-01-01,0,537,-2.78629994,53.88859940,nearest_minimum_dz,-0.02420235
0,2000-01-01,0,538,-6.55240011,52.62210083,nearest_minimum_dz,-2.24250793
0,2000-01-01,0,539,-9.15820026,52.10770035,nearest_minimum_dz,-0.17524719
0,2000-01-01,0,540,-8.93789959,51.81169891,nearest_minimum_dz,-3.55882263
0,2000-01-01,0,541,-3.07879996,55.18420029,nearest_minimum_dz,-2.05894470
0,2000-01-01,0,542,-3.12350011,58.43700027,nearest_minimum_dz,0.08145523
0,2000-01-01,0,543,-3.45910001,52.92229843,nearest_minimum_dz,-81.78242493
0,2000-01-01,0,545,7.65829992,49.96879959,nearest_minimum_dz,-164.35760498
0,2000-01-01,0,553,-2.61139989,55.96500015,nearest_minimum_dz,2.22418976
0,2000-01-01,0,554,-3.78160000,55.86650085,nearest_minimum_dz,-0.27792358
0,2000-01-01,0,555,-1.55400002,55.11149979,nearest_minimum_dz,-0.38217735
0,2000-01-01,0,556,-1.02670002,53.07249832,nearest_minimum_dz,5.44901276
0,2000-01-01,0,557,-1.26220000,52.62960052,nearest_minimum_dz,0.56612396
0,2000-01-01,0,558,-1.09909999,52.29539871,nearest_minimum_dz,-0.78156281
0,2000-01-01,0,559,0.13020000,53.23989868,nearest_minimum_dz,0.83830261
0,2000-01-01,0,560,1.48810005,52.29629898,nearest_minimum_dz,-0.60801315
0,2000-01-01,0,561,-5.15780020,50.28260040,nearest_minimum_dz,20.52498627
0,2000-01-01,0,562,-0.52859998,54.15100098,nearest_minimum_dz,11.46083069
0,2000-01-01,0,563,-1.33109999,53.61569977,nearest_minimum_dz,-0.99287415
0,2000-01-01,0,564,-1.75940001,55.49969864,nearest_minimum_dz,-2.17469788
0,2000-01-01,0,565,0.91769999,51.71799850,nearest_minimum_dz,-0.03110814
0,2000-01-01,0,566,-0.86699998,53.66770172,nearest_minimum_dz,0.00000000
0,2000-01-01,0,567,-3.47399998,52.95550156,nearest_minimum_dz,-1.58645630
0,2000-01-01,0,568,-0.02360000,52.53390121,nearest_minimum_dz,0.09654665
0,2000-01-01,0,569,-5.20289993,50.04479980,nearest_minimum_dz,0.17484283
0,2000-01-01,0,570,-4.38700008,50.49850082,nearest_minimum_dz,6.47541809
0,2000-01-01,0,571,-1.43869996,54.77970123,nearest_minimum_dz,23.69860840
0,2000-01-01,0,572,-3.16939998,54.77379990,nearest_minimum_dz,2.06658936
0,2000-01-01,0,573,-1.41540003,54.83050156,nearest_minimum_dz,-1.24897766
0,2000-01-01,0,574,-1.23800004,53.31159973,nearest_minimum_dz,-0.85194397
0,2000-01-01,0,575,-2.84759998,53.89820099,nearest_minimum_dz,0.04600286
0,2000-01-01,0,576,-0.12070000,52.46210098,nearest_minimum_dz,-0.11947191
0,2000-01-01,0,577,-5.14060020,50.17559814,nearest_minimum_dz,1.87207031
0,2000-01-01,0,578,-0.60329998,53.84799957,nearest_minimum_dz,0.18468475
0,2000-01-01,0,579,-1.40680003,54.83259964,nearest_minimum_dz,-3.24897766
0,2000-01-01,0,580,-4.86259985,50.47930145,nearest_minimum_dz,33.44279480
0,2000-01-01,0,581,-0.17160000,52.55659866,nearest_minimum_dz,-0.13323450
0,2000-01-01,0,582,1.12559998,52.33349991,nearest_minimum_dz,1.04137802
0,2000-01-01,0,583,-4.16900015,58.51559830,nearest_minimum_dz,-1.78462982
0,2000-01-01,0,584,-9.24090004,53.28689957,nearest_minimum_dz,-0.43212128
0,2000-01-01,0,599,-0.75239998,53.60390091,nearest_minimum_dz,0.00000000
0,2000-01-01,0,600,-7.10750008,53.99940109,nearest_minimum_dz,4.96685791
0,2000-01-01,0,601,-9.12129974,52.40119934,nearest_minimum_dz,1.95175171
0,2000-01-01,0,602,-0.85299999,53.11800003,nearest_minimum_dz,-0.24184418
0,2000-01-01,0,603,-0.83730000,53.17060089,nearest_minimum_dz,-1.36577225
0,2000-01-01,0,604,-0.52700001,53.99390030,nearest_minimum_dz,1.77230835
0,2000-01-01,0,605,-0.16450000,53.86849976,nearest_minimum_dz,0.00560188
0,2000-01-01,0,606,-0.16689999,53.56069946,nearest_minimum_dz,0.93298912
0,2000-01-01,0,607,-1.06060004,53.08919907,nearest_minimum_dz,-1.68459320
0,2000-01-01,0,608,-0.78869998,53.84889984,nearest_minimum_dz,-0.03999329
0,2000-01-01,0,609,-0.77130002,53.75770187,nearest_minimum_dz,-0.03676033
0,2000-01-01,0,610,-0.80629998,53.81200027,nearest_minimum_dz,0.10152769
0,2000-01-01,0,611,-1.37450004,54.79449844,nearest_minimum_dz,-0.11129761
0,2000-01-01,0,612,-1.61629999,54.55540085,nearest_minimum_dz,1.14793396
0,2000-01-01,0,613,-1.74839997,54.84970093,nearest_minimum_dz,10.85580444
0,2000-01-01,0,614,-6.04860020,54.82949829,nearest_minimum_dz,6.02914429
0,2000-01-01,0,615,-3.97930002,55.66830063,nearest_minimum_dz,-4.02273560
0,2000-01-01,0,616,-3.65459991,55.78350067,nearest_minimum_dz,5.38507080
0,2000-01-01,0,617,-3.89890003,55.91859818,nearest_minimum_dz,-1.81716919
0,2000-01-01,0,618,-2.95760012,56.38629913,nearest_minimum_dz,5.67858887
0,2000-01-01,0,619,-3.98469996,55.66609955,nearest_minimum_dz,0.15345764
0,2000-01-01,0,620,-4.61049986,50.68650055,nearest_minimum_dz,-0.98886108
0,2000-01-01,0,621,-4.69540024,50.47900009,nearest_minimum_dz,2.63728333
0,2000-01-01,0,622,-4.44939995,50.43600082,nearest_minimum_dz,-1.39816284
0,2000-01-01,0,623,-4.40500021,50.82910156,nearest_minimum_dz,-0.20535278
0,2000-01-01,0,624,-4.34740019,50.85219955,nearest_minimum_dz,0.24707031
0,2000-01-01,0,625,-4.36770010,50.39989853,nearest_minimum_dz,-0.88176727
0,2000-01-01,0,626,-5.00780010,51.72380066,nearest_minimum_dz,0.16095734
0,2000-01-01,0,627,-5.05819988,51.72520065,nearest_minimum_dz,-0.49980164
0,2000-01-01,0,628,-3.33520007,51.77149963,nearest_minimum_dz,8.14144897
0,2000-01-01,0,629,-1.25109994,52.47409821,nearest_minimum_dz,-0.00598145
0,2000-01-01,0,630,0.19589999,51.47900009,nearest_minimum_dz,-0.00449657
0,2000-01-01,0,631,-0.14749999,52.29809952,nearest_minimum_dz,0.67243195
0,2000-01-01,0,632,-1.27719998,52.17890167,nearest_minimum_dz,-0.56548309
0,2000-01-01,0,633,9.97739983,53.56019974,nearest_minimum_dz,0.29166794
0,2000-01-01,0,634,-3.28299999,53.98300171,nearest_minimum_dz,0.00000000
0,2000-01-01,0,635,-4.53299999,53.25000000,nearest_minimum_dz,-0.10655594
0,2000-01-01,0,636,1.88300002,51.93000031,nearest_minimum_dz,0.00000000
0,2000-01-01,0,637,0.43610001,53.12749863,nearest_minimum_dz,0.00000000
0,2000-01-01,0,638,-2.98609996,53.17449951,nearest_minimum_dz,-0.05474567
0,2000-01-01,0,639,-2.57579994,51.52140045,nearest_minimum_dz,-0.68646622
0,2000-01-01,0,640,-1.53149998,54.29679871,nearest_minimum_dz,0.15446854
0,2000-01-01,0,641,-3.40000010,51.40999985,nearest_minimum_dz,0.10685730
0,2000-01-01,0,642,-5.28240013,56.37990189,nearest_minimum_dz,93.73727417
0,2000-01-01,0,643,-4.45749998,57.72290039,nearest_minimum_dz,17.97973633
0,2000-01-01,0,644,-4.17030001,55.28559875,nearest_minimum_dz,95.35186768
0,2000-01-01,0,645,-4.74550009,55.24089813,nearest_minimum_dz,0.48184204
0,2000-01-01,0,646,-4.13780022,55.57619858,nearest_minimum_dz,-1.42291260
0,2000-01-01,0,647,-0.24969999,52.06000137,nearest_minimum_dz,0.47274780
0,2000-01-01,0,648,-6.82639980,55.10089874,nearest_minimum_dz,-6.75172424
0,2000-01-01,0,649,0.73439997,52.62860107,nearest_minimum_dz,1.36221313
0,2000-01-01,0,650,1.11099994,52.69160080,nearest_minimum_dz,0.13139343
0,2000-01-01,0,651,-3.86730003,56.03099823,nearest_minimum_dz,0.23247528
0,2000-01-01,0,652,-3.73720002,55.87189865,nearest_minimum_dz,3.00386047
0,2000-01-01,0,653,7.98859978,50.41059875,nearest_minimum_dz,-1.61190796
0,2000-01-01,0,654,8.79790020,53.43439865,nearest_minimum_dz,0.11487293
0,2000-01-01,0,656,-4.77740002,54.90499878,nearest_minimum_dz,-0.10173798
0,2000-01-01,0,660,-7.25880003,54.91419983,nearest_minimum_dz,57.77197266
0,2000-01-01,0,661,4.41900015,52.60599899,nearest_minimum_dz,0.00000000
0,2000-01-01,0,662,2.96900010,51.55599976,nearest_minimum_dz,0.00000000
0,2000-01-01,0,663,4.23099995,51.51300049,nearest_minimum_dz,-0.28170216
0,2000-01-01,0,664,4.36339998,51.23199844,nearest_minimum_dz,6.50196838
0,2000-01-01,0,665,-2.02889991,55.63339996,nearest_minimum_dz,1.66700745
0,2000-01-01,0,666,-1.16610003,54.59099960,nearest_minimum_dz,-0.48754215
0,2000-01-01,0,667,-2.99119997,53.39709854,nearest_minimum_dz,0.00000000
0,2000-01-01,0,668,9.27079964,54.74729919,nearest_minimum_dz,0.15358353
0,2000-01-01,0,669,9.49880028,54.11940002,nearest_minimum_dz,-0.57308555
0,2000-01-01,0,670,9.45499992,54.38510132,nearest_minimum_dz,0.07461739
0,2000-01-01,0,671,2.28909993,48.83190155,nearest_minimum_dz,-3.88844681
0,2000-01-01,0,672,-6.22730017,54.87889862,nearest_minimum_dz,-0.59837723
0,2000-01-01,0,673,0.23840000,53.31999969,nearest_minimum_dz,0.00000000
0,2000-01-01,0,674,-2.71289992,51.50870132,nearest_minimum_dz,-0.55116749
0,2000-01-01,0,675,-3.10220003,51.50579834,nearest_minimum_dz,0.31625891
0,2000-01-01,0,676,0.16480000,51.51599884,nearest_minimum_dz,1.62554884
0,2000-01-01,0,677,-1.03460002,52.80879974,nearest_minimum_dz,-0.26324463
0,2000-01-01,0,678,-2.89829993,56.48519897,nearest_minimum_dz,-0.94699669
0,2000-01-01,0,679,-4.16559982,55.73749924,nearest_minimum_dz,-0.13909912
0,2000-01-01,0,680,0.08340000,53.43299866,nearest_minimum_dz,0.00000000
0,2000-01-01,0,681,-4.27379990,50.92399979,nearest_minimum_dz,13.69689941
0,2000-01-01,0,682,-0.98559999,51.41870117,nearest_minimum_dz,-3.07535553
0,2000-01-01,0,683,-2.26780009,51.70209885,nearest_minimum_dz,28.50950623
0,2000-01-01,0,684,-2.58240008,51.25450134,nearest_minimum_dz,-0.96620178
0,2000-01-01,0,685,1.65439999,52.70999908,nearest_minimum_dz,4.88211823
0,2000-01-01,0,686,0.68339998,52.65679932,nearest_minimum_dz,0.31862640
0,2000-01-01,0,687,-1.08829999,53.29539871,nearest_minimum_dz,0.43452454
0,2000-01-01,0,688,-1.96519995,51.71490097,nearest_minimum_dz,-1.58404541
0,2000-01-01,0,689,-0.16960000,51.15340042,nearest_minimum_dz,-16.51451111
0,2000-01-01,0,690,-0.61919999,51.18209839,nearest_minimum_dz,-0.44184113
0,2000-01-01,0,691,-0.20020001,51.79690170,nearest_minimum_dz,-0.81617737
0,2000-01-01,0,692,-0.23980001,51.52460098,nearest_minimum_dz,-1.26143837
0,2000-01-01,0,693,-0.05280000,51.47980118,nearest_minimum_dz,0.31385112
0,2000-01-01,0,694,-1.33910000,52.06330109,nearest_minimum_dz,-1.11181641
0,2000-01-01,0,695,-1.23800004,51.74980164,nearest_minimum_dz,-0.11422348
0,2000-01-01,0,696,-0.97369999,51.45370102,nearest_minimum_dz,1.04431534
0,2000-01-01,0,697,-1.73389995,51.41830063,nearest_minimum_dz,-15.23782349
0,2000-01-01,0,698,-0.81169999,51.81549835,nearest_minimum_dz,-0.40324402
0,2000-01-01,0,699,-1.09119999,51.26490021,nearest_minimum_dz,0.96607208
0,2000-01-01,0,700,-1.72220004,51.92729950,nearest_minimum_dz,15.90687561
0,2000-01-01,0,701,-0.08010000,51.65290070,nearest_minimum_dz,-0.60620117
0,2000-01-01,0,702,0.15400000,51.86380005,nearest_minimum_dz,0.93647003
0,2000-01-01,0,703,-0.19210000,51.45500183,nearest_minimum_dz,0.10924053
0,2000-01-01,0,704,-0.00120000,51.54100037,nearest_minimum_dz,0.36257124
0,2000-01-01,0,705,0.09630000,51.37110138,nearest_minimum_dz,0.51508713
0,2000-01-01,0,706,-0.48690000,51.37469864,nearest_minimum_dz,-0.24030495
0,2000-01-01,0,707,-0.55620003,51.59320068,nearest_minimum_dz,-0.40419006
0,2000-01-01,0,708,-4.21579981,55.31679916,nearest_minimum_dz,4.16171265
0,2000-01-01,0,709,-0.23330000,53.73740005,nearest_minimum_dz,0.18656778
0,2000-01-01,0,710,-2.30890012,53.23659897,nearest_minimum_dz,6.84100342
0,2000-01-01,0,711,0.03740000,52.16699982,nearest_minimum_dz,-0.26109886
0,2000-01-01,0,712,-1.09249997,53.59080124,nearest_minimum_dz,0.10565233
0,2000-01-01,0,713,-3.37910008,54.75249863,nearest_minimum_dz,5.84680939
0,2000-01-01,0,714,-1.16120005,52.38130188,nearest_minimum_dz,-1.34282684
0,2000-01-01,0,715,8.79790020,53.43439865,nearest_minimum_dz,0.11487293
0,2000-01-01,0,717,9.27079964,54.74729919,nearest_minimum_dz,0.15358353
0,2000-01-01,0,718,9.49880028,54.11940002,nearest_minimum_dz,-0.57308555
0,2000-01-01,0,719,9.45499992,54.38510132,nearest_minimum_dz,0.07461739
0,2000-01-01,0,720,0.29300001,53.64400101,nearest_minimum_dz,0.00000000
0,2000-01-01,0,721,-4.25000000,55.84899902,nearest_minimum_dz,-2.32159042
0,2000-01-01,0,722,-0.21170001,51.48749924,nearest_minimum_dz,-2.06900024
0,2000-01-01,0,723,-3.36899996,55.94110107,nearest_minimum_dz,-0.27295685
0,2000-01-01,0,724,0.00850000,51.76179886,nearest_minimum_dz,-0.50730705
0,2000-01-01,0,725,-0.22890000,50.82920074,nearest_minimum_dz,-0.48545694
0,2000-01-01,0,726,-0.10610000,50.81169891,nearest_minimum_dz,3.00000000
0,2000-01-01,0,727,0.00970000,51.49729919,nearest_minimum_dz,-0.27560902
0,2000-01-01,0,728,-0.19560000,52.55099869,nearest_minimum_dz,0.12958026
0,2000-01-01,0,729,-3.18829989,55.95330048,nearest_minimum_dz,-0.24242401
0,2000-01-01,0,730,-4.94430017,58.27909851,nearest_minimum_dz,0.75132751
0,2000-01-01,0,731,-4.99009991,56.98339844,nearest_minimum_dz,27.77824402
0,2000-01-01,0,732,-4.41639996,57.18410110,nearest_minimum_dz,8.54867554
0,2000-01-01,0,733,-5.49510002,56.68759918,nearest_minimum_dz,-9.57579803
0,2000-01-01,0,734,-3.69169998,53.45080185,nearest_minimum_dz,0.00000000
0,2000-01-01,0,735,-3.46210003,53.35210037,nearest_minimum_dz,0.00000000
0,2000-01-01,0,736,9.98610020,53.56079865,nearest_minimum_dz,-0.17941475
0,2000-01-01,0,737,9.99110031,53.63029861,nearest_minimum_dz,-0.07799530
0,2000-01-01,0,738,-3.69709992,51.66019821,nearest_minimum_dz,-1.01583862
0,2000-01-01,0,739,-3.60019994,51.67219925,nearest_minimum_dz,-0.23141479
0,2000-01-01,0,740,-2.14170003,53.70199966,nearest_minimum_dz,-11.00216675
0,2000-01-01,0,741,-2.05180001,53.80059814,nearest_minimum_dz,-3.47348022
0,2000-01-01,0,742,-2.01370001,53.74179840,nearest_minimum_dz,-79.34678650
0,2000-01-01,0,743,-1.78639996,53.70119858,nearest_minimum_dz,-20.35880280
0,2000-01-01,0,744,-1.92019999,53.79399872,nearest_minimum_dz,4.52313232
0,2000-01-01,0,745,-1.90799999,53.77700043,nearest_minimum_dz,-7.77645874
0,2000-01-01,0,746,-2.98000002,58.99750137,nearest_minimum_dz,0.00053120
0,2000-01-01,0,747,-4.34469986,57.80709839,nearest_minimum_dz,53.63049316
0,2000-01-01,0,748,-6.51539993,58.23249817,nearest_minimum_dz,6.78823853
0,2000-01-01,0,749,-2.00130010,57.61529922,nearest_minimum_dz,-0.79615784
0,2000-01-01,0,750,-6.18599987,55.68960190,nearest_minimum_dz,0.16935730
0,2000-01-01,0,751,-4.44350004,55.76620102,nearest_minimum_dz,0.84683228
0,2000-01-01,0,752,-0.94160002,54.54449844,nearest_minimum_dz,0.67588806
0,2000-01-01,0,753,-1.07410002,52.79980087,nearest_minimum_dz,-1.75927734
0,2000-01-01,0,754,-4.52110004,51.75809860,nearest_minimum_dz,1.77429199
0,2000-01-01,0,755,-4.70389986,50.63779831,nearest_minimum_dz,2.21400452
0,2000-01-01,0,756,-3.66910005,58.56570053,nearest_minimum_dz,0.31947327
0,2000-01-01,0,757,-4.23290014,51.97809982,nearest_minimum_dz,12.36355591
0,2000-01-01,0,758,-3.55180001,57.48410034,nearest_minimum_dz,-7.78320312
0,2000-01-01,0,759,-3.83550000,55.50839996,nearest_minimum_dz,-1.07589722
0,2000-01-01,0,760,9.64319992,50.32720184,nearest_minimum_dz,0.10089111
0,2000-01-01,0,761,8.13059998,49.62099838,nearest_minimum_dz,0.69558716
0,2000-01-01,0,763,-3.62389994,53.43730164,nearest_minimum_dz,0.00000000
0,2000-01-01,0,764,-3.54069996,53.46569824,nearest_minimum_dz,0.00000000
0,2000-01-01,0,765,8.16810036,53.83509827,nearest_minimum_dz,0.00000000
0,2000-01-01,0,766,5.87200022,54.31800079,nearest_minimum_dz,0.00000000
0,2000-01-01,0,768,-1.46070004,51.21569824,nearest_minimum_dz,-0.19324493
0,2000-01-01,0,769,-2.68740010,51.50320053,nearest_minimum_dz,-0.55116749
0,2000-01-01,0,770,-0.18990000,51.13610077,nearest_minimum_dz,-0.09706497
0,2000-01-01,0,771,0.14399999,51.51900101,nearest_minimum_dz,-0.06938219
0,2000-01-01,0,772,0.24640000,51.46310043,nearest_minimum_dz,-0.00449657
0,2000-01-01,0,773,-1.62829995,52.59329987,nearest_minimum_dz,0.83246613
0,2000-01-01,0,774,-0.02160000,51.67689896,nearest_minimum_dz,-0.13626099
0,2000-01-01,0,775,-0.24320000,51.76229858,nearest_minimum_dz,0.31948853
0,2000-01-01,0,776,-2.86310005,53.48270035,nearest_minimum_dz,0.03535461
0,2000-01-01,0,777,-1.65310001,53.74110031,nearest_minimum_dz,-4.30276489
0,2000-01-01,0,778,-2.20420003,53.35409927,nearest_minimum_dz,-0.13860321
0,2000-01-01,0,779,-0.73009998,52.06869888,nearest_minimum_dz,-0.88499451
0,2000-01-01,0,780,-1.52160001,51.63690186,nearest_minimum_dz,-0.82735443
0,2000-01-01,0,781,-0.21220000,52.57130051,nearest_minimum_dz,0.12958026
0,2000-01-01,0,782,-0.38490000,51.55690002,nearest_minimum_dz,0.42910004
0,2000-01-01,0,783,-1.43589997,53.40520096,nearest_minimum_dz,0.05443192
0,2000-01-01,0,784,-0.48410001,51.34709930,nearest_minimum_dz,-0.19798660
0,2000-01-01,0,785,-0.19110000,51.43590164,nearest_minimum_dz,-0.02091980
0,2000-01-01,0,786,-3.17910004,51.48160172,nearest_minimum_dz,0.21788597
0,2000-01-01,0,787,-0.33669999,53.74570084,nearest_minimum_dz,-2.00256824
0,2000-01-01,0,788,1.14699996,53.13499832,nearest_minimum_dz,0.00000000
0,2000-01-01,0,789,-3.83800006,52.42699814,nearest_minimum_dz,-0.64434814
0,2000-01-01,0,790,-1.97969997,52.99509811,nearest_minimum_dz,7.44520569
0,2000-01-01,0,791,0.03450000,51.62760162,nearest_minimum_dz,2.52652740
0,2000-01-01,0,792,-3.28169990,53.29339981,nearest_minimum_dz,0.97688293
0,2000-01-01,0,793,-1.91040003,53.48020172,nearest_minimum_dz,5.25083923
0,2000-01-01,0,794,-2.21770000,53.86980057,nearest_minimum_dz,-1.38601685
0,2000-01-01,0,795,-1.02810001,52.09149933,nearest_minimum_dz,0.69252777
0,2000-01-01,0,796,0.26240000,52.39950180,nearest_minimum_dz,9.32794094
0,2000-01-01,0,797,-2.24259996,53.48080063,nearest_minimum_dz,0.78225708
0,2000-01-01,0,798,-0.00720000,51.54309845,nearest_minimum_dz,-0.57166386
0,2000-01-01,0,799,-0.22130001,51.50749969,nearest_minimum_dz,-0.14703465
0,2000-01-01,0,800,-4.18470001,50.38589859,nearest_minimum_dz,0.00000000
0,2000-01-01,0,801,-2.08360004,55.16989899,nearest_minimum_dz,2.54080200
0,2000-01-01,0,802,-2.97709990,57.35879898,nearest_minimum_dz,50.74948120
0,2000-01-01,0,803,-4.53049994,51.75770187,nearest_minimum_dz,0.03353882
0,2000-01-01,0,804,-1.16299999,52.41889954,nearest_minimum_dz,-1.67758179
0,2000-01-01,0,805,-6.41169977,57.44409943,nearest_minimum_dz,4.82118225
0,2000-01-01,0,806,-3.26329994,53.31990051,nearest_minimum_dz,0.40312052
0,2000-01-01,0,807,-1.84539998,51.54850006,nearest_minimum_dz,-0.12999725
0,2000-01-01,0,808,-3.29999995,58.29999924,nearest_minimum_dz,2.57917786
0,2000-01-01,0,809,-4.80000019,57.59999847,nearest_minimum_dz,5.02288818
0,2000-01-01,0,810,-4.09999990,57.40000153,nearest_minimum_dz,4.42959595
0,2000-01-01,0,811,-1.89289999,52.99000168,nearest_minimum_dz,0.62039185
0,2000-01-01,0,812,-1.87419999,52.98580170,nearest_minimum_dz,0.47659302
0,2000-01-01,0,813,-1.89289999,52.99000168,nearest_minimum_dz,-52.83757782
0,2000-01-01,0,814,-2.80040002,54.04999924,nearest_minimum_dz,2.09521580
0,2000-01-01,0,815,-2.91750002,54.89429855,nearest_minimum_dz,-0.11315346
0,2000-01-01,0,816,-2.02629995,53.74140167,nearest_minimum_dz,-73.34678650
0,2000-01-01,0,817,-4.48390007,54.96049881,nearest_minimum_dz,-3.46924591
0,2000-01-01,0,818,-2.74469995,54.32989883,nearest_minimum_dz,4.55394363
0,2000-01-01,0,819,-2.80349994,54.04729843,nearest_minimum_dz,3.18489647
0,2000-01-01,0,820,-4.48260021,54.95880127,nearest_minimum_dz,4.36000538
0,2000-01-01,0,821,-1.07840002,53.82770157,nearest_minimum_dz,0.12803650
0,2000-01-01,0,822,-3.14849997,51.47629929,nearest_minimum_dz,0.43599606
0,2000-01-01,0,823,-5.76000023,54.72000122,nearest_minimum_dz,0.00000000
0,2000-01-01,0,824,-5.78999996,54.84000015,nearest_minimum_dz,0.00000000
0,2000-01-01,0,825,-2.43449998,55.79700089,nearest_minimum_dz,21.32077026
0,2000-01-01,0,826,0.30430001,52.15729904,nearest_minimum_dz,1.31132126
0,2000-01-01,0,827,-4.77500010,54.94139862,nearest_minimum_dz,-1.86676025
0,2000-01-01,0,830,-3.64409995,51.76699829,nearest_minimum_dz,-10.01736450
0,2000-01-01,0,831,-3.67170000,51.76100159,nearest_minimum_dz,1.99603271
0,2000-01-01,0,832,-3.51279998,51.70700073,nearest_minimum_dz,-2.76492310
0,2000-01-01,0,833,-3.49729991,51.60910034,nearest_minimum_dz,-0.08291626
0,2000-01-01,0,834,-3.51799989,51.61690140,nearest_minimum_dz,2.65097046
0,2000-01-01,0,835,-0.10840000,51.55490112,nearest_minimum_dz,1.98255157
0,2000-01-01,0,836,-0.28470001,51.71110153,nearest_minimum_dz,-1.55215454
0,2000-01-01,0,837,-0.02400000,51.54349899,nearest_minimum_dz,0.36257124
0,2000-01-01,0,838,-3.01810002,56.18220139,nearest_minimum_dz,4.00000000
0,2000-01-01,0,839,-4.81669998,57.13330078,nearest_minimum_dz,-10.12207031
0,2000-01-01,0,840,-9.31079960,51.93859863,nearest_minimum_dz,54.38943481
0,2000-01-01,0,841,-3.51320004,54.56850052,nearest_minimum_dz,-1.72280884
0,2000-01-01,0,842,-3.91459990,55.55749893,nearest_minimum_dz,47.88711548
0,2000-01-01,0,843,-4.12779999,58.04800034,nearest_minimum_dz,5.72945404
0,2000-01-01,0,844,1.61730003,52.21080017,nearest_minimum_dz,0.07114220
0,2000-01-01,0,845,-4.48280001,53.41619873,nearest_minimum_dz,-0.02601624
0,2000-01-01,0,846,-0.24500000,51.53219986,nearest_minimum_dz,-0.00451660
0,2000-01-01,0,847,-2.43330002,53.08959961,nearest_minimum_dz,0.99306107
0,2000-01-01,0,848,-2.49480009,51.69269943,nearest_minimum_dz,0.04591465
0,2000-01-01,0,849,-3.50070000,54.41920090,nearest_minimum_dz,2.03796387
0,2000-01-01,0,850,-3.22679996,55.01440048,nearest_minimum_dz,1.07968140
0,2000-01-01,0,851,-2.96009994,54.90869904,nearest_minimum_dz,0.19896126
0,2000-01-01,0,852,-3.75259995,58.57759857,nearest_minimum_dz,-1.48150444
0,2000-01-01,0,853,1.25849998,52.10129929,nearest_minimum_dz,-1.89955902
0,2000-01-01,0,854,0.37320000,52.61080170,nearest_minimum_dz,0.00338840
0,2000-01-01,0,855,-0.69650000,53.22460175,nearest_minimum_dz,0.05230236
0,2000-01-01,0,856,-0.22950000,53.15340042,nearest_minimum_dz,-0.22150040
0,2000-01-01,0,857,-0.04550000,52.93939972,nearest_minimum_dz,0.46274233
0,2000-01-01,0,858,-0.68390000,53.37060165,nearest_minimum_dz,0.09119797
0,2000-01-01,0,859,-0.73449999,52.35900116,nearest_minimum_dz,0.03487396
0,2000-01-01,0,860,-0.87540001,51.96910095,nearest_minimum_dz,-0.06526947
0,2000-01-01,0,861,-0.24320000,52.28810120,nearest_minimum_dz,0.05196381
0,2000-01-01,0,862,-0.29789999,52.19219971,nearest_minimum_dz,0.78155899
0,2000-01-01,0,863,-0.81120002,52.43569946,nearest_minimum_dz,-1.13917542
0,2000-01-01,0,864,0.57499999,51.51100159,nearest_minimum_dz,0.10853910
0,2000-01-01,0,865,0.70929998,51.55550003,nearest_minimum_dz,-0.16745567
0,2000-01-01,0,866,0.15490000,52.23339844,nearest_minimum_dz,-0.02012062
0,2000-01-01,0,867,0.04020000,53.39039993,nearest_minimum_dz,0.14596462
0,2000-01-01,0,868,1.73450005,52.46810150,nearest_minimum_dz,0.17914414
0,2000-01-01,0,869,0.32049999,51.69110107,nearest_minimum_dz,-0.08131409
0,2000-01-01,0,870,0.87760001,51.94440079,nearest_minimum_dz,1.55532455
0,2000-01-01,0,871,-0.60549998,52.61380005,nearest_minimum_dz,-0.15396500
0,2000-01-01,0,872,1.29859996,52.69010162,nearest_minimum_dz,-0.75254631
0,2000-01-01,0,873,0.99210000,52.19620132,nearest_minimum_dz,0.10752678
0,2000-01-01,0,874,1.16489995,51.84640121,nearest_minimum_dz,-0.32047391
0,2000-01-01,0,875,0.80140001,52.56940079,nearest_minimum_dz,-4.26368713
0,2000-01-01,0,876,-0.45870000,52.47940063,nearest_minimum_dz,-0.13753510
0,2000-01-01,0,877,-0.24770001,52.51580048,nearest_minimum_dz,-0.33374214
0,2000-01-01,0,878,-0.27230000,51.97729874,nearest_minimum_dz,0.40885925
0,2000-01-01,0,879,1.26250005,52.26979828,nearest_minimum_dz,-0.07202148
0,2000-01-01,0,880,1.72389996,52.60639954,nearest_minimum_dz,-0.79295278
0,2000-01-01,0,881,-0.06550000,53.57550049,nearest_minimum_dz,-0.13237286
0,2000-01-01,0,882,-0.00900000,53.54389954,nearest_minimum_dz,-0.13237286
0,2000-01-01,0,883,5.49079990,59.75320053,nearest_minimum_dz,-0.62949324
0,2000-01-01,0,884,5.49079990,59.75320053,nearest_minimum_dz,-0.62949324
0,2000-01-01,0,885,5.49079990,59.75320053,nearest_minimum_dz,-0.62949324
0,2000-01-01,0,886,5.49079990,59.75320053,nearest_minimum_dz,-0.62949324
0,2000-01-01,0,887,5.49079990,59.75320053,nearest_minimum_dz,-0.62949324
0,2000-01-01,0,888,5.49079990,59.75320053,nearest_minimum_dz,-0.62949324
0,2000-01-01,0,889,5.49079990,59.75320053,nearest_minimum_dz,-0.62949324
0,2000-01-01,0,890,5.49079990,59.75320053,nearest_minimum_dz,-0.62949324
0,2000-01-01,0,891,5.49079990,59.75320053,nearest_minimum_dz,-0.62949324
0,2000-01-01,0,892,5.49079990,59.75320053,nearest_minimum_dz,-0.62949324
0,2000-01-01,0,893,5.49079990,59.75320053,nearest_minimum_dz,-0.62949324
0,2000-01-01,0,894,5.49079990,59.75320053,nearest_minimum_dz,-0.62949324
0,2000-01-01,0,895,5.49079990,59.75320053,nearest_minimum_dz,-0.62949324
0,2000-01-01,0,896,5.49079990,59.75320053,nearest_minimum_dz,-0.62949324
0,2000-01-01,0,897,5.49079990,59.75320053,nearest_minimum_dz,-0.62949324
0,2000-01-01,0,898,5.49079990,59.75320053,nearest_minimum_dz,-0.62949324
0,2000-01-01,0,899,5.48330021,59.71670151,nearest_minimum_dz,0.00000000
0,2000-01-01,0,900,5.58330011,59.71670151,nearest_minimum_dz,0.00000000
0,2000-01-01,0,901,-0.53509998,51.54830170,nearest_minimum_dz,1.41553497
0,2000-01-01,0,902,-0.09020000,51.50529861,nearest_minimum_dz,0.40206337
0,2000-01-01,0,903,-0.09880000,51.51390076,nearest_minimum_dz,0.99548340
0,2000-01-01,0,904,-1.59920001,51.20980072,nearest_minimum_dz,0.16037750
0,2000-01-01,0,905,-3.73320007,56.70380020,nearest_minimum_dz,-5.90598297
0,2000-01-01,0,906,-1.36090004,51.84220123,nearest_minimum_dz,0.05311584
0,2000-01-01,0,907,-2.40330005,56.83890152,nearest_minimum_dz,31.01879883
0,2000-01-01,0,908,-3.21790004,58.35910034,nearest_minimum_dz,10.06152344
0,2000-01-01,0,909,-4.00080013,57.41379929,nearest_minimum_dz,0.33920288
0,2000-01-01,0,910,-4.80670023,57.66130066,nearest_minimum_dz,-20.51510620
0,2000-01-01,0,911,-2.14170003,50.70399857,nearest_minimum_dz,-1.29147339
0,2000-01-01,0,912,-1.71430004,51.59090042,nearest_minimum_dz,0.02793121
0,2000-01-01,0,913,-1.02359998,51.40670013,nearest_minimum_dz,0.15446854
0,2000-01-01,0,914,-3.36669993,57.53329849,nearest_minimum_dz,7.89642334
0,2000-01-01,0,915,-3.37140012,57.53720093,nearest_minimum_dz,4.34890747
0,2000-01-01,0,916,-3.47609997,57.44609833,nearest_minimum_dz,1.71362305
0,2000-01-01,0,917,-2.46670008,56.95000076,nearest_minimum_dz,-4.57162476
0,2000-01-01,0,918,-2.50000000,55.93330002,nearest_minimum_dz,-2.39279175
0,2000-01-01,0,919,-2.51309991,55.89500046,nearest_minimum_dz,-0.16189575
0,2000-01-01,0,920,-2.54999995,55.90560150,nearest_minimum_dz,-2.39279175
0,2000-01-01,0,921,-4.11670017,55.23329926,nearest_minimum_dz,-0.98641968
0,2000-01-01,0,923,6.71000004,58.15829849,nearest_minimum_dz,22.57696533
0,2000-01-01,0,924,-1.89549994,52.98720169,nearest_minimum_dz,2.43284607
0,2000-01-01,0,925,-0.44610000,51.47980118,nearest_minimum_dz,0.29112244
0,2000-01-01,0,926,-2.57969999,51.45159912,nearest_minimum_dz,-12.87923622
0,2000-01-01,0,927,-3.17000008,51.47620010,nearest_minimum_dz,0.26808262
0,2000-01-01,0,928,-1.06649995,52.95529938,nearest_minimum_dz,-0.35427856
0,2000-01-01,0,929,-2.97810006,53.40679932,nearest_minimum_dz,0.98684883
0,2000-01-01,0,930,-1.61609995,54.97129822,nearest_minimum_dz,2.26928329
0,2000-01-01,0,931,-9.60789967,51.39730072,nearest_minimum_dz,0.00000000
0,2000-01-01,0,932,-6.41760015,49.87860107,nearest_minimum_dz,0.00000000
0,2000-01-01,0,933,-6.30229998,49.98199844,nearest_minimum_dz,0.00000000
0,2000-01-01,0,934,-1.30009997,50.76710129,nearest_minimum_dz,0.00000000
0,2000-01-01,0,935,-4.15360022,50.35430145,nearest_minimum_dz,0.00000000
0,2000-01-01,0,936,-2.45659995,50.51250076,nearest_minimum_dz,0.00000000
0,2000-01-01,0,937,-5.72160006,50.06579971,nearest_minimum_dz,0.00000000
0,2000-01-01,0,938,-5.20669985,49.95399857,nearest_minimum_dz,0.00000000
0,2000-01-01,0,939,-8.91170025,51.05849838,nearest_minimum_dz,0.00000000
0,2000-01-01,0,940,-8.05039978,50.74789810,nearest_minimum_dz,0.00000000
0,2000-01-01,0,941,-7.34410000,50.37310028,nearest_minimum_dz,0.00000000
0,2000-01-01,0,942,-2.98609996,50.35319901,nearest_minimum_dz,0.00000000
0,2000-01-01,0,943,-3.63669991,50.22150040,nearest_minimum_dz,0.00000000
0,2000-01-01,0,944,-5.87109995,54.56499863,nearest_minimum_dz,-1.69989014
0,2000-01-01,0,945,-6.47989988,54.89950180,nearest_minimum_dz,0.66151428
0,2000-01-01,0,946,-7.28870010,55.00519943,nearest_minimum_dz,0.54121017
0,2000-01-01,0,947,-7.65810013,54.46960068,nearest_minimum_dz,0.40181732
0,2000-01-01,0,948,-6.42080021,54.18700027,nearest_minimum_dz,2.17546844
0,2000-01-01,0,949,-4.97679996,55.08100128,nearest_minimum_dz,-7.09161377
0,2000-01-01,0,950,-2.73790002,53.34640121,nearest_minimum_dz,0.00000000
0,2000-01-01,0,951,-4.09140015,56.06990051,nearest_minimum_dz,39.14257812
0,2000-01-01,0,952,-4.19180012,55.68149948,nearest_minimum_dz,3.60131836
0,2000-01-01,0,953,-4.87860012,57.12799835,nearest_minimum_dz,204.23486328
0,2000-01-01,0,954,-4.04220009,58.05369949,nearest_minimum_dz,-4.04412842
0,2000-01-01,0,955,-4.81059980,55.23210144,nearest_minimum_dz,0.42431641
0,2000-01-01,0,956,-3.95350003,55.57820129,nearest_minimum_dz,-10.11288452
0,2000-01-01,0,957,-3.21050000,55.96490097,nearest_minimum_dz,-3.85709381
0,2000-01-01,0,958,-3.21300006,55.96540070,nearest_minimum_dz,-0.65515327
0,2000-01-01,0,959,-0.15840000,51.50640106,nearest_minimum_dz,0.21770477
0,2000-01-01,0,960,-0.16000000,51.50939941,nearest_minimum_dz,0.21770477
0,2000-01-01,0,961,-0.15820000,51.50849915,nearest_minimum_dz,0.21770477
0,2000-01-01,0,962,-0.15770000,51.50770187,nearest_minimum_dz,-0.78229523
0,2000-01-01,0,963,-0.15730000,51.50749969,nearest_minimum_dz,-1.78229523
0,2000-01-01,0,964,0.70160002,51.54899979,nearest_minimum_dz,0.05239868
0,2000-01-01,0,965,0.72229999,51.55569839,nearest_minimum_dz,-0.34113503
0,2000-01-01,0,966,-6.15299988,55.18059921,nearest_minimum_dz,-4.60748291
0,2000-01-01,0,967,-6.22529984,54.66370010,nearest_minimum_dz,-3.77663422
0,2000-01-01,0,968,-6.94920015,55.16040039,nearest_minimum_dz,-0.14014626
0,2000-01-01,0,969,-7.57749987,54.70709991,nearest_minimum_dz,-2.14107513
0,2000-01-01,0,970,-7.64489985,54.39559937,nearest_minimum_dz,0.37221146
0,2000-01-01,0,971,-5.58409977,54.67369843,nearest_minimum_dz,8.50285721
0,2000-01-01,0,972,-6.50530005,54.23720169,nearest_minimum_dz,0.55584717
0,2000-01-01,0,973,-7.07359982,54.63660049,nearest_minimum_dz,13.19615173
0,2000-01-01,0,974,2.09489989,51.96969986,nearest_minimum_dz,0.00000000
0,2000-01-01,0,975,2.00600004,51.74449921,nearest_minimum_dz,0.00000000
0,2000-01-01,0,976,-4.21019983,51.97589874,nearest_minimum_dz,16.00991821
0,2000-01-01,0,977,-3.18400002,51.48410034,nearest_minimum_dz,-0.66465855
0,2000-01-01,0,978,-3.18560004,51.48540115,nearest_minimum_dz,0.26808262
0,2000-01-01,0,979,-0.33530000,51.40090179,nearest_minimum_dz,-1.77128696
0,2000-01-01,0,980,-0.33070001,51.40090179,nearest_minimum_dz,-1.77128696
0,2000-01-01,0,981,-0.33120000,51.40319824,nearest_minimum_dz,-2.77128696
0,2000-01-01,0,982,-1.61420000,53.22280121,nearest_minimum_dz,-33.84350586
0,2000-01-01,0,983,-1.61520004,53.22579956,nearest_minimum_dz,-33.84350586
0,2000-01-01,0,984,-1.61730003,53.22470093,nearest_minimum_dz,-32.84350586
0,2000-01-01,0,985,-2.37639999,53.33340073,nearest_minimum_dz,0.58371735
0,2000-01-01,0,986,-2.37890005,53.33129883,nearest_minimum_dz,-0.13164139
0,2000-01-01,0,987,-2.37949991,53.33290100,nearest_minimum_dz,-0.06011200
0,2000-01-01,0,988,-0.15490000,51.48540115,nearest_minimum_dz,-2.61155701
0,2000-01-01,0,989,-0.15590000,51.48770142,nearest_minimum_dz,-0.17382288
0,2000-01-01,0,990,-0.15889999,51.51330185,nearest_minimum_dz,-1.01744843
0,2000-01-01,0,991,-0.11320000,51.48369980,nearest_minimum_dz,0.27412796
0,2000-01-01,0,992,-0.14929999,51.45800018,nearest_minimum_dz,0.27412796
0,2000-01-01,0,993,-0.19260000,51.48180008,nearest_minimum_dz,-2.17382288
0,2000-01-01,0,994,-5.47559977,50.20890045,nearest_minimum_dz,0.00000000
0,2000-01-01,0,995,-5.00190020,57.14419937,nearest_minimum_dz,-13.63078308
0,2000-01-01,0,996,-4.19350004,56.69940186,nearest_minimum_dz,-20.90779114
0,2000-01-01,0,997,-4.76539993,56.26100159,nearest_minimum_dz,-14.61929321
0,2000-01-01,0,998,-4.54050016,51.76050186,nearest_minimum_dz,2.03353882
0,2000-01-01,0,999,-4.70450020,50.63610077,nearest_minimum_dz,-0.53071594
0,2000-01-01,0,1210,6.11019993,62.56039810,nearest_minimum_dz,2.95159912
0,2000-01-01,0,1311,5.21810007,60.29339981,nearest_minimum_dz,1.54756546
0,2000-01-01,0,1338,6.64690018,61.17110062,nearest_minimum_dz,-0.06143188
0,2000-01-01,0,1364,8.21700001,60.51699829,nearest_minimum_dz,-5.78411865
0,2000-01-01,0,1384,11.08300018,60.20000076,nearest_minimum_dz,0.01199341
0,2000-01-01,0,1397,12.27169991,61.29420090,nearest_minimum_dz,-18.48544312
0,2000-01-01,0,1400,3.20000005,56.50000000,nearest_minimum_dz,48.00000000
0,2000-01-01,0,1415,5.63789988,58.87680054,nearest_minimum_dz,-0.37676525
0,2000-01-01,0,1427,6.61000013,58.11700058,nearest_minimum_dz,-1.16137505
0,2000-01-01,0,1447,8.19919968,59.49689865,nearest_minimum_dz,11.95288086
0,2000-01-01,0,1452,8.08300018,58.20000076,nearest_minimum_dz,-0.72859764
0,2000-01-01,0,1483,10.25860023,59.18669891,nearest_minimum_dz,-1.25381470
0,2000-01-01,0,1488,10.61670017,59.88330078,nearest_minimum_dz,-0.49837303
0,2000-01-01,0,1492,10.71700001,59.95000076,nearest_minimum_dz,-3.42520142
0,2000-01-01,0,2407,13.70720005,60.67639923,nearest_minimum_dz,-0.54528809
0,2000-01-01,0,2512,11.88329983,57.78329849,nearest_minimum_dz,-0.95337868
0,2000-01-01,0,2513,12.00000000,57.70000076,nearest_minimum_dz,-1.39512062
0,2000-01-01,0,3002,-0.85399997,60.74900055,nearest_minimum_dz,0.57123280
0,2000-01-01,0,3003,-1.29799998,59.87900162,nearest_minimum_dz,-0.13926554
0,2000-01-01,0,3005,-1.18299997,60.13899994,nearest_minimum_dz,4.00267029
0,2000-01-01,0,3006,-1.27699995,60.44699860,nearest_minimum_dz,-3.09675407
0,2000-01-01,0,3008,-1.62800002,59.52700043,nearest_minimum_dz,19.06503677
0,2000-01-01,0,3010,-4.40399981,59.08300018,nearest_minimum_dz,12.00000000
0,2000-01-01,0,3011,-5.82999992,59.12400055,nearest_minimum_dz,98.00000000
0,2000-01-01,0,3014,-2.06299996,60.11100006,nearest_minimum_dz,5.87147141
0,2000-01-01,0,3017,-2.90000010,58.95399857,nearest_minimum_dz,0.16869164
0,2000-01-01,0,3022,-7.38299990,57.47499847,nearest_minimum_dz,0.33768988
0,2000-01-01,0,3023,-7.39699984,57.35800171,nearest_minimum_dz,-0.26998615
0,2000-01-01,0,3026,-6.32499981,58.21400070,nearest_minimum_dz,4.12476349
0,2000-01-01,0,3031,-4.89599991,57.72499847,nearest_minimum_dz,-34.29415894
0,2000-01-01,0,3034,-5.63600016,57.85900116,nearest_minimum_dz,0.92047215
0,2000-01-01,0,3035,-7.44890022,57.02569962,nearest_minimum_dz,-1.02226210
0,2000-01-01,0,3037,-5.80900002,57.25699997,nearest_minimum_dz,3.12542343
0,2000-01-01,0,3039,-5.68900013,57.41749954,nearest_minimum_dz,228.00427246
0,2000-01-01,0,3041,-4.96999979,56.82199860,nearest_minimum_dz,227.59313965
0,2000-01-01,0,3044,-4.44199991,58.28799820,nearest_minimum_dz,-29.95560455
0,2000-01-01,0,3047,-4.70800018,56.86700058,nearest_minimum_dz,-10.38796997
0,2000-01-01,0,3055,-3.38499999,58.87400055,nearest_minimum_dz,-7.02583694
0,2000-01-01,0,3062,-3.96600008,57.81900024,nearest_minimum_dz,-0.32462502
0,2000-01-01,0,3063,-3.82699990,57.20600128,nearest_minimum_dz,2.22113037
0,2000-01-01,0,3065,-3.64199996,57.11600113,nearest_minimum_dz,138.53210449
0,2000-01-01,0,3066,-3.56060004,57.64939880,nearest_minimum_dz,0.15855122
0,2000-01-01,0,3068,-3.32200003,57.71200180,nearest_minimum_dz,-0.14212561
0,2000-01-01,0,3070,-3.34400010,57.35400009,nearest_minimum_dz,-8.21496582
0,2000-01-01,0,3072,-3.42000008,56.87900162,nearest_minimum_dz,24.00146484
0,2000-01-01,0,3075,-3.08899999,58.45399857,nearest_minimum_dz,0.83310699
0,2000-01-01,0,3080,-2.83599997,57.07699966,nearest_minimum_dz,2.63093567
0,2000-01-01,0,3081,-3.39700007,57.00600052,nearest_minimum_dz,-32.69937134
0,2000-01-01,0,3088,-2.26399994,56.85200119,nearest_minimum_dz,-9.65856934
0,2000-01-01,0,3091,-2.20199990,57.20600128,nearest_minimum_dz,1.34263992
0,2000-01-01,0,3092,-1.77300000,57.50299835,nearest_minimum_dz,1.22435665
0,2000-01-01,0,3094,-2.12100005,57.69800186,nearest_minimum_dz,1.62134719
0,2000-01-01,0,3100,-6.88700008,56.49700165,nearest_minimum_dz,0.47037697
0,2000-01-01,0,3105,-6.25600004,55.68099976,nearest_minimum_dz,2.15239143
0,2000-01-01,0,3111,-5.69899988,55.44100189,nearest_minimum_dz,0.15408802
0,2000-01-01,0,3114,-5.47499990,56.40999985,nearest_minimum_dz,-0.79236221
0,2000-01-01,0,3116,-5.00099993,56.40999985,nearest_minimum_dz,-17.95869446
0,2000-01-01,0,3120,-5.30600023,55.70600128,nearest_minimum_dz,2.99451828
0,2000-01-01,0,3130,-4.93599987,54.85900116,nearest_minimum_dz,0.34941387
0,2000-01-01,0,3132,-4.93599987,54.85900116,nearest_minimum_dz,0.34941387
0,2000-01-01,0,3134,-4.53299999,55.90700150,nearest_minimum_dz,0.75412750
0,2000-01-01,0,3136,-4.58500004,55.51499939,nearest_minimum_dz,2.19180870
0,2000-01-01,0,3138,-4.79400015,55.96200180,nearest_minimum_dz,1.99881124
0,2000-01-01,0,3139,-4.22599983,55.60100174,nearest_minimum_dz,-1.36442566
0,2000-01-01,0,3140,-4.43330002,55.86669922,nearest_minimum_dz,-0.25715923
0,2000-01-01,0,3144,-3.72900009,56.32600021,nearest_minimum_dz,-3.01646805
0,2000-01-01,0,3148,-4.32000017,56.42300034,nearest_minimum_dz,2.66046143
0,2000-01-01,0,3152,-3.87500000,55.86199951,nearest_minimum_dz,9.40298462
0,2000-01-01,0,3153,-4.00799990,54.80300140,nearest_minimum_dz,3.00154114
0,2000-01-01,0,3154,-3.64400005,55.05400085,nearest_minimum_dz,-0.21438217
0,2000-01-01,0,3155,-3.73499990,55.62699890,nearest_minimum_dz,2.46232605
0,2000-01-01,0,3158,-2.38299990,55.70899963,nearest_minimum_dz,0.17498016
0,2000-01-01,0,3160,-3.34699988,55.95100021,nearest_minimum_dz,-0.27295685
0,2000-01-01,0,3162,-3.20600009,55.31100082,nearest_minimum_dz,15.99105835
0,2000-01-01,0,3166,-3.34299994,55.92800140,nearest_minimum_dz,1.96799469
0,2000-01-01,0,3171,-2.86199999,56.37699890,nearest_minimum_dz,-0.70279598
0,2000-01-01,0,3173,-3.18799996,55.92300034,nearest_minimum_dz,1.60935974
0,2000-01-01,0,3174,-2.58500004,56.27899933,nearest_minimum_dz,-5.92647743
0,2000-01-01,0,3176,-2.51699996,55.35900116,nearest_minimum_dz,-11.27560425
0,2000-01-01,0,3188,-2.03200006,55.75400162,nearest_minimum_dz,0.65419006
0,2000-01-01,0,3204,-4.63210011,54.08489990,nearest_minimum_dz,-0.14111519
0,2000-01-01,0,3210,-3.61500001,54.51810074,nearest_minimum_dz,1.66737366
0,2000-01-01,0,3212,-3.15700006,54.61399841,nearest_minimum_dz,0.69153595
0,2000-01-01,0,3213,-3.40700006,54.32500076,nearest_minimum_dz,-0.05481720
0,2000-01-01,0,3214,-3.25699997,54.12500000,nearest_minimum_dz,-5.28446007
0,2000-01-01,0,3220,-2.96300006,54.93299866,nearest_minimum_dz,0.05434608
0,2000-01-01,0,3224,-2.55299997,55.04999924,nearest_minimum_dz,2.40216064
0,2000-01-01,0,3225,-2.68400002,54.50099945,nearest_minimum_dz,-3.58200073
0,2000-01-01,0,3226,-2.41300011,54.57199860,nearest_minimum_dz,3.73562622
0,2000-01-01,0,3227,-2.45000005,54.68399811,nearest_minimum_dz,108.08813477
0,2000-01-01,0,3230,-2.27900004,55.28499985,nearest_minimum_dz,-0.64929199
0,2000-01-01,0,3235,-2.08899999,54.82099915,nearest_minimum_dz,-1.27313232
0,2000-01-01,0,3238,-1.88000000,55.02000046,nearest_minimum_dz,0.35130310
0,2000-01-01,0,3240,-1.60000002,55.42100143,nearest_minimum_dz,-0.49494171
0,2000-01-01,0,3246,-1.59700000,54.97700119,nearest_minimum_dz,-1.01117706
0,2000-01-01,0,3257,-1.52999997,54.29600143,nearest_minimum_dz,-0.00787735
0,2000-01-01,0,3261,-1.41400003,54.13399887,nearest_minimum_dz,-0.12971878
0,2000-01-01,0,3262,-1.41499996,55.01800156,nearest_minimum_dz,0.66605377
0,2000-01-01,0,3265,-1.38999999,54.20399857,nearest_minimum_dz,0.09596062
0,2000-01-01,0,3266,-1.25000000,54.04499817,nearest_minimum_dz,0.03578854
0,2000-01-01,0,3275,-0.86299998,54.56299973,nearest_minimum_dz,-3.44976807
0,2000-01-01,0,3281,-0.67299998,54.36199951,nearest_minimum_dz,-3.49038696
0,2000-01-01,0,3292,-0.17399999,54.09400177,nearest_minimum_dz,5.28014565
0,2000-01-01,0,3301,-4.37599993,53.25999832,nearest_minimum_dz,0.21435547
0,2000-01-01,0,3302,-4.53700018,53.25199890,nearest_minimum_dz,-0.10655594
0,2000-01-01,0,3305,-3.94099998,53.09299850,nearest_minimum_dz,-3.09214783
0,2000-01-01,0,3308,-4.07700014,53.06800079,nearest_minimum_dz,348.33697510
0,2000-01-01,0,3313,-3.50900006,53.25899887,nearest_minimum_dz,-7.46892548
0,2000-01-01,0,3316,-3.05599999,53.49700165,nearest_minimum_dz,0.37311935
0,2000-01-01,0,3318,-3.03699994,53.77600098,nearest_minimum_dz,0.31756687
0,2000-01-01,0,3321,-2.98600006,53.17399979,nearest_minimum_dz,0.34872246
0,2000-01-01,0,3330,-1.97990000,53.12760162,nearest_minimum_dz,-1.40341187
0,2000-01-01,0,3334,-2.27900004,53.35599899,nearest_minimum_dz,-1.38774109
0,2000-01-01,0,3339,-2.02900004,53.96699905,nearest_minimum_dz,-0.76393127
0,2000-01-01,0,3344,-1.86500001,53.81100082,nearest_minimum_dz,-7.06835938
0,2000-01-01,0,3345,-1.66400003,53.61299896,nearest_minimum_dz,29.86343384
0,2000-01-01,0,3346,-1.66700006,53.61700058,nearest_minimum_dz,37.86343384
0,2000-01-01,0,3347,-1.55999994,53.79999924,nearest_minimum_dz,0.03046036
0,2000-01-01,0,3348,-2.15400004,53.34000015,nearest_minimum_dz,-0.53675842
0,2000-01-01,0,3350,-1.58200002,53.43299866,nearest_minimum_dz,14.78643799
0,2000-01-01,0,3351,-2.38050008,53.35979843,nearest_minimum_dz,-0.42290115
0,2000-01-01,0,3354,-1.25000000,53.00500107,nearest_minimum_dz,4.59765625
0,2000-01-01,0,3355,-1.19700003,53.83599854,nearest_minimum_dz,0.00000000
0,2000-01-01,0,3373,-0.54600000,53.30699921,nearest_minimum_dz,0.40164948
0,2000-01-01,0,3377,-0.52100003,53.17499924,nearest_minimum_dz,-0.05210876
0,2000-01-01,0,3379,-0.50199997,53.03099823,nearest_minimum_dz,0.53020096
0,2000-01-01,0,3382,-0.43300000,53.86700058,nearest_minimum_dz,0.17937899
0,2000-01-01,0,3384,-0.44000000,53.87400055,nearest_minimum_dz,0.17937899
0,2000-01-01,0,3385,0.15400000,53.47299957,nearest_minimum_dz,5.51083851
0,2000-01-01,0,3391,-0.17100000,53.09400177,nearest_minimum_dz,0.01018667
0,2000-01-01,0,3392,0.27399999,53.08800125,nearest_minimum_dz,0.00000000
0,2000-01-01,0,3402,-4.63800001,52.82300186,nearest_minimum_dz,91.15628052
0,2000-01-01,0,3403,-4.08199978,52.99499893,nearest_minimum_dz,-3.58895874
0,2000-01-01,0,3405,-4.74200010,52.78900146,nearest_minimum_dz,-12.38661194
0,2000-01-01,0,3407,-4.12400007,52.80199814,nearest_minimum_dz,-0.69007111
0,2000-01-01,0,3409,-3.58299994,52.91699982,nearest_minimum_dz,-29.34292603
0,2000-01-01,0,3410,-3.46399999,52.75699997,nearest_minimum_dz,1.44387817
0,2000-01-01,0,3414,-2.66300011,52.79399872,nearest_minimum_dz,1.16904449
0,2000-01-01,0,3453,-0.65399998,52.72700119,nearest_minimum_dz,-2.27653503
0,2000-01-01,0,3462,-0.45899999,52.61109924,nearest_minimum_dz,-0.61327362
0,2000-01-01,0,3469,0.14100000,52.87300110,nearest_minimum_dz,-0.01227856
0,2000-01-01,0,3482,0.56900001,52.65100098,nearest_minimum_dz,-0.48284531
0,2000-01-01,0,3488,1.12699997,52.94900131,nearest_minimum_dz,-1.49761391
0,2000-01-01,0,3492,1.30200005,52.62500000,nearest_minimum_dz,-0.58984756
0,2000-01-01,0,3495,1.35599995,52.75600052,nearest_minimum_dz,-0.03829765
0,2000-01-01,0,3496,1.69299996,52.68600082,nearest_minimum_dz,3.64717960
0,2000-01-01,0,3497,1.75000000,52.56700134,nearest_minimum_dz,-0.76850986
0,2000-01-01,0,3501,-4.00099993,52.41699982,nearest_minimum_dz,1.57053375
0,2000-01-01,0,3502,-4.57100010,52.13899994,nearest_minimum_dz,-3.08613586
0,2000-01-01,0,3503,-3.94700003,52.34400177,nearest_minimum_dz,-13.17311859
0,2000-01-01,0,3507,-3.61400008,52.06299973,nearest_minimum_dz,-0.90658569
0,2000-01-01,0,3520,-2.88499999,52.24200058,nearest_minimum_dz,-0.54473877
0,2000-01-01,0,3522,-2.79999995,52.08300018,nearest_minimum_dz,1.38343048
0,2000-01-01,0,3527,-2.30500007,52.12099838,nearest_minimum_dz,2.74042511
0,2000-01-01,0,3529,-2.03999996,52.14799881,nearest_minimum_dz,-0.04530334
0,2000-01-01,0,3534,-1.74100006,52.45199966,nearest_minimum_dz,0.03801727
0,2000-01-01,0,3535,-1.68900001,52.47999954,nearest_minimum_dz,0.07405853
0,2000-01-01,0,3544,-1.33000004,52.35800171,nearest_minimum_dz,-0.38314819
0,2000-01-01,0,3559,-0.42100000,52.10400009,nearest_minimum_dz,0.10940933
0,2000-01-01,0,3560,-0.46399999,52.22499847,nearest_minimum_dz,-1.05115509
0,2000-01-01,0,3566,-0.11400000,52.35300064,nearest_minimum_dz,1.49504089
0,2000-01-01,0,3583,0.56110001,52.40940094,nearest_minimum_dz,-0.09970284
0,2000-01-01,0,3586,0.77399999,52.34000015,nearest_minimum_dz,-0.24820328
0,2000-01-01,0,3590,0.96100003,52.12300110,nearest_minimum_dz,2.07027435
0,2000-01-01,0,3604,-5.05499983,51.70800018,nearest_minimum_dz,1.74494934
0,2000-01-01,0,3605,-4.36800003,51.71300125,nearest_minimum_dz,0.24629807
0,2000-01-01,0,3609,-3.98099995,51.56499863,nearest_minimum_dz,-3.49894333
0,2000-01-01,0,3628,-2.57599998,51.52099991,nearest_minimum_dz,-0.68646622
0,2000-01-01,0,3629,-2.71600008,51.50600052,nearest_minimum_dz,-0.14278316
0,2000-01-01,0,3647,-1.69200003,51.86000061,nearest_minimum_dz,6.29443359
0,2000-01-01,0,3649,-1.57599998,51.75799942,nearest_minimum_dz,-0.20299530
0,2000-01-01,0,3658,-1.09700000,51.61999893,nearest_minimum_dz,0.07981491
0,2000-01-01,0,3660,-0.80199999,51.68000031,nearest_minimum_dz,5.04966736
0,2000-01-01,0,3670,-0.40000001,51.61690140,nearest_minimum_dz,1.79269409
0,2000-01-01,0,3672,-0.41499999,51.54800034,nearest_minimum_dz,-0.12701416
0,2000-01-01,0,3680,-0.36019999,51.80670166,nearest_minimum_dz,1.24987030
0,2000-01-01,0,3683,0.22499999,51.88000107,nearest_minimum_dz,-0.49806976
0,2000-01-01,0,3684,0.45300001,51.89599991,nearest_minimum_dz,0.40624237
0,2000-01-01,0,3693,0.82999998,51.55400085,nearest_minimum_dz,0.19520080
0,2000-01-01,0,3696,1.28299999,51.85400009,nearest_minimum_dz,-0.59052086
0,2000-01-01,0,3705,-4.22100019,51.11800003,nearest_minimum_dz,-0.91180038
0,2000-01-01,0,3707,-4.14900017,51.08900070,nearest_minimum_dz,0.49032497
0,2000-01-01,0,3710,-3.60800004,51.08700180,nearest_minimum_dz,2.02471924
0,2000-01-01,0,3715,-3.34299994,51.40000153,nearest_minimum_dz,1.79019928
0,2000-01-01,0,3716,-3.44000006,51.40499878,nearest_minimum_dz,-1.30992126
0,2000-01-01,0,3717,-3.17799997,51.47800064,nearest_minimum_dz,4.97393417
0,2000-01-01,0,3726,-2.59999990,51.46670151,nearest_minimum_dz,-1.19676590
0,2000-01-01,0,3740,-1.99240005,51.50310135,nearest_minimum_dz,-10.30389404
0,2000-01-01,0,3743,-1.80499995,51.20100021,nearest_minimum_dz,-0.69653320
0,2000-01-01,0,3746,-1.75399995,51.16099930,nearest_minimum_dz,-3.15905762
0,2000-01-01,0,3749,-1.57000005,51.14899826,nearest_minimum_dz,1.10009003
0,2000-01-01,0,3761,-0.94400001,51.23799896,nearest_minimum_dz,-1.86681366
0,2000-01-01,0,3763,-0.78399998,51.38999939,nearest_minimum_dz,-0.05978394
0,2000-01-01,0,3768,-0.77200001,51.27899933,nearest_minimum_dz,-0.43108368
0,2000-01-01,0,3769,-0.23330000,51.15000153,nearest_minimum_dz,-0.08130646
0,2000-01-01,0,3770,-0.13110000,51.50490189,nearest_minimum_dz,0.14445829
0,2000-01-01,0,3772,-0.44900000,51.47900009,nearest_minimum_dz,0.29112244
0,2000-01-01,0,3776,-0.19100000,51.15100098,nearest_minimum_dz,-0.09706497
0,2000-01-01,0,3779,-0.10800000,51.52099991,nearest_minimum_dz,4.99548340
0,2000-01-01,0,3780,-0.13500001,51.21500015,nearest_minimum_dz,-2.66491699
0,2000-01-01,0,3781,-0.09000000,51.30300140,nearest_minimum_dz,1.01808167
0,2000-01-01,0,3784,0.31400001,51.46400070,nearest_minimum_dz,0.00184822
0,2000-01-01,0,3791,0.74699998,51.44499969,nearest_minimum_dz,4.19030762
0,2000-01-01,0,3796,1.34800005,51.13299942,nearest_minimum_dz,4.95032501
0,2000-01-01,0,3797,1.34609997,51.34220123,nearest_minimum_dz,11.41302109
0,2000-01-01,0,3803,-6.30100012,49.91299820,nearest_minimum_dz,19.15439224
0,2000-01-01,0,3808,-5.32999992,50.21799850,nearest_minimum_dz,0.88964844
0,2000-01-01,0,3809,-5.25699997,50.08499908,nearest_minimum_dz,0.51538086
0,2000-01-01,0,3810,-5.04699993,50.14500046,nearest_minimum_dz,-2.49354172
0,2000-01-01,0,3815,-5.20200014,49.95999908,nearest_minimum_dz,-3.01198578
0,2000-01-01,0,3817,-4.99900007,50.43799973,nearest_minimum_dz,-0.10363007
0,2000-01-01,0,3820,-4.62200022,50.64099884,nearest_minimum_dz,3.55310059
0,2000-01-01,0,3823,-4.66699982,50.50199890,nearest_minimum_dz,-6.20895386
0,2000-01-01,0,3827,-4.12099981,50.35400009,nearest_minimum_dz,1.57598495
0,2000-01-01,0,3830,-3.98600006,50.93199921,nearest_minimum_dz,18.32130432
0,2000-01-01,0,3831,-4.00799990,50.54899979,nearest_minimum_dz,8.06448364
0,2000-01-01,0,3837,-3.50900006,50.39699936,nearest_minimum_dz,-2.03349304
0,2000-01-01,0,3839,-3.40499997,50.73699951,nearest_minimum_dz,-0.82205582
0,2000-01-01,0,3840,-3.23900008,50.86000061,nearest_minimum_dz,-1.89140320
0,2000-01-01,0,3844,-3.40459991,50.73659897,nearest_minimum_dz,-0.82205582
0,2000-01-01,0,3853,-2.64000010,51.00600052,nearest_minimum_dz,0.28912163
0,2000-01-01,0,3857,-2.45400000,50.52199936,nearest_minimum_dz,0.52736664
0,2000-01-01,0,3858,-2.44899988,50.56499863,nearest_minimum_dz,-2.30468607
0,2000-01-01,0,3862,-1.83500004,50.77899933,nearest_minimum_dz,0.85712528
0,2000-01-01,0,3865,-1.40300000,50.90100098,nearest_minimum_dz,-0.69604301
0,2000-01-01,0,3866,-1.29700005,50.57699966,nearest_minimum_dz,3.24824524
0,2000-01-01,0,3872,-0.92299998,50.81499863,nearest_minimum_dz,0.15089583
0,2000-01-01,0,3874,-1.20799994,50.80699921,nearest_minimum_dz,1.06415844
0,2000-01-01,0,3876,-0.29200000,50.83599854,nearest_minimum_dz,0.88537979
0,2000-01-01,0,3882,0.31900001,50.88999939,nearest_minimum_dz,0.94950104
0,2000-01-01,0,3894,-2.59999990,49.43999863,nearest_minimum_dz,27.09052277
0,2000-01-01,0,3895,-2.19549990,49.20790100,nearest_minimum_dz,-2.64740753
0,2000-01-01,0,3896,-2.09999990,49.20000076,nearest_minimum_dz,-2.12955856
0,2000-01-01,0,3901,-7.59410000,54.32949829,nearest_minimum_dz,4.53430176
0,2000-01-01,0,3903,-7.65000010,54.40000153,nearest_minimum_dz,0.37221146
0,2000-01-01,0,3904,-7.57700014,54.70700073,nearest_minimum_dz,-2.14107513
0,2000-01-01,0,3907,-6.94920015,55.16040039,nearest_minimum_dz,-0.14014626
0,2000-01-01,0,3908,-7.00799990,55.05699921,nearest_minimum_dz,1.27279902
0,2000-01-01,0,3911,-6.81400013,54.72100067,nearest_minimum_dz,-0.55055237
0,2000-01-01,0,3914,-6.65500021,55.20800018,nearest_minimum_dz,-2.81029510
0,2000-01-01,0,3915,-6.45699978,54.86500168,nearest_minimum_dz,-0.19715118
0,2000-01-01,0,3916,-6.15299988,55.18099976,nearest_minimum_dz,-4.60748291
0,2000-01-01,0,3917,-6.22399998,54.66400146,nearest_minimum_dz,-3.77663422
0,2000-01-01,0,3923,-6.50199986,54.23699951,nearest_minimum_dz,0.55584717
0,2000-01-01,0,3927,-5.66699982,54.66400146,nearest_minimum_dz,2.05933094
0,2000-01-01,0,3928,-5.82999992,54.85200119,nearest_minimum_dz,4.27402115
0,2000-01-01,0,3930,-2.55929995,51.55139923,nearest_minimum_dz,-1.16993713
0,2000-01-01,0,3931,1.16400003,52.45619965,nearest_minimum_dz,-0.80335236
0,2000-01-01,0,3952,-8.25000000,51.79899979,nearest_minimum_dz,0.21522522
0,2000-01-01,0,3953,-10.25000000,51.93299866,nearest_minimum_dz,-3.35288239
0,2000-01-01,0,3955,-8.49110031,51.84130096,nearest_minimum_dz,10.02761841
0,2000-01-01,0,3956,-6.50000000,52.29999924,nearest_minimum_dz,0.00000000
0,2000-01-01,0,3957,-6.33300018,52.25000000,nearest_minimum_dz,4.06231117
0,2000-01-01,0,3958,-8.27519989,52.13800049,nearest_minimum_dz,-14.95932770
0,2000-01-01,0,3960,-7.26599979,52.66600037,nearest_minimum_dz,-1.02069092
0,2000-01-01,0,3961,-6.91699982,52.86700058,nearest_minimum_dz,-0.71529770
0,2000-01-01,0,3962,-8.91600037,52.69900131,nearest_minimum_dz,0.34644413
0,2000-01-01,0,3965,-7.88299990,53.08300018,nearest_minimum_dz,0.91830444
0,2000-01-01,0,3967,-6.43889999,53.30559921,nearest_minimum_dz,1.41045380
0,2000-01-01,0,3969,-6.25000000,53.43299866,nearest_minimum_dz,6.91389465
0,2000-01-01,0,3970,-8.98299980,53.71599960,nearest_minimum_dz,-0.11151123
0,2000-01-01,0,3971,-7.36600018,53.53300095,nearest_minimum_dz,-0.28214264
0,2000-01-01,0,3973,-8.81700039,53.90000153,nearest_minimum_dz,30.46026611
0,2000-01-01,0,3974,-7.23299980,54.18299866,nearest_minimum_dz,0.52787781
0,2000-01-01,0,3976,-10.00100040,54.23300171,nearest_minimum_dz,-0.07153225
0,2000-01-01,0,3978,-8.23299980,54.50000000,nearest_minimum_dz,-0.29733276
0,2000-01-01,0,3979,-7.31699991,54.04999924,nearest_minimum_dz,0.00000000
0,2000-01-01,0,3980,-7.33300018,55.36600113,nearest_minimum_dz,1.48152733
0,2000-01-01,0,3982,-6.33330011,53.36389923,nearest_minimum_dz,-0.49545670
0,2000-01-01,0,3985,-8.74870014,53.29869843,nearest_minimum_dz,0.39826202
0,2000-01-01,0,6030,9.84920025,57.09280014,nearest_minimum_dz,-0.16352654
0,2000-01-01,0,6043,10.51700020,57.40000153,nearest_minimum_dz,7.23766327
0,2000-01-01,0,6060,9.11670017,56.29999924,nearest_minimum_dz,-0.04468918
0,2000-01-01,0,6070,10.61699963,56.29999924,nearest_minimum_dz,-0.15428925
0,2000-01-01,0,6080,8.55340004,55.52590179,nearest_minimum_dz,-0.01316643
0,2000-01-01,0,6081,8.08329964,55.54999924,nearest_minimum_dz,12.59767151
0,2000-01-01,0,6120,10.33300018,55.48300171,nearest_minimum_dz,0.36842728
0,2000-01-01,0,6210,4.41699982,52.18299866,nearest_minimum_dz,0.18546832
0,2000-01-01,0,6235,4.78299999,52.91699982,nearest_minimum_dz,10.85053253
0,2000-01-01,0,6239,4.69610023,54.85390091,nearest_minimum_dz,23.00000000
0,2000-01-01,0,6240,4.76700020,52.29999924,nearest_minimum_dz,-4.00000000
0,2000-01-01,0,6242,4.90500021,53.23500061,nearest_minimum_dz,10.80541611
0,2000-01-01,0,6251,5.34999990,53.38999939,nearest_minimum_dz,-0.16524637
0,2000-01-01,0,6252,3.22029996,53.21780014,nearest_minimum_dz,30.00000000
0,2000-01-01,0,6260,5.18300009,52.09999847,nearest_minimum_dz,-0.29448557
0,2000-01-01,0,6269,5.53299999,52.45000076,nearest_minimum_dz,-4.00000000
0,2000-01-01,0,6270,5.76700020,53.21699905,nearest_minimum_dz,-0.76067162
0,2000-01-01,0,6275,5.87220001,52.05500031,nearest_minimum_dz,-1.18057632
0,2000-01-01,0,6279,6.46670008,52.71670151,nearest_minimum_dz,-0.00171566
0,2000-01-01,0,6280,6.58300018,53.13299942,nearest_minimum_dz,0.16476274
0,2000-01-01,0,6290,6.90000010,52.26699829,nearest_minimum_dz,0.13592148
0,2000-01-01,0,6310,3.59999990,51.45000076,nearest_minimum_dz,7.42731524
0,2000-01-01,0,6321,3.27500010,51.99779892,nearest_minimum_dz,17.00000000
0,2000-01-01,0,6344,4.43720007,51.95959854,nearest_minimum_dz,-5.00000000
0,2000-01-01,0,6370,5.41699982,51.45000076,nearest_minimum_dz,0.36734200
0,2000-01-01,0,6380,5.78299999,50.91699982,nearest_minimum_dz,-2.48190308
0,2000-01-01,0,6407,2.87400007,51.19979858,nearest_minimum_dz,0.91651726
0,2000-01-01,0,6408,2.91669989,51.23329926,nearest_minimum_dz,2.08151579
0,2000-01-01,0,6432,3.83299994,50.56700134,nearest_minimum_dz,-0.33191681
0,2000-01-01,0,6447,4.34999990,50.79999924,nearest_minimum_dz,-0.43339539
0,2000-01-01,0,6449,4.44999981,50.46699905,nearest_minimum_dz,15.80882263
0,2000-01-01,0,6450,4.46700001,51.20000076,nearest_minimum_dz,0.04274750
0,2000-01-01,0,6451,4.53299999,50.90000153,nearest_minimum_dz,4.44325256
0,2000-01-01,0,6456,4.65000010,50.23300171,nearest_minimum_dz,0.74993896
0,2000-01-01,0,6476,5.40000010,50.03300095,nearest_minimum_dz,1.22009277
0,2000-01-01,0,6490,5.91699982,50.48300171,nearest_minimum_dz,-1.82199097
0,2000-01-01,0,6496,6.18300009,50.46699905,nearest_minimum_dz,-1.22454834
0,2000-01-01,0,6590,6.21600008,49.61600113,nearest_minimum_dz,2.22180176
0,2000-01-01,0,6660,8.56700039,47.38299942,nearest_minimum_dz,1.04119873
0,2000-01-01,0,6670,8.54920006,47.46469879,nearest_minimum_dz,-0.62747192
0,2000-01-01,0,6680,9.34360027,47.24940109,nearest_minimum_dz,326.89697266
0,2000-01-01,0,6700,6.13299990,46.25000000,nearest_minimum_dz,2.63702393
0,2000-01-01,0,6712,6.91669989,46.33330154,nearest_minimum_dz,1.23379517
0,2000-01-01,0,6720,7.33099985,46.22000122,nearest_minimum_dz,-26.26654053
0,2000-01-01,0,6730,7.98330021,46.54999924,nearest_minimum_dz,56.01098633
0,2000-01-01,0,6748,7.75000000,46.03300095,nearest_minimum_dz,54.15747070
0,2000-01-01,0,6760,8.77999973,46.16999817,nearest_minimum_dz,-25.48706055
0,2000-01-01,0,7002,1.60000002,50.73329926,nearest_minimum_dz,4.11892700
0,2000-01-01,0,7005,1.83299994,50.13299942,nearest_minimum_dz,-1.99777985
0,2000-01-01,0,7015,3.08940005,50.56190109,nearest_minimum_dz,0.14559937
0,2000-01-01,0,7020,-1.93299997,49.71699905,nearest_minimum_dz,5.67587280
0,2000-01-01,0,7028,0.06670000,49.51670074,nearest_minimum_dz,8.61383820
0,2000-01-01,0,7037,1.18299997,49.38299942,nearest_minimum_dz,0.37356567
0,2000-01-01,0,7070,4.05000019,49.31000137,nearest_minimum_dz,-0.24865723
0,2000-01-01,0,7110,-4.41599989,48.44900131,nearest_minimum_dz,-3.73463440
0,2000-01-01,0,7127,-1.85000002,48.72000122,nearest_minimum_dz,11.35977173
0,2000-01-01,0,7130,-1.73479998,48.06949997,nearest_minimum_dz,0.29071808
0,2000-01-01,0,7145,2.00920010,48.77330017,nearest_minimum_dz,0.85910034
0,2000-01-01,0,7149,2.39299989,48.71699905,nearest_minimum_dz,-0.73903656
0,2000-01-01,0,7150,2.43799996,48.96469879,nearest_minimum_dz,-0.84113312
0,2000-01-01,0,7157,2.54999995,49.01279831,nearest_minimum_dz,-0.04134369
0,2000-01-01,0,7190,7.62820005,48.53829956,nearest_minimum_dz,-0.05654907
0,2000-01-01,0,7222,-1.60000002,47.16669846,nearest_minimum_dz,-0.41960907
0,2000-01-01,0,7249,1.75000000,47.98300171,nearest_minimum_dz,0.25528717
0,2000-01-01,0,7280,5.09000015,47.26890182,nearest_minimum_dz,0.23234558
0,2000-01-01,0,7299,7.52990007,47.58959961,nearest_minimum_dz,0.31314087
0,2000-01-01,0,7306,-1.37909997,46.70000076,nearest_minimum_dz,1.20517731
0,2000-01-01,0,7314,-1.41700006,46.04999924,nearest_minimum_dz,15.65115547
0,2000-01-01,0,7354,1.73070002,46.86220169,nearest_minimum_dz,-0.13238525
0,2000-01-01,0,7412,-0.31700000,45.66699982,nearest_minimum_dz,-0.27811241
0,2000-01-01,0,7434,1.17939997,45.86280060,nearest_minimum_dz,-0.25817871
0,2000-01-01,0,7460,3.16919994,45.78670120,nearest_minimum_dz,-0.22970581
0,2000-01-01,0,7475,4.29640007,45.54059982,nearest_minimum_dz,-0.94332886
0,2000-01-01,0,7480,4.93779993,45.72610092,nearest_minimum_dz,1.05903625
0,2000-01-01,0,7481,5.09079981,45.72639847,nearest_minimum_dz,0.00704956
0,2000-01-01,0,7486,5.33330011,45.36669922,nearest_minimum_dz,-1.09298706
0,2000-01-01,0,7491,5.86670017,45.63330078,nearest_minimum_dz,2.98182678
0,2000-01-01,0,10004,6.34999990,54.16669846,nearest_minimum_dz,0.00000000
0,2000-01-01,0,10015,7.89309978,54.17639923,nearest_minimum_dz,8.00000000
0,2000-01-01,0,10020,8.41250038,55.01250076,nearest_minimum_dz,21.14046288
0,2000-01-01,0,10046,10.14999962,54.34999847,nearest_minimum_dz,4.10004425
0,2000-01-01,0,10055,11.09000015,54.52999878,nearest_minimum_dz,-0.00333631
0,2000-01-01,0,10142,9.34000015,53.59379959,nearest_minimum_dz,9.24936771
0,2000-01-01,0,10147,9.98820019,53.63040161,nearest_minimum_dz,-0.07799530
0,2000-01-01,0,10156,10.69999981,53.81700134,nearest_minimum_dz,-0.48415470
0,2000-01-01,0,10224,8.80000019,53.04999924,nearest_minimum_dz,0.04855061
0,2000-01-01,0,10238,9.93299961,52.81700134,nearest_minimum_dz,0.12787628
0,2000-01-01,0,10253,11.13920021,52.97389984,nearest_minimum_dz,-0.10056686
0,2000-01-01,0,10314,7.53299999,52.33300018,nearest_minimum_dz,-0.42985153
0,2000-01-01,0,10315,7.68480015,52.13460159,nearest_minimum_dz,0.30460358
0,2000-01-01,0,10320,8.31700039,51.93299866,nearest_minimum_dz,0.18712616
0,2000-01-01,0,10338,9.68509960,52.46110153,nearest_minimum_dz,-0.11061478
0,2000-01-01,0,10400,6.76870012,51.29600143,nearest_minimum_dz,-0.14175797
0,2000-01-01,0,10401,6.13299990,51.20000076,nearest_minimum_dz,0.57703400
0,2000-01-01,0,10405,6.13299990,51.59999847,nearest_minimum_dz,-2.15183449
0,2000-01-01,0,10410,6.96600008,51.39899826,nearest_minimum_dz,3.00415039
0,2000-01-01,0,10506,6.87029982,50.36109924,nearest_minimum_dz,1.31597900
0,2000-01-01,0,10513,7.14270020,50.86589813,nearest_minimum_dz,1.33631134
0,2000-01-01,0,10607,6.69999981,49.84170151,nearest_minimum_dz,0.70919800
0,2000-01-01,0,10614,7.59999990,49.43669891,nearest_minimum_dz,-1.26240540
0,2000-01-01,0,10616,7.26389980,49.94869995,nearest_minimum_dz,10.64889526
0,2000-01-01,0,10635,8.44999981,50.21699905,nearest_minimum_dz,87.82446289
0,2000-01-01,0,10637,8.60000038,50.04999924,nearest_minimum_dz,0.05504608
0,2000-01-01,0,10648,9.10000038,49.71699905,nearest_minimum_dz,-4.44091797
0,2000-01-01,0,10708,7.11700010,49.21699905,nearest_minimum_dz,-0.49163818
0,2000-01-01,0,10727,8.36670017,49.03329849,nearest_minimum_dz,23.10115051
0,2000-01-01,0,10738,9.23299980,48.68299866,nearest_minimum_dz,-0.69247437
0,2000-01-01,0,10739,9.19999981,48.83330154,nearest_minimum_dz,-0.02816772
0,2000-01-01,0,16066,8.72809982,45.63059998,nearest_minimum_dz,0.08723450
0,2000-01-01,0,16080,9.27670002,45.44509888,nearest_minimum_dz,0.26925659
0,2000-01-01,0,99001,-3.48300004,50.40000153,nearest_minimum_dz,-0.95114136
0,2000-01-01,0,99003,-4.73299980,58.16699982,nearest_minimum_dz,-8.44200897
0,2000-01-01,0,99005,-4.23299980,56.93299866,nearest_minimum_dz,2.57174683
0,2000-01-01,0,99006,-5.43300009,56.45000076,nearest_minimum_dz,0.08556962
0,2000-01-01,0,99008,0.44999999,51.28300095,nearest_minimum_dz,-0.31932449
0,2000-01-01,0,99010,-2.38299990,57.45000076,nearest_minimum_dz,-15.84527588
0,2000-01-01,0,99014,-6.09999990,54.29999924,nearest_minimum_dz,-0.25119781
0,2000-01-01,0,99015,-6.18300009,54.06700134,nearest_minimum_dz,-0.04125404
0,2000-01-01,0,99016,-3.91700006,58.23300171,nearest_minimum_dz,-20.13954163
0,2000-01-01,0,99017,-1.58299994,50.66299820,nearest_minimum_dz,34.53679276
0,2000-01-01,0,99018,-5.58300018,54.66699982,nearest_minimum_dz,0.01946640
0,2000-01-01,0,99019,-4.36700010,54.41699982,nearest_minimum_dz,-1.77203846
0,2000-01-01,0,99020,-4.65000010,56.41699982,nearest_minimum_dz,-58.82055664
0,2000-01-01,0,99021,-2.51699996,53.61700058,nearest_minimum_dz,82.17382812
0,2000-01-01,0,99024,-3.86700010,55.86700058,nearest_minimum_dz,9.40298462
0,2000-01-01,0,99025,-1.25000000,52.83300018,nearest_minimum_dz,0.56880188
0,2000-01-01,0,99028,-1.93369997,52.47510147,nearest_minimum_dz,-0.62686157
0,2000-01-01,0,99029,-2.25139999,53.46670151,nearest_minimum_dz,-0.28765488
0,2000-01-01,0,99038,-2.16720009,51.89419937,nearest_minimum_dz,-1.00488663
0,2000-01-01,0,99040,-1.78550005,53.64559937,nearest_minimum_dz,-0.65574646
0,2000-01-01,0,99044,-1.48300004,53.38299942,nearest_minimum_dz,2.29794312
0,2000-01-01,0,99049,-1.58299994,54.76699829,nearest_minimum_dz,-0.01151276
0,2000-01-01,0,99053,-1.42519999,55.01729965,nearest_minimum_dz,0.45093918
0,2000-01-01,0,99055,-2.98300004,53.36700058,nearest_minimum_dz,0.22149658
0,2000-01-01,0,99057,-0.60000002,52.01699829,nearest_minimum_dz,0.19434357
0,2000-01-01,0,99058,-0.34999999,51.79999924,nearest_minimum_dz,1.24987030
0,2000-01-01,0,99059,-2.04999995,52.09999847,nearest_minimum_dz,0.27092743
0,2000-01-01,0,99060,-2.46700001,53.84999847,nearest_minimum_dz,4.10298157
0,2000-01-01,0,99062,-1.92620003,52.45600128,nearest_minimum_dz,-0.82307434
0,2000-01-01,0,99063,-2.18300009,53.59999847,nearest_minimum_dz,-8.18449402
0,2000-01-01,0,99068,-2.43300009,52.76699829,nearest_minimum_dz,-1.15685272
0,2000-01-01,0,99069,-1.68499994,55.21500015,nearest_minimum_dz,-12.48415947
0,2000-01-01,0,99070,-1.53299999,52.41699982,nearest_minimum_dz,1.95738220
0,2000-01-01,0,99077,-1.33299994,53.86700058,nearest_minimum_dz,-1.28125000
0,2000-01-01,0,99078,-0.23300000,52.40000153,nearest_minimum_dz,-0.64813232
0,2000-01-01,0,99079,-1.39419997,50.89250183,nearest_minimum_dz,0.30908394
0,2000-01-01,0,99080,-0.46700001,51.31700134,nearest_minimum_dz,0.55508804
0,2000-01-01,0,99081,-3.90000010,50.76699829,nearest_minimum_dz,-2.52247620
0,2000-01-01,0,99085,-3.47399998,50.72700119,nearest_minimum_dz,0.24512863
0,2000-01-01,0,99086,-5.75000000,54.66699982,nearest_minimum_dz,1.06602859
0,2000-01-01,0,99088,-4.56500006,55.47700119,nearest_minimum_dz,5.81484985
0,2000-01-01,0,99089,-3.39599991,57.01100159,nearest_minimum_dz,-44.69937134
0,2000-01-01,0,99090,-3.95000005,54.92499924,nearest_minimum_dz,-0.77724457
0,2000-01-01,0,99092,-5.30800009,57.61299896,nearest_minimum_dz,-26.90615082
0,2000-01-01,0,99093,-2.26999998,52.99000168,nearest_minimum_dz,-0.03147888
0,2000-01-01,0,99094,-3.97799993,50.70199966,nearest_minimum_dz,-0.56906128
0,2000-01-01,0,99095,-0.28999999,51.48199844,nearest_minimum_dz,-2.06900024
0,2000-01-01,0,99098,1.26699996,52.66699982,nearest_minimum_dz,-1.65995026
0,2000-01-01,0,99099,-0.44900000,51.47900009,nearest_minimum_dz,0.29112244
0,2000-01-01,0,99102,-0.66399997,51.49300003,nearest_minimum_dz,-1.30118752
0,2000-01-01,0,99107,-1.48300004,53.38299942,nearest_minimum_dz,-0.39636230
0,2000-01-01,0,99113,-2.70300007,53.77399826,nearest_minimum_dz,0.39281082
0,2000-01-01,0,99114,-5.82800007,54.60300064,nearest_minimum_dz,-1.55179214
0,2000-01-01,0,99115,-0.87900001,52.27299881,nearest_minimum_dz,1.57995605
0,2000-01-01,0,99116,-0.64099997,54.10499954,nearest_minimum_dz,0.75207520
0,2000-01-01,0,99117,-5.18400002,57.15599823,nearest_minimum_dz,-14.95050049
0,2000-01-01,0,99118,0.67400002,52.45899963,nearest_minimum_dz,-6.34815693
0,2000-01-01,0,99119,-0.84899998,51.17800140,nearest_minimum_dz,2.24679565
0,2000-01-01,0,99121,-6.25400019,55.04800034,nearest_minimum_dz,2.88156128
0,2000-01-01,0,99122,1.29600000,52.93299866,nearest_minimum_dz,3.42377853
0,2000-01-01,0,99123,0.10300000,52.24499893,nearest_minimum_dz,-4.47783661
0,2000-01-01,0,99124,0.56900001,52.25999832,nearest_minimum_dz,0.43526459
0,2000-01-01,0,99125,-4.37200022,57.46099854,nearest_minimum_dz,9.81878662
0,2000-01-01,0,99126,0.46200001,51.07699966,nearest_minimum_dz,-0.21908569
0,2000-01-01,0,99127,0.43200001,51.73300171,nearest_minimum_dz,-0.19567108
0,2000-01-01,0,99128,-2.21900010,51.60599899,nearest_minimum_dz,-1.83509827
0,2000-01-01,0,99129,-2.51699996,55.35800171,nearest_minimum_dz,-11.27560425
0,2000-01-01,0,99130,-5.82999992,54.24499893,nearest_minimum_dz,0.11916542
0,2000-01-01,0,99131,-6.96600008,54.88499832,nearest_minimum_dz,-6.61000061
0,2000-01-01,0,99132,-4.48400021,57.32899857,nearest_minimum_dz,-5.52650833
0,2000-01-01,0,99133,-2.21300006,57.18700027,nearest_minimum_dz,0.01914215
0,2000-01-01,0,99134,-4.22599983,55.60100174,nearest_minimum_dz,-1.36442566
0,2000-01-01,0,99135,-4.90999985,55.74800110,nearest_minimum_dz,1.92903447
0,2000-01-01,0,99136,0.65600002,52.82400131,nearest_minimum_dz,0.49216461
0,2000-01-01,0,99137,-3.45799994,54.64899826,nearest_minimum_dz,-0.28818893
0,2000-01-01,0,99138,-3.26699996,51.78300095,nearest_minimum_dz,3.33569336
0,2000-01-01,0,99139,-0.17800000,51.56000137,nearest_minimum_dz,35.60831451
0,2000-01-01,0,99141,-1.95299995,51.94800186,nearest_minimum_dz,-7.39756775
0,2000-01-01,0,99142,-0.42100000,54.27299881,nearest_minimum_dz,0.59351349
0,2000-01-01,0,99143,-3.07900000,54.61999893,nearest_minimum_dz,-3.51972961
0,2000-01-01,0,99144,-7.56099987,54.18899918,nearest_minimum_dz,3.09637451
0,2000-01-01,0,99145,-3.21900010,57.03749847,nearest_minimum_dz,15.22253418
0,2000-01-01,0,99146,-1.93299997,52.25000000,nearest_minimum_dz,3.98046875
0,2000-01-01,0,99147,-5.65000010,54.56700134,nearest_minimum_dz,1.36254215
0,2000-01-01,0,99148,1.28299999,52.16699982,nearest_minimum_dz,-0.20718765
0,2000-01-01,0,99149,-1.63300002,52.73300171,nearest_minimum_dz,0.32832336
0,2000-01-01,0,99150,-4.01700020,52.43299866,nearest_minimum_dz,0.50375175
0,2000-01-01,0,99151,-0.88300002,53.40000153,nearest_minimum_dz,22.88031006
0,2000-01-01,0,99152,-2.78299999,54.66699982,nearest_minimum_dz,-0.53840637
0,2000-01-01,0,99153,-5.01700020,58.06700134,nearest_minimum_dz,-10.84870911
0,2000-01-01,0,99154,0.03300000,51.06700134,nearest_minimum_dz,18.62460327
0,2000-01-01,0,99155,-2.43300009,52.78300095,nearest_minimum_dz,-1.15685272
0,2000-01-01,0,99157,-1.33299994,51.00000000,nearest_minimum_dz,0.42218018
0,2000-01-01,0,99158,-1.39999998,52.61700058,nearest_minimum_dz,-0.72489929
0,2000-01-01,0,99159,-1.95879996,50.61360168,nearest_minimum_dz,0.08498001
0,2000-01-01,0,99160,-3.18300009,51.48300171,nearest_minimum_dz,0.26808262
0,2000-01-01,0,99161,0.63300002,52.08300018,nearest_minimum_dz,0.31268311
0,2000-01-01,0,99162,-1.39999998,53.63299942,nearest_minimum_dz,2.06784058
0,2000-01-01,0,99163,-4.15000010,52.91699982,nearest_minimum_dz,-0.24516201
0,2000-01-01,0,99164,-2.95000005,52.58300018,nearest_minimum_dz,3.64739990
0,2000-01-01,0,99166,-1.39999998,52.00000000,nearest_minimum_dz,2.59513855
0,2000-01-01,0,99167,-2.10130000,54.30830002,nearest_minimum_dz,-25.64266968
0,2000-01-01,0,99168,-6.90000010,57.78300095,nearest_minimum_dz,-3.43348885
0,2000-01-01,0,99169,-2.76699996,53.84999847,nearest_minimum_dz,-0.10514450
0,2000-01-01,0,99170,-3.45029998,52.21530151,nearest_minimum_dz,0.23342896
0,2000-01-01,0,99171,-1.76699996,53.81700134,nearest_minimum_dz,-1.78169250
0,2000-01-01,0,99172,-2.78299999,54.26699829,nearest_minimum_dz,-0.23621464
0,2000-01-01,0,99173,-1.78299999,54.46699905,nearest_minimum_dz,0.40512848
0,2000-01-01,0,99174,-4.68300009,51.98300171,nearest_minimum_dz,-0.40609741
0,2000-01-01,0,99175,-6.00000000,54.81700134,nearest_minimum_dz,0.67658997
0,2000-01-01,0,99176,-2.91700006,51.71699905,nearest_minimum_dz,2.47170639
0,2000-01-01,0,99177,-1.76699996,54.06700134,nearest_minimum_dz,2.22094727
0,2000-01-01,0,99178,-0.64999998,53.63299942,nearest_minimum_dz,-0.87653732
0,2000-01-01,0,99179,-2.51699996,53.08300018,nearest_minimum_dz,0.57918930
0,2000-01-01,0,99180,-3.21700001,55.96699905,nearest_minimum_dz,1.77473831
0,2000-01-01,0,99182,0.60000002,51.13299942,nearest_minimum_dz,-1.44237137
0,2000-01-01,0,99183,-0.93300003,51.43299866,nearest_minimum_dz,0.19322968
0,2000-01-01,0,99184,-4.91699982,51.86700058,nearest_minimum_dz,-1.47025299
0,2000-01-01,0,99185,-0.41700000,50.93299866,nearest_minimum_dz,0.38371849
0,2000-01-01,0,99186,-2.57900000,55.23400116,nearest_minimum_dz,-6.60003662
0,2000-01-01,0,99187,-2.84999990,54.08300018,nearest_minimum_dz,-0.14606857
0,2000-01-01,0,99188,-6.51700020,55.23300171,nearest_minimum_dz,1.87013245
0,2000-01-01,0,99189,-1.60000002,52.20000076,nearest_minimum_dz,1.15966415
0,2000-01-01,0,99190,-4.54479980,50.82799911,nearest_minimum_dz,-0.22518826
0,2000-01-01,0,99191,-5.37349987,57.18159866,nearest_minimum_dz,-2.39481926
0,2000-01-01,0,99192,-1.01699996,52.04999924,nearest_minimum_dz,0.65943909
0,2000-01-01,0,99193,-4.95739985,54.74280167,nearest_minimum_dz,-1.69199181
0,2000-01-01,0,99194,-3.91470003,52.27159882,nearest_minimum_dz,-104.10623932
0,2000-01-01,0,99195,-3.48300004,51.91669846,nearest_minimum_dz,2.37896729
0,2000-01-01,0,99196,-1.91680002,55.52989960,nearest_minimum_dz,0.46575165
0,2000-01-01,0,99197,-0.38299999,51.41699982,nearest_minimum_dz,-0.04965305
0,2000-01-01,0,99198,-1.54999995,51.51699829,nearest_minimum_dz,-0.80673218
0,2000-01-01,0,99200,-4.30679989,55.90269852,nearest_minimum_dz,0.18158722
0,2000-01-01,0,99201,-3.98099995,51.60699844,nearest_minimum_dz,3.39394760
0,2000-01-01,0,99203,-0.00900000,51.53400040,nearest_minimum_dz,-0.57166386
0,2000-01-01,0,99204,-0.01700000,51.54199982,nearest_minimum_dz,0.05474281
0,2000-01-01,0,99205,-0.76700002,52.04999924,nearest_minimum_dz,13.51741028
0,2000-01-01,0,99206,-1.59899998,53.80799866,nearest_minimum_dz,3.44533539
0,2000-01-01,0,99207,-2.58570004,51.91120148,nearest_minimum_dz,-1.03554535
0,2000-01-01,0,99208,-2.21210003,53.44369888,nearest_minimum_dz,0.73543549
0,2000-01-01,0,99209,-1.90489995,52.48049927,nearest_minimum_dz,0.15002441
0,2000-01-01,0,99212,-1.16700006,50.83300018,nearest_minimum_dz,0.18536001
0,2000-01-01,0,99213,-0.36700001,53.75000000,nearest_minimum_dz,-0.00676012
0,2000-01-01,0,99214,-0.30000001,53.76699829,nearest_minimum_dz,0.00000000
0,2000-01-01,0,99220,1.16400003,52.45619965,nearest_minimum_dz,-0.80335236
0,2000-01-01,0,99223,-2.55929995,51.55139923,nearest_minimum_dz,-1.16993713
0,2000-01-01,0,99430,-0.34040001,51.42309952,nearest_minimum_dz,-0.44958973
0,2000-01-01,0,99557,-2.16700006,54.09999847,nearest_minimum_dz,0.78497314
0,2000-01-01,0,99578,-2.55679989,53.60789871,nearest_minimum_dz,0.40494537
0,2000-01-01,0,99674,-0.85000002,51.11700058,nearest_minimum_dz,-1.87200165
0,2000-01-01,0,1,0.69559997,51.57139969,nearest_land_minimum_dz,0.01955223
0,2000-01-01,0,2,-0.36829999,51.87440109,nearest_land_minimum_dz,1.12603760
0,2000-01-01,0,3,-1.35669994,50.95029831,nearest_land_minimum_dz,1.07508183
0,2000-01-01,0,4,0.02950000,51.32149887,nearest_land_minimum_dz,-2.44038391
0,2000-01-01,0,5,0.05800000,51.50479889,nearest_land_minimum_dz,-0.57166386
0,2000-01-01,0,6,0.93919998,50.95610046,nearest_land_minimum_dz,1.87287521
0,2000-01-01,0,7,-0.62669998,52.07030106,nearest_land_minimum_dz,5.32687378
0,2000-01-01,0,8,-5.87699986,54.61299896,nearest_land_minimum_dz,-2.32354641
0,2000-01-01,0,9,-1.74810004,52.45389938,nearest_land_minimum_dz,0.06975555
0,2000-01-01,0,11,-2.71919990,51.38280106,nearest_land_minimum_dz,18.69915771
0,2000-01-01,0,12,0.17500000,52.20500183,nearest_land_minimum_dz,0.40215969
0,2000-01-01,0,14,-2.80920005,54.93750000,nearest_land_minimum_dz,-0.22345734
0,2000-01-01,0,15,-2.30559993,52.63999939,nearest_land_minimum_dz,-0.17214203
0,2000-01-01,0,17,-3.02579999,56.45249939,nearest_land_minimum_dz,1.65752125
0,2000-01-01,0,18,-1.32669997,52.83110046,nearest_land_minimum_dz,1.69809723
0,2000-01-01,0,19,-3.41389990,50.73440170,nearest_land_minimum_dz,0.41276932
0,2000-01-01,0,22,-0.34720001,53.57970047,nearest_land_minimum_dz,-0.04706001
0,2000-01-01,0,23,-4.04750013,57.54240036,nearest_land_minimum_dz,2.08616924
0,2000-01-01,0,24,0.56110001,52.40940094,nearest_land_minimum_dz,-0.09970284
0,2000-01-01,0,25,-1.66059995,53.86579895,nearest_land_minimum_dz,2.45144653
0,2000-01-01,0,26,-2.84999990,53.33359909,nearest_land_minimum_dz,3.14032936
0,2000-01-01,0,28,0.48830000,52.36080170,nearest_land_minimum_dz,3.44082069
0,2000-01-01,0,29,-1.69169998,55.03749847,nearest_land_minimum_dz,-0.75938416
0,2000-01-01,0,30,1.28279996,52.67610168,nearest_land_minimum_dz,-0.58984756
0,2000-01-01,0,32,-4.58669996,55.50780106,nearest_land_minimum_dz,1.19136810
0,2000-01-01,0,33,-1.29920006,60.43220139,nearest_land_minimum_dz,-0.38677979
0,2000-01-01,0,34,-1.38859999,53.39440155,nearest_land_minimum_dz,3.44742966
0,2000-01-01,0,37,-1.42349994,54.51250076,nearest_land_minimum_dz,1.22520065
0,2000-01-01,0,50,-0.12000000,52.34999847,nearest_land_minimum_dz,-1.98002625
0,2000-01-01,0,51,-2.16000009,55.25000000,nearest_land_minimum_dz,1.00550842
0,2000-01-01,0,52,-4.87209988,58.61750031,nearest_land_minimum_dz,2.11412811
0,2000-01-01,0,53,-2.28640008,51.43920135,nearest_land_minimum_dz,0.16333008
0,2000-01-01,0,63,-4.32999992,53.09999847,nearest_land_minimum_dz,-2.38250113
0,2000-01-01,0,69,-5.23000002,50.00000000,nearest_land_minimum_dz,0.00000000
0,2000-01-01,0,98,-2.88540006,53.74459839,nearest_land_minimum_dz,-0.24225044
0,2000-01-01,0,111,1.72000003,52.63000107,nearest_land_minimum_dz,-0.31589389
0,2000-01-01,0,127,-1.32040000,51.83560181,nearest_land_minimum_dz,1.26435852
0,2000-01-01,0,134,-1.77999997,51.68000031,nearest_land_minimum_dz,-1.19056702
0,2000-01-01,0,139,-0.73710001,51.79119873,nearest_land_minimum_dz,-0.40970612
0,2000-01-01,0,201,-3.23289990,54.10639954,nearest_land_minimum_dz,-0.85035706
0,2000-01-01,0,203,-4.94589996,56.28239822,nearest_land_minimum_dz,-4.54086304
0,2000-01-01,0,204,-0.22480001,52.72639847,nearest_land_minimum_dz,0.00000000
0,2000-01-01,0,205,-0.10620000,52.50410080,nearest_land_minimum_dz,0.49912286
0,2000-01-01,0,206,0.10820000,52.83789825,nearest_land_minimum_dz,0.00000000
0,2000-01-01,0,207,-0.02400000,52.43470001,nearest_land_minimum_dz,0.00000000
0,2000-01-01,0,208,-4.85449982,57.13069916,nearest_land_minimum_dz,64.23486328
0,2000-01-01,0,209,-4.13000011,58.04999924,nearest_land_minimum_dz,-9.12287140
0,2000-01-01,0,210,-1.37860000,54.66429901,nearest_land_minimum_dz,0.10137939
0,2000-01-01,0,211,-2.83010006,55.67060089,nearest_land_minimum_dz,4.60073853
0,2000-01-01,0,212,-1.75950003,54.74380112,nearest_land_minimum_dz,3.94088745
0,2000-01-01,0,213,-2.51620007,55.90069962,nearest_land_minimum_dz,3.27893066
0,2000-01-01,0,216,-4.81160021,55.68460083,nearest_land_minimum_dz,-1.94624329
0,2000-01-01,0,217,-0.64260000,53.62699890,nearest_land_minimum_dz,-1.48858643
0,2000-01-01,0,220,1.66719997,52.71260071,nearest_land_minimum_dz,14.64717960
0,2000-01-01,0,222,-3.60019994,52.54940033,nearest_land_minimum_dz,-3.32635498
0,2000-01-01,0,223,-5.55870008,55.63779831,nearest_land_minimum_dz,9.86608887
0,2000-01-01,0,224,-1.30159998,54.69319916,nearest_land_minimum_dz,-2.05339813
0,2000-01-01,0,225,-1.68460000,54.84700012,nearest_land_minimum_dz,-2.11515808
0,2000-01-01,0,226,-3.57399988,54.59460068,nearest_land_minimum_dz,-0.73815918
0,2000-01-01,0,228,-5.09399986,54.87549973,nearest_land_minimum_dz,11.74220276
0,2000-01-01,0,229,0.10190000,53.66880035,nearest_land_minimum_dz,7.55805397
0,2000-01-01,0,230,-1.93770003,53.78160095,nearest_land_minimum_dz,18.41192627
0,2000-01-01,0,231,-3.48000002,57.45000076,nearest_land_minimum_dz,-2.66836548
0,2000-01-01,0,232,-3.03180003,53.45809937,nearest_land_minimum_dz,0.79679024
0,2000-01-01,0,233,-3.87879992,52.40940094,nearest_land_minimum_dz,-1.29696655
0,2000-01-01,0,234,-4.40939999,53.40719986,nearest_land_minimum_dz,-0.60909271
0,2000-01-01,0,235,-3.68330002,54.75000000,nearest_land_minimum_dz,0.00000000
0,2000-01-01,0,237,-1.68789995,53.53789902,nearest_land_minimum_dz,0.87332153
0,2000-01-01,0,238,1.78690004,52.64250183,nearest_land_minimum_dz,0.00000000
0,2000-01-01,0,240,0.14810000,52.58000183,nearest_land_minimum_dz,0.00000000
0,2000-01-01,0,242,-1.80239999,54.75830078,nearest_land_minimum_dz,4.50515747
0,2000-01-01,0,243,-4.22370005,57.47790146,nearest_land_minimum_dz,0.33575439
0,2000-01-01,0,244,-4.25890017,55.86370087,nearest_land_minimum_dz,-1.78984833
0,2000-01-01,0,245,-1.59700000,54.97700119,nearest_land_minimum_dz,-1.01117706
0,2000-01-01,0,246,-5.87699986,54.61299896,nearest_land_minimum_dz,-2.32354641
0,2000-01-01,0,247,-1.89649999,52.47969818,nearest_land_minimum_dz,-0.32118225
0,2000-01-01,0,248,-2.24110007,53.47629929,nearest_land_minimum_dz,1.88964081
0,2000-01-01,0,249,-2.58969998,51.45370102,nearest_land_minimum_dz,-11.87923622
0,2000-01-01,0,250,-0.10800000,51.52099991,nearest_land_minimum_dz,0.14445829
0,2000-01-01,0,251,-3.52999997,50.72190094,nearest_land_minimum_dz,1.86194992
0,2000-01-01,0,253,-5.57800007,55.57120132,nearest_land_minimum_dz,-5.35324097
0,2000-01-01,0,254,-4.12430000,55.36460114,nearest_land_minimum_dz,8.35186768
0,2000-01-01,0,255,-5.15689993,56.03179932,nearest_land_minimum_dz,-5.76177979
0,2000-01-01,0,256,-2.85150003,55.80599976,nearest_land_minimum_dz,2.65582275
0,2000-01-01,0,257,-3.92059994,55.55459976,nearest_land_minimum_dz,46.24942017
0,2000-01-01,0,258,-6.10340023,54.80599976,nearest_land_minimum_dz,-8.17276001
0,2000-01-01,0,259,-6.81820011,55.01739883,nearest_land_minimum_dz,30.87823486
0,2000-01-01,0,260,-2.15479994,53.75030136,nearest_land_minimum_dz,-0.66824341
0,2000-01-01,0,261,-5.03380013,50.35200119,nearest_land_minimum_dz,-11.02725220
0,2000-01-01,0,262,-6.25629997,55.02989960,nearest_land_minimum_dz,1.96017456
0,2000-01-01,0,263,-8.01469994,54.43849945,nearest_land_minimum_dz,-0.14955139
0,2000-01-01,0,264,-3.75149989,55.77000046,nearest_land_minimum_dz,-1.79516602
0,2000-01-01,0,265,-4.33220005,57.80170059,nearest_land_minimum_dz,6.90753174
0,2000-01-01,0,266,-3.66350007,56.24489975,nearest_land_minimum_dz,52.28784180
0,2000-01-01,0,267,0.15140000,52.58610153,nearest_land_minimum_dz,0.00768459
0,2000-01-01,0,268,-4.24490023,55.68569946,nearest_land_minimum_dz,-0.36468506
0,2000-01-01,0,269,-4.05859995,55.22249985,nearest_land_minimum_dz,11.47470093
0,2000-01-01,0,270,-7.98880005,54.70009995,nearest_land_minimum_dz,-9.62927246
0,2000-01-01,0,271,-3.41939998,52.45159912,nearest_land_minimum_dz,12.50964355
0,2000-01-01,0,272,-5.27220011,56.38299942,nearest_land_minimum_dz,19.73727417
0,2000-01-01,0,273,-6.45499992,57.42900085,nearest_land_minimum_dz,68.82118225
0,2000-01-01,0,274,-3.44330001,58.29999924,nearest_land_minimum_dz,0.32034302
0,2000-01-01,0,275,-2.63700008,57.66099930,nearest_land_minimum_dz,5.13021088
0,2000-01-01,0,276,-4.06479979,56.26350021,nearest_land_minimum_dz,-3.09643555
0,2000-01-01,0,277,-3.37129998,57.53720093,nearest_land_minimum_dz,5.34890747
0,2000-01-01,0,278,-3.45679998,58.42940140,nearest_land_minimum_dz,0.49280548
0,2000-01-01,0,279,-3.75079989,52.40499878,nearest_land_minimum_dz,-20.43975830
0,2000-01-01,0,280,-3.65919995,55.18629837,nearest_land_minimum_dz,-0.17773438
0,2000-01-01,0,281,-3.35630012,56.67940140,nearest_land_minimum_dz,-3.54223633
0,2000-01-01,0,282,-4.10220003,56.07540131,nearest_land_minimum_dz,3.14257812
0,2000-01-01,0,283,-4.09410000,57.32500076,nearest_land_minimum_dz,8.43328857
0,2000-01-01,0,284,-2.64429998,57.41189957,nearest_land_minimum_dz,4.68035889
0,2000-01-01,0,285,-4.72300005,55.24580002,nearest_land_minimum_dz,-1.45524597
0,2000-01-01,0,286,-2.69300008,57.45019913,nearest_land_minimum_dz,-0.04742432
0,2000-01-01,0,287,-3.21630001,55.11270142,nearest_land_minimum_dz,-2.54611206
0,2000-01-01,0,288,-2.68939996,59.18960190,nearest_land_minimum_dz,2.37918472
0,2000-01-01,0,289,-5.67910004,55.49380112,nearest_land_minimum_dz,1.39395142
0,2000-01-01,0,294,-7.02440023,54.96319962,nearest_land_minimum_dz,12.03051758
0,2000-01-01,0,301,-7.61670017,54.15850067,nearest_land_minimum_dz,1.93740845
0,2000-01-01,0,303,-7.11269999,54.50270081,nearest_land_minimum_dz,6.11245728
0,2000-01-01,0,307,-4.88299990,57.71699905,nearest_land_minimum_dz,-0.22528076
0,2000-01-01,0,311,-4.02169991,52.30469894,nearest_land_minimum_dz,7.62429810
0,2000-01-01,0,313,-1.41639996,54.76290131,nearest_land_minimum_dz,4.46768188
0,2000-01-01,0,314,-3.17759991,54.18830109,nearest_land_minimum_dz,-8.75196838
0,2000-01-01,0,315,-3.13240004,55.71070099,nearest_land_minimum_dz,-1.43090820
0,2000-01-01,0,316,-3.55520010,54.65560150,nearest_land_minimum_dz,2.21671963
0,2000-01-01,0,317,-3.54299998,54.67480087,nearest_land_minimum_dz,3.21671963
0,2000-01-01,0,341,-1.43350005,54.83179855,nearest_land_minimum_dz,20.12133789
0,2000-01-01,0,342,-1.44140005,54.77590179,nearest_land_minimum_dz,0.12133789
0,2000-01-01,0,343,-1.37629998,54.66680145,nearest_land_minimum_dz,0.19964600
0,2000-01-01,0,344,-3.38019991,55.15470123,nearest_land_minimum_dz,-2.90037155
0,2000-01-01,0,348,1.13999999,51.45000076,nearest_land_minimum_dz,0.00000000
0,2000-01-01,0,349,0.95969999,50.91339874,nearest_land_minimum_dz,2.87287521
0,2000-01-01,0,350,-1.18110001,54.63550186,nearest_land_minimum_dz,-0.02037072
0,2000-01-01,0,351,-2.91779995,54.03049850,nearest_land_minimum_dz,0.09177065
0,2000-01-01,0,352,-3.13170004,51.20709991,nearest_land_minimum_dz,1.22933388
0,2000-01-01,0,353,-4.89650011,55.72019958,nearest_land_minimum_dz,-4.73120213
0,2000-01-01,0,355,-2.40799999,55.96799850,nearest_land_minimum_dz,0.89389801
0,2000-01-01,0,356,-0.23029999,52.93460083,nearest_land_minimum_dz,0.00000000
0,2000-01-01,0,357,-3.67389989,52.63790131,nearest_land_minimum_dz,-0.12329102
0,2000-01-01,0,358,-4.54589987,50.64799881,nearest_land_minimum_dz,-1.25164795
0,2000-01-01,0,359,-3.07850003,54.87300110,nearest_land_minimum_dz,9.39480209
0,2000-01-01,0,362,-1.68799996,54.82049942,nearest_land_minimum_dz,1.85580444
0,2000-01-01,0,363,-0.92379999,53.72679901,nearest_land_minimum_dz,0.00000000
0,2000-01-01,0,364,-1.44180000,54.71879959,nearest_land_minimum_dz,1.69860840
0,2000-01-01,0,365,-3.50189996,54.63090134,nearest_land_minimum_dz,3.72506714
0,2000-01-01,0,366,-1.48969996,55.13499832,nearest_land_minimum_dz,0.00000000
0,2000-01-01,0,368,-3.68630004,58.60409927,nearest_land_minimum_dz,0.41947174
0,2000-01-01,0,383,-3.50000000,54.42100143,nearest_land_minimum_dz,1.20813942
0,2000-01-01,0,384,-2.20099998,51.86159897,nearest_land_minimum_dz,0.25970650
0,2000-01-01,0,385,-1.61940002,52.50809860,nearest_land_minimum_dz,-0.09902191
0,2000-01-01,0,386,-1.20459998,53.70529938,nearest_land_minimum_dz,0.00916672
0,2000-01-01,0,387,-1.04920006,53.20059967,nearest_land_minimum_dz,0.26295471
0,2000-01-01,0,388,-1.13220000,53.22650146,nearest_land_minimum_dz,0.01438141
0,2000-01-01,0,389,-1.06110001,53.41370010,nearest_land_minimum_dz,2.03371429
0,2000-01-01,0,390,-1.64900005,55.24000168,nearest_land_minimum_dz,0.00106049
0,2000-01-01,0,391,-2.44700003,53.53200150,nearest_land_minimum_dz,1.40776825
0,2000-01-01,0,392,-1.38499999,52.99800110,nearest_land_minimum_dz,4.96516418
0,2000-01-01,0,393,-1.38150001,52.69350052,nearest_land_minimum_dz,-0.93164062
0,2000-01-01,0,394,-1.69079995,53.27330017,nearest_land_minimum_dz,1.37957764
0,2000-01-01,0,395,-3.89590001,55.52199936,nearest_land_minimum_dz,-1.50178528
0,2000-01-01,0,396,-3.82640004,55.61240005,nearest_land_minimum_dz,-1.50178528
0,2000-01-01,0,397,-3.89479995,55.52209854,nearest_land_minimum_dz,-1.50178528
0,2000-01-01,0,398,-4.28299999,55.37829971,nearest_land_minimum_dz,3.89831543
0,2000-01-01,0,399,-4.40899992,55.45380020,nearest_land_minimum_dz,-0.15777588
0,2000-01-01,0,400,-4.37659979,55.33319855,nearest_land_minimum_dz,3.89831543
0,2000-01-01,0,401,-3.83699989,55.59299850,nearest_land_minimum_dz,3.98240662
0,2000-01-01,0,402,-3.15319991,55.82630157,nearest_land_minimum_dz,10.34971619
0,2000-01-01,0,403,-3.98690009,55.54079819,nearest_land_minimum_dz,-0.69839478
0,2000-01-01,0,404,-3.41310000,56.11669922,nearest_land_minimum_dz,0.71391296
0,2000-01-01,0,405,-3.88870001,51.69390106,nearest_land_minimum_dz,1.15638542
0,2000-01-01,0,406,-3.61350012,51.73149872,nearest_land_minimum_dz,-1.99514771
0,2000-01-01,0,407,-4.01020002,50.40959930,nearest_land_minimum_dz,-10.88140869
0,2000-01-01,0,408,-0.82160002,54.55619812,nearest_land_minimum_dz,0.16884613
0,2000-01-01,0,409,-7.38000011,54.59000015,nearest_land_minimum_dz,-2.73313904
0,2000-01-01,0,414,-0.19820000,53.94789886,nearest_land_minimum_dz,-0.26752377
0,2000-01-01,0,415,-0.08600000,53.81370163,nearest_land_minimum_dz,-0.28740025
0,2000-01-01,0,416,-4.87260008,55.07630157,nearest_land_minimum_dz,2.68161011
0,2000-01-01,0,417,-1.55980003,55.20460129,nearest_land_minimum_dz,0.57982826
0,2000-01-01,0,418,-3.27060008,58.40819931,nearest_land_minimum_dz,0.02400208
0,2000-01-01,0,419,-4.96029997,50.47219849,nearest_land_minimum_dz,-4.29008484
0,2000-01-01,0,420,-3.14569998,59.11489868,nearest_land_minimum_dz,4.65824890
0,2000-01-01,0,421,-3.66300011,51.68000031,nearest_land_minimum_dz,-6.24169922
0,2000-01-01,0,422,0.80350000,50.96009827,nearest_land_minimum_dz,0.40699291
0,2000-01-01,0,423,-4.43359995,53.36220169,nearest_land_minimum_dz,-3.25033569
0,2000-01-01,0,424,-3.65070009,53.38109970,nearest_land_minimum_dz,0.00000000
0,2000-01-01,0,425,-4.20289993,55.29380035,nearest_land_minimum_dz,5.35186768
0,2000-01-01,0,426,6.47489977,48.84550095,nearest_land_minimum_dz,31.66815186
0,2000-01-01,0,427,3.81089997,49.70009995,nearest_land_minimum_dz,-0.34689331
0,2000-01-01,0,428,4.04440022,49.67839813,nearest_land_minimum_dz,1.27517700
0,2000-01-01,0,429,-2.04719996,46.94929886,nearest_land_minimum_dz,-0.41649246
0,2000-01-01,0,430,6.51420021,49.17070007,nearest_land_minimum_dz,-6.51763916
0,2000-01-01,0,431,0.93580002,49.81209946,nearest_land_minimum_dz,3.57143402
0,2000-01-01,0,432,2.29320002,49.65430069,nearest_land_minimum_dz,-0.58912659
0,2000-01-01,0,433,1.49689996,49.83990097,nearest_land_minimum_dz,4.58630371
0,2000-01-01,0,434,-4.13329983,48.18000031,nearest_land_minimum_dz,30.09527588
0,2000-01-01,0,436,4.19469976,48.89419937,nearest_land_minimum_dz,19.22268677
0,2000-01-01,0,437,-1.45039999,46.41979980,nearest_land_minimum_dz,-0.58704090
0,2000-01-01,0,438,2.06870008,47.00569916,nearest_land_minimum_dz,-0.05899048
0,2000-01-01,0,439,1.32939994,47.92919922,nearest_land_minimum_dz,0.50520325
0,2000-01-01,0,440,2.05049992,49.58900070,nearest_land_minimum_dz,0.42886353
0,2000-01-01,0,441,1.25479996,49.95180130,nearest_land_minimum_dz,0.12122345
0,2000-01-01,0,442,-2.41429996,48.42150116,nearest_land_minimum_dz,0.23394012
0,2000-01-01,0,443,5.43900013,48.69789886,nearest_land_minimum_dz,5.04882812
0,2000-01-01,0,444,1.90779996,48.16149902,nearest_land_minimum_dz,0.07682800
0,2000-01-01,0,445,0.10980000,45.81760025,nearest_land_minimum_dz,-0.13089752
0,2000-01-01,0,446,-0.93300003,53.61700058,nearest_land_minimum_dz,0.00000000
0,2000-01-01,0,447,-4.13570023,51.68339920,nearest_land_minimum_dz,0.50079489
0,2000-01-01,0,448,-3.56620002,51.70320129,nearest_land_minimum_dz,-1.96432495
0,2000-01-01,0,449,-4.96439981,51.79320145,nearest_land_minimum_dz,-5.96716690
0,2000-01-01,0,450,-3.33859992,53.04109955,nearest_land_minimum_dz,-5.08163452
0,2000-01-01,0,451,-4.18260002,53.20959854,nearest_land_minimum_dz,0.23739243
0,2000-01-01,0,452,-5.21799994,56.21889877,nearest_land_minimum_dz,33.90887451
0,2000-01-01,0,454,10.27099991,52.17499924,nearest_land_minimum_dz,-2.12164307
0,2000-01-01,0,455,10.36400032,52.61700058,nearest_land_minimum_dz,-0.06412506
0,2000-01-01,0,456,9.50000000,53.12599945,nearest_land_minimum_dz,0.07304573
0,2000-01-01,0,458,-2.25699997,55.90480042,nearest_land_minimum_dz,15.96649170
0,2000-01-01,0,459,-0.47999999,52.24000168,nearest_land_minimum_dz,0.11280060
0,2000-01-01,0,460,1.28999996,52.06000137,nearest_land_minimum_dz,7.32325363
0,2000-01-01,0,461,-1.40999997,51.11000061,nearest_land_minimum_dz,0.69094086
0,2000-01-01,0,462,-1.25999999,51.06000137,nearest_land_minimum_dz,0.58470917
0,2000-01-01,0,463,-0.57999998,51.61000061,nearest_land_minimum_dz,0.88465118
0,2000-01-01,0,464,-4.28809977,55.86090088,nearest_land_minimum_dz,-3.25715923
0,2000-01-01,0,465,-4.29379988,55.85829926,nearest_land_minimum_dz,-3.25715923
0,2000-01-01,0,466,-3.75900006,56.57569885,nearest_land_minimum_dz,23.23913574
0,2000-01-01,0,467,-3.61109996,55.39619827,nearest_land_minimum_dz,0.17901611
0,2000-01-01,0,468,-7.85160017,54.86640167,nearest_land_minimum_dz,4.33276367
0,2000-01-01,0,470,-2.64910007,57.66510010,nearest_land_minimum_dz,-0.55640411
0,2000-01-01,0,471,-6.46540022,57.43920135,nearest_land_minimum_dz,-1.22785950
0,2000-01-01,0,472,-3.23740005,58.46020126,nearest_land_minimum_dz,0.22617722
0,2000-01-01,0,473,-4.43860006,57.71549988,nearest_land_minimum_dz,2.95062256
0,2000-01-01,0,474,-5.28240013,56.37990189,nearest_land_minimum_dz,110.73727417
0,2000-01-01,0,475,-3.43059993,56.30619812,nearest_land_minimum_dz,2.96975708
0,2000-01-01,0,476,-3.35840011,54.85810089,nearest_land_minimum_dz,-0.31545544
0,2000-01-01,0,477,-1.79799998,54.75510025,nearest_land_minimum_dz,-2.62820435
0,2000-01-01,0,478,-2.63840008,54.33369827,nearest_land_minimum_dz,-6.08169556
0,2000-01-01,0,479,-3.13649988,54.24710083,nearest_land_minimum_dz,59.63497925
0,2000-01-01,0,480,-1.91509998,54.88249969,nearest_land_minimum_dz,2.24671936
0,2000-01-01,0,481,0.23379999,53.14410019,nearest_land_minimum_dz,-0.24870872
0,2000-01-01,0,482,-4.34060001,53.37670135,nearest_land_minimum_dz,-1.72026062
0,2000-01-01,0,483,-3.57870007,52.36249924,nearest_land_minimum_dz,20.21124268
0,2000-01-01,0,484,-2.28819990,53.76509857,nearest_land_minimum_dz,-1.75900269
0,2000-01-01,0,485,-1.64760005,53.99679947,nearest_land_minimum_dz,0.72004700
0,2000-01-01,0,486,-3.96650004,52.46369934,nearest_land_minimum_dz,1.35565186
0,2000-01-01,0,487,-3.47440004,51.56449890,nearest_land_minimum_dz,-7.83285522
0,2000-01-01,0,488,-1.14010000,53.11690140,nearest_land_minimum_dz,1.54775238
0,2000-01-01,0,489,-3.44799995,55.53939819,nearest_land_minimum_dz,1.37762451
0,2000-01-01,0,490,-0.28230000,54.00439835,nearest_land_minimum_dz,-0.13564253
0,2000-01-01,0,491,-3.43510008,52.58229828,nearest_land_minimum_dz,-2.55938721
0,2000-01-01,0,492,-1.25430000,54.49110031,nearest_land_minimum_dz,-0.09328461
0,2000-01-01,0,493,-1.17799997,52.50049973,nearest_land_minimum_dz,3.19515991
0,2000-01-01,0,494,-2.11400008,57.31549835,nearest_land_minimum_dz,1.18474579
0,2000-01-01,0,501,-1.46959996,53.38240051,nearest_land_minimum_dz,-13.24678421
0,2000-01-01,0,503,-3.57419991,55.23899841,nearest_land_minimum_dz,3.58859253
0,2000-01-01,0,504,-2.08780003,57.18610001,nearest_land_minimum_dz,-1.48181629
0,2000-01-01,0,505,10.09119987,53.67350006,nearest_land_minimum_dz,-0.13803291
0,2000-01-01,0,508,6.78840017,53.45159912,nearest_land_minimum_dz,2.00000000
0,2000-01-01,0,509,4.38399982,51.66550064,nearest_land_minimum_dz,1.00000000
0,2000-01-01,0,513,-2.24799991,53.66199875,nearest_land_minimum_dz,49.68524170
0,2000-01-01,0,514,-3.48399997,53.10900116,nearest_land_minimum_dz,-0.89169312
0,2000-01-01,0,515,-3.94280005,55.70169830,nearest_land_minimum_dz,0.22523499
0,2000-01-01,0,516,-3.51239991,51.69110107,nearest_land_minimum_dz,-4.76492310
0,2000-01-01,0,517,-2.57739997,57.62689972,nearest_land_minimum_dz,-1.04166794
0,2000-01-01,0,518,-9.38189983,51.62979889,nearest_land_minimum_dz,-15.47134399
0,2000-01-01,0,519,-4.22970009,55.77059937,nearest_land_minimum_dz,-7.21988869
0,2000-01-01,0,520,-1.89760005,54.91260147,nearest_land_minimum_dz,3.04701233
0,2000-01-01,0,521,-0.09800000,52.51100159,nearest_land_minimum_dz,0.49912286
0,2000-01-01,0,522,-1.76830006,54.76470184,nearest_land_minimum_dz,-6.91320801
0,2000-01-01,0,523,-2.00850010,55.15710068,nearest_land_minimum_dz,-2.94677734
0,2000-01-01,0,531,-2.91589999,54.02780151,nearest_land_minimum_dz,-0.14620209
0,2000-01-01,0,532,1.61889994,52.21179962,nearest_land_minimum_dz,0.29011345
0,2000-01-01,0,533,0.96399999,50.91339874,nearest_land_minimum_dz,20.87287521
0,2000-01-01,0,534,-1.71980000,52.45389938,nearest_land_minimum_dz,0.20567322
0,2000-01-01,0,537,-2.78629994,53.88859940,nearest_land_minimum_dz,-0.02420235
0,2000-01-01,0,538,-6.55240011,52.62210083,nearest_land_minimum_dz,-2.24250793
0,2000-01-01,0,539,-9.15820026,52.10770035,nearest_land_minimum_dz,-0.17524719
0,2000-01-01,0,540,-8.93789959,51.81169891,nearest_land_minimum_dz,-3.55882263
0,2000-01-01,0,541,-3.07879996,55.18420029,nearest_land_minimum_dz,-2.05894470
0,2000-01-01,0,542,-3.12350011,58.43700027,nearest_land_minimum_dz,0.08145523
0,2000-01-01,0,543,-3.45910001,52.92229843,nearest_land_minimum_dz,-81.78242493
0,2000-01-01,0,545,7.65829992,49.96879959,nearest_land_minimum_dz,-164.35760498
0,2000-01-01,0,553,-2.61139989,55.96500015,nearest_land_minimum_dz,2.22418976
0,2000-01-01,0,554,-3.78160000,55.86650085,nearest_land_minimum_dz,-0.27792358
0,2000-01-01,0,555,-1.55400002,55.11149979,nearest_land_minimum_dz,-0.38217735
0,2000-01-01,0,556,-1.02670002,53.07249832,nearest_land_minimum_dz,5.44901276
0,2000-01-01,0,557,-1.26220000,52.62960052,nearest_land_minimum_dz,0.56612396
0,2000-01-01,0,558,-1.09909999,52.29539871,nearest_land_minimum_dz,-0.78156281
0,2000-01-01,0,559,0.13020000,53.23989868,nearest_land_minimum_dz,0.83830261
0,2000-01-01,0,560,1.48810005,52.29629898,nearest_land_minimum_dz,-0.60801315
0,2000-01-01,0,561,-5.15780020,50.28260040,nearest_land_minimum_dz,20.52498627
0,2000-01-01,0,562,-0.52859998,54.15100098,nearest_land_minimum_dz,11.46083069
0,2000-01-01,0,563,-1.33109999,53.61569977,nearest_land_minimum_dz,-0.99287415
0,2000-01-01,0,564,-1.75940001,55.49969864,nearest_land_minimum_dz,-2.17469788
0,2000-01-01,0,565,0.91769999,51.71799850,nearest_land_minimum_dz,-0.46127033
0,2000-01-01,0,566,-0.86699998,53.66770172,nearest_land_minimum_dz,0.00000000
0,2000-01-01,0,567,-3.47399998,52.95550156,nearest_land_minimum_dz,-1.58645630
0,2000-01-01,0,568,-0.02360000,52.53390121,nearest_land_minimum_dz,0.09654665
0,2000-01-01,0,569,-5.20289993,50.04479980,nearest_land_minimum_dz,0.17484283
0,2000-01-01,0,570,-4.38700008,50.49850082,nearest_land_minimum_dz,6.47541809
0,2000-01-01,0,571,-1.43869996,54.77970123,nearest_land_minimum_dz,23.69860840
0,2000-01-01,0,572,-3.16939998,54.77379990,nearest_land_minimum_dz,2.06658936
0,2000-01-01,0,573,-1.41540003,54.83050156,nearest_land_minimum_dz,-1.24897766
0,2000-01-01,0,574,-1.23800004,53.31159973,nearest_land_minimum_dz,-0.85194397
0,2000-01-01,0,575,-2.84759998,53.89820099,nearest_land_minimum_dz,0.04600286
0,2000-01-01,0,576,-0.12070000,52.46210098,nearest_land_minimum_dz,-0.11947191
0,2000-01-01,0,577,-5.14060020,50.17559814,nearest_land_minimum_dz,1.87207031
0,2000-01-01,0,578,-0.60329998,53.84799957,nearest_land_minimum_dz,0.18468475
0,2000-01-01,0,579,-1.40680003,54.83259964,nearest_land_minimum_dz,-3.24897766
0,2000-01-01,0,580,-4.86259985,50.47930145,nearest_land_minimum_dz,33.44279480
0,2000-01-01,0,581,-0.17160000,52.55659866,nearest_land_minimum_dz,-0.13323450
0,2000-01-01,0,582,1.12559998,52.33349991,nearest_land_minimum_dz,1.04137802
0,2000-01-01,0,583,-4.16900015,58.51559830,nearest_land_minimum_dz,-1.78462982
0,2000-01-01,0,584,-9.24090004,53.28689957,nearest_land_minimum_dz,-0.43212128
0,2000-01-01,0,599,-0.75239998,53.60390091,nearest_land_minimum_dz,0.00000000
0,2000-01-01,0,600,-7.10750008,53.99940109,nearest_land_minimum_dz,4.96685791
0,2000-01-01,0,601,-9.12129974,52.40119934,nearest_land_minimum_dz,1.95175171
0,2000-01-01,0,602,-0.85299999,53.11800003,nearest_land_minimum_dz,-0.24184418
0,2000-01-01,0,603,-0.83730000,53.17060089,nearest_land_minimum_dz,-1.36577225
0,2000-01-01,0,604,-0.52700001,53.99390030,nearest_land_minimum_dz,1.77230835
0,2000-01-01,0,605,-0.16450000,53.86849976,nearest_land_minimum_dz,0.00560188
0,2000-01-01,0,606,-0.16689999,53.56069946,nearest_land_minimum_dz,0.93298912
0,2000-01-01,0,607,-1.06060004,53.08919907,nearest_land_minimum_dz,-1.68459320
0,2000-01-01,0,608,-0.78869998,53.84889984,nearest_land_minimum_dz,-0.03999329
0,2000-01-01,0,609,-0.77130002,53.75770187,nearest_land_minimum_dz,-0.03676033
0,2000-01-01,0,610,-0.80629998,53.81200027,nearest_land_minimum_dz,0.10152769
0,2000-01-01,0,611,-1.37450004,54.79449844,nearest_land_minimum_dz,-0.11129761
0,2000-01-01,0,612,-1.61629999,54.55540085,nearest_land_minimum_dz,1.14793396
0,2000-01-01,0,613,-1.74839997,54.84970093,nearest_land_minimum_dz,10.85580444
0,2000-01-01,0,614,-6.04860020,54.82949829,nearest_land_minimum_dz,6.02914429
0,2000-01-01,0,615,-3.97930002,55.66830063,nearest_land_minimum_dz,-4.02273560
0,2000-01-01,0,616,-3.65459991,55.78350067,nearest_land_minimum_dz,5.38507080
0,2000-01-01,0,617,-3.89890003,55.91859818,nearest_land_minimum_dz,-1.81716919
0,2000-01-01,0,618,-2.95760012,56.38629913,nearest_land_minimum_dz,5.67858887
0,2000-01-01,0,619,-3.98469996,55.66609955,nearest_land_minimum_dz,0.15345764
0,2000-01-01,0,620,-4.61049986,50.68650055,nearest_land_minimum_dz,-0.98886108
0,2000-01-01,0,621,-4.69540024,50.47900009,nearest_land_minimum_dz,2.63728333
0,2000-01-01,0,622,-4.44939995,50.43600082,nearest_land_minimum_dz,-1.39816284
0,2000-01-01,0,623,-4.40500021,50.82910156,nearest_land_minimum_dz,-0.20535278
0,2000-01-01,0,624,-4.34740019,50.85219955,nearest_land_minimum_dz,0.24707031
0,2000-01-01,0,625,-4.36770010,50.39989853,nearest_land_minimum_dz,-0.88176727
0,2000-01-01,0,626,-5.00780010,51.72380066,nearest_land_minimum_dz,0.16095734
0,2000-01-01,0,627,-5.05819988,51.72520065,nearest_land_minimum_dz,-0.49980164
0,2000-01-01,0,628,-3.33520007,51.77149963,nearest_land_minimum_dz,8.14144897
0,2000-01-01,0,629,-1.25109994,52.47409821,nearest_land_minimum_dz,-0.00598145
0,2000-01-01,0,630,0.19589999,51.47900009,nearest_land_minimum_dz,-0.00449657
0,2000-01-01,0,631,-0.14749999,52.29809952,nearest_land_minimum_dz,0.67243195
0,2000-01-01,0,632,-1.27719998,52.17890167,nearest_land_minimum_dz,-0.56548309
0,2000-01-01,0,633,9.97739983,53.56019974,nearest_land_minimum_dz,0.29166794
0,2000-01-01,0,634,-3.28299999,53.98300171,nearest_land_minimum_dz,0.00000000
0,2000-01-01,0,635,-4.53299999,53.25000000,nearest_land_minimum_dz,-0.10655594
0,2000-01-01,0,636,1.88300002,51.93000031,nearest_land_minimum_dz,0.00000000
0,2000-01-01,0,637,0.43610001,53.12749863,nearest_land_minimum_dz,0.00000000
0,2000-01-01,0,638,-2.98609996,53.17449951,nearest_land_minimum_dz,-0.05474567
0,2000-01-01,0,639,-2.57579994,51.52140045,nearest_land_minimum_dz,-0.68646622
0,2000-01-01,0,640,-1.53149998,54.29679871,nearest_land_minimum_dz,0.15446854
0,2000-01-01,0,641,-3.40000010,51.40999985,nearest_land_minimum_dz,0.10685730
0,2000-01-01,0,642,-5.28240013,56.37990189,nearest_land_minimum_dz,93.73727417
0,2000-01-01,0,643,-4.45749998,57.72290039,nearest_land_minimum_dz,17.97973633
0,2000-01-01,0,644,-4.17030001,55.28559875,nearest_land_minimum_dz,95.35186768
0,2000-01-01,0,645,-4.74550009,55.24089813,nearest_land_minimum_dz,0.48184204
0,2000-01-01,0,646,-4.13780022,55.57619858,nearest_land_minimum_dz,-1.42291260
0,2000-01-01,0,647,-0.24969999,52.06000137,nearest_land_minimum_dz,0.47274780
0,2000-01-01,0,648,-6.82639980,55.10089874,nearest_land_minimum_dz,-6.75172424
0,2000-01-01,0,649,0.73439997,52.62860107,nearest_land_minimum_dz,1.36221313
0,2000-01-01,0,650,1.11099994,52.69160080,nearest_land_minimum_dz,0.13139343
0,2000-01-01,0,651,-3.86730003,56.03099823,nearest_land_minimum_dz,0.23247528
0,2000-01-01,0,652,-3.73720002,55.87189865,nearest_land_minimum_dz,3.00386047
0,2000-01-01,0,653,7.98859978,50.41059875,nearest_land_minimum_dz,-1.61190796
0,2000-01-01,0,654,8.79790020,53.43439865,nearest_land_minimum_dz,0.11487293
0,2000-01-01,0,656,-4.77740002,54.90499878,nearest_land_minimum_dz,-0.10173798
0,2000-01-01,0,660,-7.25880003,54.91419983,nearest_land_minimum_dz,57.77197266
0,2000-01-01,0,661,4.41900015,52.60599899,nearest_land_minimum_dz,0.00000000
0,2000-01-01,0,662,2.96900010,51.55599976,nearest_land_minimum_dz,0.00000000
0,2000-01-01,0,663,4.23099995,51.51300049,nearest_land_minimum_dz,-0.28170216
0,2000-01-01,0,664,4.36339998,51.23199844,nearest_land_minimum_dz,6.50196838
0,2000-01-01,0,665,-2.02889991,55.63339996,nearest_land_minimum_dz,1.66700745
0,2000-01-01,0,666,-1.16610003,54.59099960,nearest_land_minimum_dz,-0.48754215
0,2000-01-01,0,667,-2.99119997,53.39709854,nearest_land_minimum_dz,0.00000000
0,2000-01-01,0,668,9.27079964,54.74729919,nearest_land_minimum_dz,0.15358353
0,2000-01-01,0,669,9.49880028,54.11940002,nearest_land_minimum_dz,-0.57308555
0,2000-01-01,0,670,9.45499992,54.38510132,nearest_land_minimum_dz,0.07461739
0,2000-01-01,0,671,2.28909993,48.83190155,nearest_land_minimum_dz,-3.88844681
0,2000-01-01,0,672,-6.22730017,54.87889862,nearest_land_minimum_dz,-0.59837723
0,2000-01-01,0,673,0.23840000,53.31999969,nearest_land_minimum_dz,0.00000000
0,2000-01-01,0,674,-2.71289992,51.50870132,nearest_land_minimum_dz,-0.55116749
0,2000-01-01,0,675,-3.10220003,51.50579834,nearest_land_minimum_dz,0.31625891
0,2000-01-01,0,676,0.16480000,51.51599884,nearest_land_minimum_dz,1.62554884
0,2000-01-01,0,677,-1.03460002,52.80879974,nearest_land_minimum_dz,-0.26324463
0,2000-01-01,0,678,-2.89829993,56.48519897,nearest_land_minimum_dz,-1.30178833
0,2000-01-01,0,679,-4.16559982,55.73749924,nearest_land_minimum_dz,-0.13909912
0,2000-01-01,0,680,0.08340000,53.43299866,nearest_land_minimum_dz,0.00000000
0,2000-01-01,0,681,-4.27379990,50.92399979,nearest_land_minimum_dz,13.69689941
0,2000-01-01,0,682,-0.98559999,51.41870117,nearest_land_minimum_dz,-3.07535553
0,2000-01-01,0,683,-2.26780009,51.70209885,nearest_land_minimum_dz,28.50950623
0,2000-01-01,0,684,-2.58240008,51.25450134,nearest_land_minimum_dz,-0.96620178
0,2000-01-01,0,685,1.65439999,52.70999908,nearest_land_minimum_dz,4.64717960
0,2000-01-01,0,686,0.68339998,52.65679932,nearest_land_minimum_dz,0.31862640
0,2000-01-01,0,687,-1.08829999,53.29539871,nearest_land_minimum_dz,0.43452454
0,2000-01-01,0,688,-1.96519995,51.71490097,nearest_land_minimum_dz,-1.58404541
0,2000-01-01,0,689,-0.16960000,51.15340042,nearest_land_minimum_dz,-16.51451111
0,2000-01-01,0,690,-0.61919999,51.18209839,nearest_land_minimum_dz,-0.44184113
0,2000-01-01,0,691,-0.20020001,51.79690170,nearest_land_minimum_dz,-0.81617737
0,2000-01-01,0,692,-0.23980001,51.52460098,nearest_land_minimum_dz,-1.26143837
0,2000-01-01,0,693,-0.05280000,51.47980118,nearest_land_minimum_dz,0.31385112
0,2000-01-01,0,694,-1.33910000,52.06330109,nearest_land_minimum_dz,-1.11181641
0,2000-01-01,0,695,-1.23800004,51.74980164,nearest_land_minimum_dz,-0.11422348
0,2000-01-01,0,696,-0.97369999,51.45370102,nearest_land_minimum_dz,1.04431534
0,2000-01-01,0,697,-1.73389995,51.41830063,nearest_land_minimum_dz,-15.23782349
0,2000-01-01,0,698,-0.81169999,51.81549835,nearest_land_minimum_dz,-0.40324402
0,2000-01-01,0,699,-1.09119999,51.26490021,nearest_land_minimum_dz,0.96607208
0,2000-01-01,0,700,-1.72220004,51.92729950,nearest_land_minimum_dz,15.90687561
0,2000-01-01,0,701,-0.08010000,51.65290070,nearest_land_minimum_dz,-0.60620117
0,2000-01-01,0,702,0.15400000,51.86380005,nearest_land_minimum_dz,0.93647003
0,2000-01-01,0,703,-0.19210000,51.45500183,nearest_land_minimum_dz,0.10924053
0,2000-01-01,0,704,-0.00120000,51.54100037,nearest_land_minimum_dz,0.36257124
0,2000-01-01,0,705,0.09630000,51.37110138,nearest_land_minimum_dz,0.51508713
0,2000-01-01,0,706,-0.48690000,51.37469864,nearest_land_minimum_dz,-0.24030495
0,2000-01-01,0,707,-0.55620003,51.59320068,nearest_land_minimum_dz,-0.40419006
0,2000-01-01,0,708,-4.21579981,55.31679916,nearest_land_minimum_dz,4.16171265
0,2000-01-01,0,709,-0.23330000,53.73740005,nearest_land_minimum_dz,0.18656778
0,2000-01-01,0,710,-2.30890012,53.23659897,nearest_land_minimum_dz,6.84100342
0,2000-01-01,0,711,0.03740000,52.16699982,nearest_land_minimum_dz,-0.26109886
0,2000-01-01,0,712,-1.09249997,53.59080124,nearest_land_minimum_dz,0.10565233
0,2000-01-01,0,713,-3.37910008,54.75249863,nearest_land_minimum_dz,5.84680939
0,2000-01-01,0,714,-1.16120005,52.38130188,nearest_land_minimum_dz,-1.34282684
0,2000-01-01,0,715,8.79790020,53.43439865,nearest_land_minimum_dz,0.11487293
0,2000-01-01,0,717,9.27079964,54.74729919,nearest_land_minimum_dz,0.15358353
0,2000-01-01,0,718,9.49880028,54.11940002,nearest_land_minimum_dz,-0.57308555
0,2000-01-01,0,719,9.45499992,54.38510132,nearest_land_minimum_dz,0.07461739
0,2000-01-01,0,720,0.29300001,53.64400101,nearest_land_minimum_dz,0.00000000
0,2000-01-01,0,721,-4.25000000,55.84899902,nearest_land_minimum_dz,-2.32159042
0,2000-01-01,0,722,-0.21170001,51.48749924,nearest_land_minimum_dz,-2.06900024
0,2000-01-01,0,723,-3.36899996,55.94110107,nearest_land_minimum_dz,-0.27295685
0,2000-01-01,0,724,0.00850000,51.76179886,nearest_land_minimum_dz,-0.50730705
0,2000-01-01,0,725,-0.22890000,50.82920074,nearest_land_minimum_dz,-2.47121429
0,2000-01-01,0,726,-0.10610000,50.81169891,nearest_land_minimum_dz,-6.25177574
0,2000-01-01,0,727,0.00970000,51.49729919,nearest_land_minimum_dz,-0.27560902
0,2000-01-01,0,728,-0.19560000,52.55099869,nearest_land_minimum_dz,0.12958026
0,2000-01-01,0,729,-3.18829989,55.95330048,nearest_land_minimum_dz,-0.24242401
0,2000-01-01,0,730,-4.94430017,58.27909851,nearest_land_minimum_dz,0.75132751
0,2000-01-01,0,731,-4.99009991,56.98339844,nearest_land_minimum_dz,27.77824402
0,2000-01-01,0,732,-4.41639996,57.18410110,nearest_land_minimum_dz,8.54867554
0,2000-01-01,0,733,-5.49510002,56.68759918,nearest_land_minimum_dz,-9.57579803
0,2000-01-01,0,734,-3.69169998,53.45080185,nearest_land_minimum_dz,0.00000000
0,2000-01-01,0,735,-3.46210003,53.35210037,nearest_land_minimum_dz,0.00000000
0,2000-01-01,0,736,9.98610020,53.56079865,nearest_land_minimum_dz,-0.17941475
0,2000-01-01,0,737,9.99110031,53.63029861,nearest_land_minimum_dz,-0.07799530
0,2000-01-01,0,738,-3.69709992,51.66019821,nearest_land_minimum_dz,-1.01583862
0,2000-01-01,0,739,-3.60019994,51.67219925,nearest_land_minimum_dz,-0.23141479
0,2000-01-01,0,740,-2.14170003,53.70199966,nearest_land_minimum_dz,-11.00216675
0,2000-01-01,0,741,-2.05180001,53.80059814,nearest_land_minimum_dz,-3.47348022
0,2000-01-01,0,742,-2.01370001,53.74179840,nearest_land_minimum_dz,-79.34678650
0,2000-01-01,0,743,-1.78639996,53.70119858,nearest_land_minimum_dz,-20.35880280
0,2000-01-01,0,744,-1.92019999,53.79399872,nearest_land_minimum_dz,4.52313232
0,2000-01-01,0,745,-1.90799999,53.77700043,nearest_land_minimum_dz,-7.77645874
0,2000-01-01,0,746,-2.98000002,58.99750137,nearest_land_minimum_dz,0.05708361
0,2000-01-01,0,747,-4.34469986,57.80709839,nearest_land_minimum_dz,53.63049316
0,2000-01-01,0,748,-6.51539993,58.23249817,nearest_land_minimum_dz,6.78823853
0,2000-01-01,0,749,-2.00130010,57.61529922,nearest_land_minimum_dz,-0.79615784
0,2000-01-01,0,750,-6.18599987,55.68960190,nearest_land_minimum_dz,0.16935730
0,2000-01-01,0,751,-4.44350004,55.76620102,nearest_land_minimum_dz,0.84683228
0,2000-01-01,0,752,-0.94160002,54.54449844,nearest_land_minimum_dz,0.67588806
0,2000-01-01,0,753,-1.07410002,52.79980087,nearest_land_minimum_dz,-1.75927734
0,2000-01-01,0,754,-4.52110004,51.75809860,nearest_land_minimum_dz,1.77429199
0,2000-01-01,0,755,-4.70389986,50.63779831,nearest_land_minimum_dz,2.21400452
0,2000-01-01,0,756,-3.66910005,58.56570053,nearest_land_minimum_dz,0.31947327
0,2000-01-01,0,757,-4.23290014,51.97809982,nearest_land_minimum_dz,12.36355591
0,2000-01-01,0,758,-3.55180001,57.48410034,nearest_land_minimum_dz,-7.78320312
0,2000-01-01,0,759,-3.83550000,55.50839996,nearest_land_minimum_dz,-1.07589722
0,2000-01-01,0,760,9.64319992,50.32720184,nearest_land_minimum_dz,0.10089111
0,2000-01-01,0,761,8.13059998,49.62099838,nearest_land_minimum_dz,0.69558716
0,2000-01-01,0,763,-3.62389994,53.43730164,nearest_land_minimum_dz,0.00000000
0,2000-01-01,0,764,-3.54069996,53.46569824,nearest_land_minimum_dz,0.00000000
0,2000-01-01,0,765,8.16810036,53.83509827,nearest_land_minimum_dz,0.00000000
0,2000-01-01,0,766,5.87200022,54.31800079,nearest_land_minimum_dz,0.00000000
0,2000-01-01,0,768,-1.46070004,51.21569824,nearest_land_minimum_dz,-0.19324493
0,2000-01-01,0,769,-2.68740010,51.50320053,nearest_land_minimum_dz,-0.55116749
0,2000-01-01,0,770,-0.18990000,51.13610077,nearest_land_minimum_dz,-0.09706497
0,2000-01-01,0,771,0.14399999,51.51900101,nearest_land_minimum_dz,-0.06938219
0,2000-01-01,0,772,0.24640000,51.46310043,nearest_land_minimum_dz,-0.00449657
0,2000-01-01,0,773,-1.62829995,52.59329987,nearest_land_minimum_dz,0.83246613
0,2000-01-01,0,774,-0.02160000,51.67689896,nearest_land_minimum_dz,-0.13626099
0,2000-01-01,0,775,-0.24320000,51.76229858,nearest_land_minimum_dz,0.31948853
0,2000-01-01,0,776,-2.86310005,53.48270035,nearest_land_minimum_dz,0.03535461
0,2000-01-01,0,777,-1.65310001,53.74110031,nearest_land_minimum_dz,-4.30276489
0,2000-01-01,0,778,-2.20420003,53.35409927,nearest_land_minimum_dz,-0.13860321
0,2000-01-01,0,779,-0.73009998,52.06869888,nearest_land_minimum_dz,-0.88499451
0,2000-01-01,0,780,-1.52160001,51.63690186,nearest_land_minimum_dz,-0.82735443
0,2000-01-01,0,781,-0.21220000,52.57130051,nearest_land_minimum_dz,0.12958026
0,2000-01-01,0,782,-0.38490000,51.55690002,nearest_land_minimum_dz,0.42910004
0,2000-01-01,0,783,-1.43589997,53.40520096,nearest_land_minimum_dz,0.05443192
0,2000-01-01,0,784,-0.48410001,51.34709930,nearest_land_minimum_dz,-0.19798660
0,2000-01-01,0,785,-0.19110000,51.43590164,nearest_land_minimum_dz,-0.02091980
0,2000-01-01,0,786,-3.17910004,51.48160172,nearest_land_minimum_dz,0.21788597
0,2000-01-01,0,787,-0.33669999,53.74570084,nearest_land_minimum_dz,0.10395145
0,2000-01-01,0,788,1.14699996,53.13499832,nearest_land_minimum_dz,0.00000000
0,2000-01-01,0,789,-3.83800006,52.42699814,nearest_land_minimum_dz,-0.64434814
0,2000-01-01,0,790,-1.97969997,52.99509811,nearest_land_minimum_dz,7.44520569
0,2000-01-01,0,791,0.03450000,51.62760162,nearest_land_minimum_dz,2.52652740
0,2000-01-01,0,792,-3.28169990,53.29339981,nearest_land_minimum_dz,0.97688293
0,2000-01-01,0,793,-1.91040003,53.48020172,nearest_land_minimum_dz,5.25083923
0,2000-01-01,0,794,-2.21770000,53.86980057,nearest_land_minimum_dz,-1.38601685
0,2000-01-01,0,795,-1.02810001,52.09149933,nearest_land_minimum_dz,0.69252777
0,2000-01-01,0,796,0.26240000,52.39950180,nearest_land_minimum_dz,9.32794094
0,2000-01-01,0,797,-2.24259996,53.48080063,nearest_land_minimum_dz,0.78225708
0,2000-01-01,0,798,-0.00720000,51.54309845,nearest_land_minimum_dz,-0.57166386
0,2000-01-01,0,799,-0.22130001,51.50749969,nearest_land_minimum_dz,-0.14703465
0,2000-01-01,0,800,-4.18470001,50.38589859,nearest_land_minimum_dz,-5.46612883
0,2000-01-01,0,801,-2.08360004,55.16989899,nearest_land_minimum_dz,2.54080200
0,2000-01-01,0,802,-2.97709990,57.35879898,nearest_land_minimum_dz,50.74948120
0,2000-01-01,0,803,-4.53049994,51.75770187,nearest_land_minimum_dz,0.03353882
0,2000-01-01,0,804,-1.16299999,52.41889954,nearest_land_minimum_dz,-1.67758179
0,2000-01-01,0,805,-6.41169977,57.44409943,nearest_land_minimum_dz,4.82118225
0,2000-01-01,0,806,-3.26329994,53.31990051,nearest_land_minimum_dz,0.40312052
0,2000-01-01,0,807,-1.84539998,51.54850006,nearest_land_minimum_dz,-0.12999725
0,2000-01-01,0,808,-3.29999995,58.29999924,nearest_land_minimum_dz,2.57917786
0,2000-01-01,0,809,-4.80000019,57.59999847,nearest_land_minimum_dz,5.02288818
0,2000-01-01,0,810,-4.09999990,57.40000153,nearest_land_minimum_dz,4.42959595
0,2000-01-01,0,811,-1.89289999,52.99000168,nearest_land_minimum_dz,0.62039185
0,2000-01-01,0,812,-1.87419999,52.98580170,nearest_land_minimum_dz,0.47659302
0,2000-01-01,0,813,-1.89289999,52.99000168,nearest_land_minimum_dz,-52.83757782
0,2000-01-01,0,814,-2.80040002,54.04999924,nearest_land_minimum_dz,1.99000263
0,2000-01-01,0,815,-2.91750002,54.89429855,nearest_land_minimum_dz,-0.11315346
0,2000-01-01,0,816,-2.02629995,53.74140167,nearest_land_minimum_dz,-73.34678650
0,2000-01-01,0,817,-4.48390007,54.96049881,nearest_land_minimum_dz,-3.46924591
0,2000-01-01,0,818,-2.74469995,54.32989883,nearest_land_minimum_dz,4.55394363
0,2000-01-01,0,819,-2.80349994,54.04729843,nearest_land_minimum_dz,3.18489647
0,2000-01-01,0,820,-4.48260021,54.95880127,nearest_land_minimum_dz,4.36000538
0,2000-01-01,0,821,-1.07840002,53.82770157,nearest_land_minimum_dz,0.12803650
0,2000-01-01,0,822,-3.14849997,51.47629929,nearest_land_minimum_dz,0.43599606
0,2000-01-01,0,823,-5.76000023,54.72000122,nearest_land_minimum_dz,2.76490593
0,2000-01-01,0,824,-5.78999996,54.84000015,nearest_land_minimum_dz,-0.98748684
0,2000-01-01,0,825,-2.43449998,55.79700089,nearest_land_minimum_dz,21.32077026
0,2000-01-01,0,826,0.30430001,52.15729904,nearest_land_minimum_dz,1.31132126
0,2000-01-01,0,827,-4.77500010,54.94139862,nearest_land_minimum_dz,-1.86676025
0,2000-01-01,0,830,-3.64409995,51.76699829,nearest_land_minimum_dz,-10.01736450
0,2000-01-01,0,831,-3.67170000,51.76100159,nearest_land_minimum_dz,1.99603271
0,2000-01-01,0,832,-3.51279998,51.70700073,nearest_land_minimum_dz,-2.76492310
0,2000-01-01,0,833,-3.49729991,51.60910034,nearest_land_minimum_dz,-0.08291626
0,2000-01-01,0,834,-3.51799989,51.61690140,nearest_land_minimum_dz,2.65097046
0,2000-01-01,0,835,-0.10840000,51.55490112,nearest_land_minimum_dz,1.98255157
0,2000-01-01,0,836,-0.28470001,51.71110153,nearest_land_minimum_dz,-1.55215454
0,2000-01-01,0,837,-0.02400000,51.54349899,nearest_land_minimum_dz,0.36257124
0,2000-01-01,0,838,-3.01810002,56.18220139,nearest_land_minimum_dz,-28.71208954
0,2000-01-01,0,839,-4.81669998,57.13330078,nearest_land_minimum_dz,-10.12207031
0,2000-01-01,0,840,-9.31079960,51.93859863,nearest_land_minimum_dz,54.38943481
0,2000-01-01,0,841,-3.51320004,54.56850052,nearest_land_minimum_dz,-1.72280884
0,2000-01-01,0,842,-3.91459990,55.55749893,nearest_land_minimum_dz,47.88711548
0,2000-01-01,0,843,-4.12779999,58.04800034,nearest_land_minimum_dz,5.72945404
0,2000-01-01,0,844,1.61730003,52.21080017,nearest_land_minimum_dz,0.07114220
0,2000-01-01,0,845,-4.48280001,53.41619873,nearest_land_minimum_dz,-0.02601624
0,2000-01-01,0,846,-0.24500000,51.53219986,nearest_land_minimum_dz,-0.00451660
0,2000-01-01,0,847,-2.43330002,53.08959961,nearest_land_minimum_dz,0.99306107
0,2000-01-01,0,848,-2.49480009,51.69269943,nearest_land_minimum_dz,0.04591465
0,2000-01-01,0,849,-3.50070000,54.41920090,nearest_land_minimum_dz,-3.15876389
0,2000-01-01,0,850,-3.22679996,55.01440048,nearest_land_minimum_dz,1.07968140
0,2000-01-01,0,851,-2.96009994,54.90869904,nearest_land_minimum_dz,0.19896126
0,2000-01-01,0,852,-3.75259995,58.57759857,nearest_land_minimum_dz,-1.48150444
0,2000-01-01,0,853,1.25849998,52.10129929,nearest_land_minimum_dz,-1.89955902
0,2000-01-01,0,854,0.37320000,52.61080170,nearest_land_minimum_dz,0.00338840
0,2000-01-01,0,855,-0.69650000,53.22460175,nearest_land_minimum_dz,0.05230236
0,2000-01-01,0,856,-0.22950000,53.15340042,nearest_land_minimum_dz,-0.22150040
0,2000-01-01,0,857,-0.04550000,52.93939972,nearest_land_minimum_dz,0.46274233
0,2000-01-01,0,858,-0.68390000,53.37060165,nearest_land_minimum_dz,0.09119797
0,2000-01-01,0,859,-0.73449999,52.35900116,nearest_land_minimum_dz,0.03487396
0,2000-01-01,0,860,-0.87540001,51.96910095,nearest_land_minimum_dz,-0.06526947
0,2000-01-01,0,861,-0.24320000,52.28810120,nearest_land_minimum_dz,0.05196381
0,2000-01-01,0,862,-0.29789999,52.19219971,nearest_land_minimum_dz,0.78155899
0,2000-01-01,0,863,-0.81120002,52.43569946,nearest_land_minimum_dz,-1.13917542
0,2000-01-01,0,864,0.57499999,51.51100159,nearest_land_minimum_dz,0.10853910
0,2000-01-01,0,865,0.70929998,51.55550003,nearest_land_minimum_dz,-0.16745567
0,2000-01-01,0,866,0.15490000,52.23339844,nearest_land_minimum_dz,-0.02012062
0,2000-01-01,0,867,0.04020000,53.39039993,nearest_land_minimum_dz,0.14596462
0,2000-01-01,0,868,1.73450005,52.46810150,nearest_land_minimum_dz,-0.61619139
0,2000-01-01,0,869,0.32049999,51.69110107,nearest_land_minimum_dz,-0.08131409
0,2000-01-01,0,870,0.87760001,51.94440079,nearest_land_minimum_dz,1.55532455
0,2000-01-01,0,871,-0.60549998,52.61380005,nearest_land_minimum_dz,-0.15396500
0,2000-01-01,0,872,1.29859996,52.69010162,nearest_land_minimum_dz,-0.75254631
0,2000-01-01,0,873,0.99210000,52.19620132,nearest_land_minimum_dz,0.10752678
0,2000-01-01,0,874,1.16489995,51.84640121,nearest_land_minimum_dz,-0.32047391
0,2000-01-01,0,875,0.80140001,52.56940079,nearest_land_minimum_dz,-4.26368713
0,2000-01-01,0,876,-0.45870000,52.47940063,nearest_land_minimum_dz,-0.13753510
0,2000-01-01,0,877,-0.24770001,52.51580048,nearest_land_minimum_dz,-0.33374214
0,2000-01-01,0,878,-0.27230000,51.97729874,nearest_land_minimum_dz,0.40885925
0,2000-01-01,0,879,1.26250005,52.26979828,nearest_land_minimum_dz,-0.07202148
0,2000-01-01,0,880,1.72389996,52.60639954,nearest_land_minimum_dz,-0.31589389
0,2000-01-01,0,881,-0.06550000,53.57550049,nearest_land_minimum_dz,-0.13237286
0,2000-01-01,0,882,-0.00900000,53.54389954,nearest_land_minimum_dz,-0.13237286
0,2000-01-01,0,883,5.49079990,59.75320053,nearest_land_minimum_dz,-8.50030136
0,2000-01-01,0,884,5.49079990,59.75320053,nearest_land_minimum_dz,-8.50030136
0,2000-01-01,0,885,5.49079990,59.75320053,nearest_land_minimum_dz,-8.50030136
0,2000-01-01,0,886,5.49079990,59.75320053,nearest_land_minimum_dz,-8.50030136
0,2000-01-01,0,887,5.49079990,59.75320053,nearest_land_minimum_dz,-8.50030136
0,2000-01-01,0,888,5.49079990,59.75320053,nearest_land_minimum_dz,-8.50030136
0,2000-01-01,0,889,5.49079990,59.75320053,nearest_land_minimum_dz,-8.50030136
0,2000-01-01,0,890,5.49079990,59.75320053,nearest_land_minimum_dz,-8.50030136
0,2000-01-01,0,891,5.49079990,59.75320053,nearest_land_minimum_dz,-8.50030136
0,2000-01-01,0,892,5.49079990,59.75320053,nearest_land_minimum_dz,-8.50030136
0,2000-01-01,0,893,5.49079990,59.75320053,nearest_land_minimum_dz,-8.50030136
0,2000-01-01,0,894,5.49079990,59.75320053,nearest_land_minimum_dz,-8.50030136
0,2000-01-01,0,895,5.49079990,59.75320053,nearest_land_minimum_dz,-8.50030136
0,2000-01-01,0,896,5.49079990,59.75320053,nearest_land_minimum_dz,-8.50030136
0,2000-01-01,0,897,5.49079990,59.75320053,nearest_land_minimum_dz,-8.50030136
0,2000-01-01,0,898,5.49079990,59.75320053,nearest_land_minimum_dz,-8.50030136
0,2000-01-01,0,899,5.48330021,59.71670151,nearest_land_minimum_dz,-6.10801458
0,2000-01-01,0,900,5.58330011,59.71670151,nearest_land_minimum_dz,0.00000000
0,2000-01-01,0,901,-0.53509998,51.54830170,nearest_land_minimum_dz,1.41553497
0,2000-01-01,0,902,-0.09020000,51.50529861,nearest_land_minimum_dz,0.40206337
0,2000-01-01,0,903,-0.09880000,51.51390076,nearest_land_minimum_dz,0.99548340
0,2000-01-01,0,904,-1.59920001,51.20980072,nearest_land_minimum_dz,0.16037750
0,2000-01-01,0,905,-3.73320007,56.70380020,nearest_land_minimum_dz,-5.90598297
0,2000-01-01,0,906,-1.36090004,51.84220123,nearest_land_minimum_dz,0.05311584
0,2000-01-01,0,907,-2.40330005,56.83890152,nearest_land_minimum_dz,31.01879883
0,2000-01-01,0,908,-3.21790004,58.35910034,nearest_land_minimum_dz,10.06152344
0,2000-01-01,0,909,-4.00080013,57.41379929,nearest_land_minimum_dz,0.33920288
0,2000-01-01,0,910,-4.80670023,57.66130066,nearest_land_minimum_dz,-20.51510620
0,2000-01-01,0,911,-2.14170003,50.70399857,nearest_land_minimum_dz,-1.29147339
0,2000-01-01,0,912,-1.71430004,51.59090042,nearest_land_minimum_dz,0.02793121
0,2000-01-01,0,913,-1.02359998,51.40670013,nearest_land_minimum_dz,0.15446854
0,2000-01-01,0,914,-3.36669993,57.53329849,nearest_land_minimum_dz,7.89642334
0,2000-01-01,0,915,-3.37140012,57.53720093,nearest_land_minimum_dz,4.34890747
0,2000-01-01,0,916,-3.47609997,57.44609833,nearest_land_minimum_dz,1.71362305
0,2000-01-01,0,917,-2.46670008,56.95000076,nearest_land_minimum_dz,-4.57162476
0,2000-01-01,0,918,-2.50000000,55.93330002,nearest_land_minimum_dz,-2.39279175
0,2000-01-01,0,919,-2.51309991,55.89500046,nearest_land_minimum_dz,-0.16189575
0,2000-01-01,0,920,-2.54999995,55.90560150,nearest_land_minimum_dz,-2.39279175
0,2000-01-01,0,921,-4.11670017,55.23329926,nearest_land_minimum_dz,-0.98641968
0,2000-01-01,0,923,6.71000004,58.15829849,nearest_land_minimum_dz,22.57696533
0,2000-01-01,0,924,-1.89549994,52.98720169,nearest_land_minimum_dz,2.43284607
0,2000-01-01,0,925,-0.44610000,51.47980118,nearest_land_minimum_dz,0.29112244
0,2000-01-01,0,926,-2.57969999,51.45159912,nearest_land_minimum_dz,-12.87923622
0,2000-01-01,0,927,-3.17000008,51.47620010,nearest_land_minimum_dz,0.26808262
0,2000-01-01,0,928,-1.06649995,52.95529938,nearest_land_minimum_dz,-0.35427856
0,2000-01-01,0,929,-2.97810006,53.40679932,nearest_land_minimum_dz,-0.19036865
0,2000-01-01,0,930,-1.61609995,54.97129822,nearest_land_minimum_dz,2.26928329
0,2000-01-01,0,931,-9.60789967,51.39730072,nearest_land_minimum_dz,-39.95129776
0,2000-01-01,0,932,-6.41760015,49.87860107,nearest_land_minimum_dz,0.00000000
0,2000-01-01,0,933,-6.30229998,49.98199844,nearest_land_minimum_dz,0.00000000
0,2000-01-01,0,934,-1.30009997,50.76710129,nearest_land_minimum_dz,0.00000000
0,2000-01-01,0,935,-4.15360022,50.35430145,nearest_land_minimum_dz,0.00000000
0,2000-01-01,0,936,-2.45659995,50.51250076,nearest_land_minimum_dz,4.39759254
0,2000-01-01,0,937,-5.72160006,50.06579971,nearest_land_minimum_dz,-29.10736465
0,2000-01-01,0,938,-5.20669985,49.95399857,nearest_land_minimum_dz,-1.34666824
0,2000-01-01,0,939,-8.91170025,51.05849838,nearest_land_minimum_dz,0.00000000
0,2000-01-01,0,940,-8.05039978,50.74789810,nearest_land_minimum_dz,0.00000000
0,2000-01-01,0,941,-7.34410000,50.37310028,nearest_land_minimum_dz,0.00000000
0,2000-01-01,0,942,-2.98609996,50.35319901,nearest_land_minimum_dz,0.00000000
0,2000-01-01,0,943,-3.63669991,50.22150040,nearest_land_minimum_dz,-9.12923813
0,2000-01-01,0,944,-5.87109995,54.56499863,nearest_land_minimum_dz,-1.69989014
0,2000-01-01,0,945,-6.47989988,54.89950180,nearest_land_minimum_dz,0.66151428
0,2000-01-01,0,946,-7.28870010,55.00519943,nearest_land_minimum_dz,0.54121017
0,2000-01-01,0,947,-7.65810013,54.46960068,nearest_land_minimum_dz,0.40181732
0,2000-01-01,0,948,-6.42080021,54.18700027,nearest_land_minimum_dz,2.17546844
0,2000-01-01,0,949,-4.97679996,55.08100128,nearest_land_minimum_dz,-6.31985474
0,2000-01-01,0,950,-2.73790002,53.34640121,nearest_land_minimum_dz,0.00000000
0,2000-01-01,0,951,-4.09140015,56.06990051,nearest_land_minimum_dz,39.14257812
0,2000-01-01,0,952,-4.19180012,55.68149948,nearest_land_minimum_dz,3.60131836
0,2000-01-01,0,953,-4.87860012,57.12799835,nearest_land_minimum_dz,204.23486328
0,2000-01-01,0,954,-4.04220009,58.05369949,nearest_land_minimum_dz,-4.04412842
0,2000-01-01,0,955,-4.81059980,55.23210144,nearest_land_minimum_dz,0.42431641
0,2000-01-01,0,956,-3.95350003,55.57820129,nearest_land_minimum_dz,-10.11288452
0,2000-01-01,0,957,-3.21050000,55.96490097,nearest_land_minimum_dz,0.55653381
0,2000-01-01,0,958,-3.21300006,55.96540070,nearest_land_minimum_dz,-0.65515327
0,2000-01-01,0,959,-0.15840000,51.50640106,nearest_land_minimum_dz,0.21770477
0,2000-01-01,0,960,-0.16000000,51.50939941,nearest_land_minimum_dz,0.21770477
0,2000-01-01,0,961,-0.15820000,51.50849915,nearest_land_minimum_dz,0.21770477
0,2000-01-01,0,962,-0.15770000,51.50770187,nearest_land_minimum_dz,-0.78229523
0,2000-01-01,0,963,-0.15730000,51.50749969,nearest_land_minimum_dz,-1.78229523
0,2000-01-01,0,964,0.70160002,51.54899979,nearest_land_minimum_dz,0.05239868
0,2000-01-01,0,965,0.72229999,51.55569839,nearest_land_minimum_dz,-0.34113503
0,2000-01-01,0,966,-6.15299988,55.18059921,nearest_land_minimum_dz,-4.60748291
0,2000-01-01,0,967,-6.22529984,54.66370010,nearest_land_minimum_dz,-3.77663422
0,2000-01-01,0,968,-6.94920015,55.16040039,nearest_land_minimum_dz,-0.07477188
0,2000-01-01,0,969,-7.57749987,54.70709991,nearest_land_minimum_dz,-2.14107513
0,2000-01-01,0,970,-7.64489985,54.39559937,nearest_land_minimum_dz,0.37221146
0,2000-01-01,0,971,-5.58409977,54.67369843,nearest_land_minimum_dz,1.01946640
0,2000-01-01,0,972,-6.50530005,54.23720169,nearest_land_minimum_dz,0.55584717
0,2000-01-01,0,973,-7.07359982,54.63660049,nearest_land_minimum_dz,13.19615173
0,2000-01-01,0,974,2.09489989,51.96969986,nearest_land_minimum_dz,0.00000000
0,2000-01-01,0,975,2.00600004,51.74449921,nearest_land_minimum_dz,0.00000000
0,2000-01-01,0,976,-4.21019983,51.97589874,nearest_land_minimum_dz,16.00991821
0,2000-01-01,0,977,-3.18400002,51.48410034,nearest_land_minimum_dz,-0.66465855
0,2000-01-01,0,978,-3.18560004,51.48540115,nearest_land_minimum_dz,0.26808262
0,2000-01-01,0,979,-0.33530000,51.40090179,nearest_land_minimum_dz,-1.77128696
0,2000-01-01,0,980,-0.33070001,51.40090179,nearest_land_minimum_dz,-1.77128696
0,2000-01-01,0,981,-0.33120000,51.40319824,nearest_land_minimum_dz,-2.77128696
0,2000-01-01,0,982,-1.61420000,53.22280121,nearest_land_minimum_dz,-33.84350586
0,2000-01-01,0,983,-1.61520004,53.22579956,nearest_land_minimum_dz,-33.84350586
0,2000-01-01,0,984,-1.61730003,53.22470093,nearest_land_minimum_dz,-32.84350586
0,2000-01-01,0,985,-2.37639999,53.33340073,nearest_land_minimum_dz,0.58371735
0,2000-01-01,0,986,-2.37890005,53.33129883,nearest_land_minimum_dz,-0.13164139
0,2000-01-01,0,987,-2.37949991,53.33290100,nearest_land_minimum_dz,-0.06011200
0,2000-01-01,0,988,-0.15490000,51.48540115,nearest_land_minimum_dz,-2.61155701
0,2000-01-01,0,989,-0.15590000,51.48770142,nearest_land_minimum_dz,-0.17382288
0,2000-01-01,0,990,-0.15889999,51.51330185,nearest_land_minimum_dz,-1.01744843
0,2000-01-01,0,991,-0.11320000,51.48369980,nearest_land_minimum_dz,0.27412796
0,2000-01-01,0,992,-0.14929999,51.45800018,nearest_land_minimum_dz,0.27412796
0,2000-01-01,0,993,-0.19260000,51.48180008,nearest_land_minimum_dz,-2.17382288
0,2000-01-01,0,994,-5.47559977,50.20890045,nearest_land_minimum_dz,0.00000000
0,2000-01-01,0,995,-5.00190020,57.14419937,nearest_land_minimum_dz,-13.63078308
0,2000-01-01,0,996,-4.19350004,56.69940186,nearest_land_minimum_dz,-20.90779114
0,2000-01-01,0,997,-4.76539993,56.26100159,nearest_land_minimum_dz,-14.61929321
0,2000-01-01,0,998,-4.54050016,51.76050186,nearest_land_minimum_dz,1.04478455
0,2000-01-01,0,999,-4.70450020,50.63610077,nearest_land_minimum_dz,-0.53071594
0,2000-01-01,0,1210,6.11019993,62.56039810,nearest_land_minimum_dz,9.73793602
0,2000-01-01,0,1311,5.21810007,60.29339981,nearest_land_minimum_dz,-0.14133453
0,2000-01-01,0,1338,6.64690018,61.17110062,nearest_land_minimum_dz,-0.06143188
0,2000-01-01,0,1364,8.21700001,60.51699829,nearest_land_minimum_dz,-5.78411865
0,2000-01-01,0,1384,11.08300018,60.20000076,nearest_land_minimum_dz,0.01199341
0,2000-01-01,0,1397,12.27169991,61.29420090,nearest_land_minimum_dz,-18.48544312
0,2000-01-01,0,1400,3.20000005,56.50000000,nearest_land_minimum_dz,48.00000000
0,2000-01-01,0,1415,5.63789988,58.87680054,nearest_land_minimum_dz,-0.37676525
0,2000-01-01,0,1427,6.61000013,58.11700058,nearest_land_minimum_dz,-1.16137505
0,2000-01-01,0,1447,8.19919968,59.49689865,nearest_land_minimum_dz,11.95288086
0,2000-01-01,0,1452,8.08300018,58.20000076,nearest_land_minimum_dz,-11.36706924
0,2000-01-01,0,1483,10.25860023,59.18669891,nearest_land_minimum_dz,0.65498352
0,2000-01-01,0,1488,10.61670017,59.88330078,nearest_land_minimum_dz,-19.03055191
0,2000-01-01,0,1492,10.71700001,59.95000076,nearest_land_minimum_dz,-3.42520142
0,2000-01-01,0,2407,13.70720005,60.67639923,nearest_land_minimum_dz,-0.54528809
0,2000-01-01,0,2512,11.88329983,57.78329849,nearest_land_minimum_dz,-0.95337868
0,2000-01-01,0,2513,12.00000000,57.70000076,nearest_land_minimum_dz,-1.39512062
0,2000-01-01,0,3002,-0.85399997,60.74900055,nearest_land_minimum_dz,-18.72835541
0,2000-01-01,0,3003,-1.29799998,59.87900162,nearest_land_minimum_dz,-15.38539505
0,2000-01-01,0,3005,-1.18299997,60.13899994,nearest_land_minimum_dz,-1.41906738
0,2000-01-01,0,3006,-1.27699995,60.44699860,nearest_land_minimum_dz,-3.09675407
0,2000-01-01,0,3008,-1.62800002,59.52700043,nearest_land_minimum_dz,34.77693176
0,2000-01-01,0,3010,-4.40399981,59.08300018,nearest_land_minimum_dz,12.00000000
0,2000-01-01,0,3011,-5.82999992,59.12400055,nearest_land_minimum_dz,98.00000000
0,2000-01-01,0,3014,-2.06299996,60.11100006,nearest_land_minimum_dz,15.15580559
0,2000-01-01,0,3017,-2.90000010,58.95399857,nearest_land_minimum_dz,0.16869164
0,2000-01-01,0,3022,-7.38299990,57.47499847,nearest_land_minimum_dz,-0.28819418
0,2000-01-01,0,3023,-7.39699984,57.35800171,nearest_land_minimum_dz,-0.23961449
0,2000-01-01,0,3026,-6.32499981,58.21400070,nearest_land_minimum_dz,-1.83710098
0,2000-01-01,0,3031,-4.89599991,57.72499847,nearest_land_minimum_dz,-34.29415894
0,2000-01-01,0,3034,-5.63600016,57.85900116,nearest_land_minimum_dz,1.37667751
0,2000-01-01,0,3035,-7.44890022,57.02569962,nearest_land_minimum_dz,1.97476184
0,2000-01-01,0,3037,-5.80900002,57.25699997,nearest_land_minimum_dz,3.12542343
0,2000-01-01,0,3039,-5.68900013,57.41749954,nearest_land_minimum_dz,228.00427246
0,2000-01-01,0,3041,-4.96999979,56.82199860,nearest_land_minimum_dz,227.59313965
0,2000-01-01,0,3044,-4.44199991,58.28799820,nearest_land_minimum_dz,-29.95560455
0,2000-01-01,0,3047,-4.70800018,56.86700058,nearest_land_minimum_dz,-10.38796997
0,2000-01-01,0,3055,-3.38499999,58.87400055,nearest_land_minimum_dz,-3.27269173
0,2000-01-01,0,3062,-3.96600008,57.81900024,nearest_land_minimum_dz,-0.32462502
0,2000-01-01,0,3063,-3.82699990,57.20600128,nearest_land_minimum_dz,2.22113037
0,2000-01-01,0,3065,-3.64199996,57.11600113,nearest_land_minimum_dz,138.53210449
0,2000-01-01,0,3066,-3.56060004,57.64939880,nearest_land_minimum_dz,0.15855122
0,2000-01-01,0,3068,-3.32200003,57.71200180,nearest_land_minimum_dz,-0.14212561
0,2000-01-01,0,3070,-3.34400010,57.35400009,nearest_land_minimum_dz,-8.21496582
0,2000-01-01,0,3072,-3.42000008,56.87900162,nearest_land_minimum_dz,24.00146484
0,2000-01-01,0,3075,-3.08899999,58.45399857,nearest_land_minimum_dz,0.83310699
0,2000-01-01,0,3080,-2.83599997,57.07699966,nearest_land_minimum_dz,2.63093567
0,2000-01-01,0,3081,-3.39700007,57.00600052,nearest_land_minimum_dz,-32.69937134
0,2000-01-01,0,3088,-2.26399994,56.85200119,nearest_land_minimum_dz,0.57339478
0,2000-01-01,0,3091,-2.20199990,57.20600128,nearest_land_minimum_dz,1.34263992
0,2000-01-01,0,3092,-1.77300000,57.50299835,nearest_land_minimum_dz,0.51360226
0,2000-01-01,0,3094,-2.12100005,57.69800186,nearest_land_minimum_dz,1.62134719
0,2000-01-01,0,3100,-6.88700008,56.49700165,nearest_land_minimum_dz,-1.06907558
0,2000-01-01,0,3105,-6.25600004,55.68099976,nearest_land_minimum_dz,2.55619240
0,2000-01-01,0,3111,-5.69899988,55.44100189,nearest_land_minimum_dz,0.15408802
0,2000-01-01,0,3114,-5.47499990,56.40999985,nearest_land_minimum_dz,-0.35748291
0,2000-01-01,0,3116,-5.00099993,56.40999985,nearest_land_minimum_dz,-17.95869446
0,2000-01-01,0,3120,-5.30600023,55.70600128,nearest_land_minimum_dz,8.22267532
0,2000-01-01,0,3130,-4.93599987,54.85900116,nearest_land_minimum_dz,0.34941387
0,2000-01-01,0,3132,-4.93599987,54.85900116,nearest_land_minimum_dz,0.34941387
0,2000-01-01,0,3134,-4.53299999,55.90700150,nearest_land_minimum_dz,0.75412750
0,2000-01-01,0,3136,-4.58500004,55.51499939,nearest_land_minimum_dz,0.61958122
0,2000-01-01,0,3138,-4.79400015,55.96200180,nearest_land_minimum_dz,-2.86921692
0,2000-01-01,0,3139,-4.22599983,55.60100174,nearest_land_minimum_dz,-1.36442566
0,2000-01-01,0,3140,-4.43330002,55.86669922,nearest_land_minimum_dz,-0.25715923
0,2000-01-01,0,3144,-3.72900009,56.32600021,nearest_land_minimum_dz,-3.01646805
0,2000-01-01,0,3148,-4.32000017,56.42300034,nearest_land_minimum_dz,2.66046143
0,2000-01-01,0,3152,-3.87500000,55.86199951,nearest_land_minimum_dz,9.40298462
0,2000-01-01,0,3153,-4.00799990,54.80300140,nearest_land_minimum_dz,1.88763428
0,2000-01-01,0,3154,-3.64400005,55.05400085,nearest_land_minimum_dz,-0.21438217
0,2000-01-01,0,3155,-3.73499990,55.62699890,nearest_land_minimum_dz,2.46232605
0,2000-01-01,0,3158,-2.38299990,55.70899963,nearest_land_minimum_dz,0.17498016
0,2000-01-01,0,3160,-3.34699988,55.95100021,nearest_land_minimum_dz,-0.27295685
0,2000-01-01,0,3162,-3.20600009,55.31100082,nearest_land_minimum_dz,15.99105835
0,2000-01-01,0,3166,-3.34299994,55.92800140,nearest_land_minimum_dz,1.96799469
0,2000-01-01,0,3171,-2.86199999,56.37699890,nearest_land_minimum_dz,-0.70279598
0,2000-01-01,0,3173,-3.18799996,55.92300034,nearest_land_minimum_dz,1.60935974
0,2000-01-01,0,3174,-2.58500004,56.27899933,nearest_land_minimum_dz,-5.92647743
0,2000-01-01,0,3176,-2.51699996,55.35900116,nearest_land_minimum_dz,-11.27560425
0,2000-01-01,0,3188,-2.03200006,55.75400162,nearest_land_minimum_dz,0.65419006
0,2000-01-01,0,3204,-4.63210011,54.08489990,nearest_land_minimum_dz,1.30777359
0,2000-01-01,0,3210,-3.61500001,54.51810074,nearest_land_minimum_dz,1.08971405
0,2000-01-01,0,3212,-3.15700006,54.61399841,nearest_land_minimum_dz,0.69153595
0,2000-01-01,0,3213,-3.40700006,54.32500076,nearest_land_minimum_dz,-0.05481720
0,2000-01-01,0,3214,-3.25699997,54.12500000,nearest_land_minimum_dz,-2.37461472
0,2000-01-01,0,3220,-2.96300006,54.93299866,nearest_land_minimum_dz,0.05434608
0,2000-01-01,0,3224,-2.55299997,55.04999924,nearest_land_minimum_dz,2.40216064
0,2000-01-01,0,3225,-2.68400002,54.50099945,nearest_land_minimum_dz,-3.58200073
0,2000-01-01,0,3226,-2.41300011,54.57199860,nearest_land_minimum_dz,3.73562622
0,2000-01-01,0,3227,-2.45000005,54.68399811,nearest_land_minimum_dz,108.08813477
0,2000-01-01,0,3230,-2.27900004,55.28499985,nearest_land_minimum_dz,-0.64929199
0,2000-01-01,0,3235,-2.08899999,54.82099915,nearest_land_minimum_dz,-1.27313232
0,2000-01-01,0,3238,-1.88000000,55.02000046,nearest_land_minimum_dz,0.35130310
0,2000-01-01,0,3240,-1.60000002,55.42100143,nearest_land_minimum_dz,-0.49494171
0,2000-01-01,0,3246,-1.59700000,54.97700119,nearest_land_minimum_dz,-1.01117706
0,2000-01-01,0,3257,-1.52999997,54.29600143,nearest_land_minimum_dz,-0.00787735
0,2000-01-01,0,3261,-1.41400003,54.13399887,nearest_land_minimum_dz,-0.12971878
0,2000-01-01,0,3262,-1.41499996,55.01800156,nearest_land_minimum_dz,0.21458054
0,2000-01-01,0,3265,-1.38999999,54.20399857,nearest_land_minimum_dz,0.09596062
0,2000-01-01,0,3266,-1.25000000,54.04499817,nearest_land_minimum_dz,0.03578854
0,2000-01-01,0,3275,-0.86299998,54.56299973,nearest_land_minimum_dz,-3.44976807
0,2000-01-01,0,3281,-0.67299998,54.36199951,nearest_land_minimum_dz,-3.49038696
0,2000-01-01,0,3292,-0.17399999,54.09400177,nearest_land_minimum_dz,5.28014565
0,2000-01-01,0,3301,-4.37599993,53.25999832,nearest_land_minimum_dz,0.21435547
0,2000-01-01,0,3302,-4.53700018,53.25199890,nearest_land_minimum_dz,-0.10655594
0,2000-01-01,0,3305,-3.94099998,53.09299850,nearest_land_minimum_dz,-3.09214783
0,2000-01-01,0,3308,-4.07700014,53.06800079,nearest_land_minimum_dz,348.33697510
0,2000-01-01,0,3313,-3.50900006,53.25899887,nearest_land_minimum_dz,-7.46892548
0,2000-01-01,0,3316,-3.05599999,53.49700165,nearest_land_minimum_dz,-0.40934753
0,2000-01-01,0,3318,-3.03699994,53.77600098,nearest_land_minimum_dz,0.31756687
0,2000-01-01,0,3321,-2.98600006,53.17399979,nearest_land_minimum_dz,0.34872246
0,2000-01-01,0,3330,-1.97990000,53.12760162,nearest_land_minimum_dz,-1.40341187
0,2000-01-01,0,3334,-2.27900004,53.35599899,nearest_land_minimum_dz,-1.38774109
0,2000-01-01,0,3339,-2.02900004,53.96699905,nearest_land_minimum_dz,-0.76393127
0,2000-01-01,0,3344,-1.86500001,53.81100082,nearest_land_minimum_dz,-7.06835938
0,2000-01-01,0,3345,-1.66400003,53.61299896,nearest_land_minimum_dz,29.86343384
0,2000-01-01,0,3346,-1.66700006,53.61700058,nearest_land_minimum_dz,37.86343384
0,2000-01-01,0,3347,-1.55999994,53.79999924,nearest_land_minimum_dz,0.03046036
0,2000-01-01,0,3348,-2.15400004,53.34000015,nearest_land_minimum_dz,-0.53675842
0,2000-01-01,0,3350,-1.58200002,53.43299866,nearest_land_minimum_dz,14.78643799
0,2000-01-01,0,3351,-2.38050008,53.35979843,nearest_land_minimum_dz,-0.42290115
0,2000-01-01,0,3354,-1.25000000,53.00500107,nearest_land_minimum_dz,4.59765625
0,2000-01-01,0,3355,-1.19700003,53.83599854,nearest_land_minimum_dz,0.00000000
0,2000-01-01,0,3373,-0.54600000,53.30699921,nearest_land_minimum_dz,0.40164948
0,2000-01-01,0,3377,-0.52100003,53.17499924,nearest_land_minimum_dz,-0.05210876
0,2000-01-01,0,3379,-0.50199997,53.03099823,nearest_land_minimum_dz,0.53020096
0,2000-01-01,0,3382,-0.43300000,53.86700058,nearest_land_minimum_dz,0.17937899
0,2000-01-01,0,3384,-0.44000000,53.87400055,nearest_land_minimum_dz,0.17937899
0,2000-01-01,0,3385,0.15400000,53.47299957,nearest_land_minimum_dz,5.51083851
0,2000-01-01,0,3391,-0.17100000,53.09400177,nearest_land_minimum_dz,0.01018667
0,2000-01-01,0,3392,0.27399999,53.08800125,nearest_land_minimum_dz,0.00000000
0,2000-01-01,0,3402,-4.63800001,52.82300186,nearest_land_minimum_dz,91.15628052
0,2000-01-01,0,3403,-4.08199978,52.99499893,nearest_land_minimum_dz,-3.58895874
0,2000-01-01,0,3405,-4.74200010,52.78900146,nearest_land_minimum_dz,-5.69838715
0,2000-01-01,0,3407,-4.12400007,52.80199814,nearest_land_minimum_dz,-0.69007111
0,2000-01-01,0,3409,-3.58299994,52.91699982,nearest_land_minimum_dz,-29.34292603
0,2000-01-01,0,3410,-3.46399999,52.75699997,nearest_land_minimum_dz,1.44387817
0,2000-01-01,0,3414,-2.66300011,52.79399872,nearest_land_minimum_dz,1.16904449
0,2000-01-01,0,3453,-0.65399998,52.72700119,nearest_land_minimum_dz,-2.27653503
0,2000-01-01,0,3462,-0.45899999,52.61109924,nearest_land_minimum_dz,-0.61327362
0,2000-01-01,0,3469,0.14100000,52.87300110,nearest_land_minimum_dz,-0.01227856
0,2000-01-01,0,3482,0.56900001,52.65100098,nearest_land_minimum_dz,-0.48284531
0,2000-01-01,0,3488,1.12699997,52.94900131,nearest_land_minimum_dz,-1.49761391
0,2000-01-01,0,3492,1.30200005,52.62500000,nearest_land_minimum_dz,-0.58984756
0,2000-01-01,0,3495,1.35599995,52.75600052,nearest_land_minimum_dz,-0.03829765
0,2000-01-01,0,3496,1.69299996,52.68600082,nearest_land_minimum_dz,3.64717960
0,2000-01-01,0,3497,1.75000000,52.56700134,nearest_land_minimum_dz,0.09297943
0,2000-01-01,0,3501,-4.00099993,52.41699982,nearest_land_minimum_dz,1.57053375
0,2000-01-01,0,3502,-4.57100010,52.13899994,nearest_land_minimum_dz,-3.08613586
0,2000-01-01,0,3503,-3.94700003,52.34400177,nearest_land_minimum_dz,-13.17311859
0,2000-01-01,0,3507,-3.61400008,52.06299973,nearest_land_minimum_dz,-0.90658569
0,2000-01-01,0,3520,-2.88499999,52.24200058,nearest_land_minimum_dz,-0.54473877
0,2000-01-01,0,3522,-2.79999995,52.08300018,nearest_land_minimum_dz,1.38343048
0,2000-01-01,0,3527,-2.30500007,52.12099838,nearest_land_minimum_dz,2.74042511
0,2000-01-01,0,3529,-2.03999996,52.14799881,nearest_land_minimum_dz,-0.04530334
0,2000-01-01,0,3534,-1.74100006,52.45199966,nearest_land_minimum_dz,0.03801727
0,2000-01-01,0,3535,-1.68900001,52.47999954,nearest_land_minimum_dz,0.07405853
0,2000-01-01,0,3544,-1.33000004,52.35800171,nearest_land_minimum_dz,-0.38314819
0,2000-01-01,0,3559,-0.42100000,52.10400009,nearest_land_minimum_dz,0.10940933
0,2000-01-01,0,3560,-0.46399999,52.22499847,nearest_land_minimum_dz,-1.05115509
0,2000-01-01,0,3566,-0.11400000,52.35300064,nearest_land_minimum_dz,1.49504089
0,2000-01-01,0,3583,0.56110001,52.40940094,nearest_land_minimum_dz,-0.09970284
0,2000-01-01,0,3586,0.77399999,52.34000015,nearest_land_minimum_dz,-0.24820328
0,2000-01-01,0,3590,0.96100003,52.12300110,nearest_land_minimum_dz,2.07027435
0,2000-01-01,0,3604,-5.05499983,51.70800018,nearest_land_minimum_dz,-1.71865082
0,2000-01-01,0,3605,-4.36800003,51.71300125,nearest_land_minimum_dz,0.24629807
0,2000-01-01,0,3609,-3.98099995,51.56499863,nearest_land_minimum_dz,3.39394760
0,2000-01-01,0,3628,-2.57599998,51.52099991,nearest_land_minimum_dz,-0.68646622
0,2000-01-01,0,3629,-2.71600008,51.50600052,nearest_land_minimum_dz,-0.14278316
0,2000-01-01,0,3647,-1.69200003,51.86000061,nearest_land_minimum_dz,6.29443359
0,2000-01-01,0,3649,-1.57599998,51.75799942,nearest_land_minimum_dz,-0.20299530
0,2000-01-01,0,3658,-1.09700000,51.61999893,nearest_land_minimum_dz,0.07981491
0,2000-01-01,0,3660,-0.80199999,51.68000031,nearest_land_minimum_dz,5.04966736
0,2000-01-01,0,3670,-0.40000001,51.61690140,nearest_land_minimum_dz,1.79269409
0,2000-01-01,0,3672,-0.41499999,51.54800034,nearest_land_minimum_dz,-0.12701416
0,2000-01-01,0,3680,-0.36019999,51.80670166,nearest_land_minimum_dz,1.24987030
0,2000-01-01,0,3683,0.22499999,51.88000107,nearest_land_minimum_dz,-0.49806976
0,2000-01-01,0,3684,0.45300001,51.89599991,nearest_land_minimum_dz,0.40624237
0,2000-01-01,0,3693,0.82999998,51.55400085,nearest_land_minimum_dz,0.19520080
0,2000-01-01,0,3696,1.28299999,51.85400009,nearest_land_minimum_dz,0.09395313
0,2000-01-01,0,3705,-4.22100019,51.11800003,nearest_land_minimum_dz,-0.91180038
0,2000-01-01,0,3707,-4.14900017,51.08900070,nearest_land_minimum_dz,0.49032497
0,2000-01-01,0,3710,-3.60800004,51.08700180,nearest_land_minimum_dz,2.02471924
0,2000-01-01,0,3715,-3.34299994,51.40000153,nearest_land_minimum_dz,1.79019928
0,2000-01-01,0,3716,-3.44000006,51.40499878,nearest_land_minimum_dz,-1.30992126
0,2000-01-01,0,3717,-3.17799997,51.47800064,nearest_land_minimum_dz,-1.66582108
0,2000-01-01,0,3726,-2.59999990,51.46670151,nearest_land_minimum_dz,-1.19676590
0,2000-01-01,0,3740,-1.99240005,51.50310135,nearest_land_minimum_dz,-10.30389404
0,2000-01-01,0,3743,-1.80499995,51.20100021,nearest_land_minimum_dz,-0.69653320
0,2000-01-01,0,3746,-1.75399995,51.16099930,nearest_land_minimum_dz,-3.15905762
0,2000-01-01,0,3749,-1.57000005,51.14899826,nearest_land_minimum_dz,1.10009003
0,2000-01-01,0,3761,-0.94400001,51.23799896,nearest_land_minimum_dz,-1.86681366
0,2000-01-01,0,3763,-0.78399998,51.38999939,nearest_land_minimum_dz,-0.05978394
0,2000-01-01,0,3768,-0.77200001,51.27899933,nearest_land_minimum_dz,-0.43108368
0,2000-01-01,0,3769,-0.23330000,51.15000153,nearest_land_minimum_dz,-0.08130646
0,2000-01-01,0,3770,-0.13110000,51.50490189,nearest_land_minimum_dz,0.14445829
0,2000-01-01,0,3772,-0.44900000,51.47900009,nearest_land_minimum_dz,0.29112244
0,2000-01-01,0,3776,-0.19100000,51.15100098,nearest_land_minimum_dz,-0.09706497
0,2000-01-01,0,3779,-0.10800000,51.52099991,nearest_land_minimum_dz,4.99548340
0,2000-01-01,0,3780,-0.13500001,51.21500015,nearest_land_minimum_dz,-2.66491699
0,2000-01-01,0,3781,-0.09000000,51.30300140,nearest_land_minimum_dz,1.01808167
0,2000-01-01,0,3784,0.31400001,51.46400070,nearest_land_minimum_dz,0.00184822
0,2000-01-01,0,3791,0.74699998,51.44499969,nearest_land_minimum_dz,-4.17944145
0,2000-01-01,0,3796,1.34800005,51.13299942,nearest_land_minimum_dz,0.80244446
0,2000-01-01,0,3797,1.34609997,51.34220123,nearest_land_minimum_dz,11.41302109
0,2000-01-01,0,3803,-6.30100012,49.91299820,nearest_land_minimum_dz,19.15439224
0,2000-01-01,0,3808,-5.32999992,50.21799850,nearest_land_minimum_dz,0.88964844
0,2000-01-01,0,3809,-5.25699997,50.08499908,nearest_land_minimum_dz,0.51538086
0,2000-01-01,0,3810,-5.04699993,50.14500046,nearest_land_minimum_dz,-0.59174728
0,2000-01-01,0,3815,-5.20200014,49.95999908,nearest_land_minimum_dz,-4.57946014
0,2000-01-01,0,3817,-4.99900007,50.43799973,nearest_land_minimum_dz,-0.10363007
0,2000-01-01,0,3820,-4.62200022,50.64099884,nearest_land_minimum_dz,3.55310059
0,2000-01-01,0,3823,-4.66699982,50.50199890,nearest_land_minimum_dz,-6.20895386
0,2000-01-01,0,3827,-4.12099981,50.35400009,nearest_land_minimum_dz,1.57598495
0,2000-01-01,0,3830,-3.98600006,50.93199921,nearest_land_minimum_dz,18.32130432
0,2000-01-01,0,3831,-4.00799990,50.54899979,nearest_land_minimum_dz,8.06448364
0,2000-01-01,0,3837,-3.50900006,50.39699936,nearest_land_minimum_dz,-2.03349304
0,2000-01-01,0,3839,-3.40499997,50.73699951,nearest_land_minimum_dz,-0.82205582
0,2000-01-01,0,3840,-3.23900008,50.86000061,nearest_land_minimum_dz,-1.89140320
0,2000-01-01,0,3844,-3.40459991,50.73659897,nearest_land_minimum_dz,-0.82205582
0,2000-01-01,0,3853,-2.64000010,51.00600052,nearest_land_minimum_dz,0.28912163
0,2000-01-01,0,3857,-2.45400000,50.52199936,nearest_land_minimum_dz,0.52736664
0,2000-01-01,0,3858,-2.44899988,50.56499863,nearest_land_minimum_dz,-2.30468607
0,2000-01-01,0,3862,-1.83500004,50.77899933,nearest_land_minimum_dz,0.85712528
0,2000-01-01,0,3865,-1.40300000,50.90100098,nearest_land_minimum_dz,-0.69604301
0,2000-01-01,0,3866,-1.29700005,50.57699966,nearest_land_minimum_dz,-7.71617508
0,2000-01-01,0,3872,-0.92299998,50.81499863,nearest_land_minimum_dz,-0.19262934
0,2000-01-01,0,3874,-1.20799994,50.80699921,nearest_land_minimum_dz,1.06415844
0,2000-01-01,0,3876,-0.29200000,50.83599854,nearest_land_minimum_dz,0.83135223
0,2000-01-01,0,3882,0.31900001,50.88999939,nearest_land_minimum_dz,0.94950104
0,2000-01-01,0,3894,-2.59999990,49.43999863,nearest_land_minimum_dz,27.09052277
0,2000-01-01,0,3895,-2.19549990,49.20790100,nearest_land_minimum_dz,-2.64740753
0,2000-01-01,0,3896,-2.09999990,49.20000076,nearest_land_minimum_dz,-1.28610611
0,2000-01-01,0,3901,-7.59410000,54.32949829,nearest_land_minimum_dz,4.53430176
0,2000-01-01,0,3903,-7.65000010,54.40000153,nearest_land_minimum_dz,0.37221146
0,2000-01-01,0,3904,-7.57700014,54.70700073,nearest_land_minimum_dz,-2.14107513
0,2000-01-01,0,3907,-6.94920015,55.16040039,nearest_land_minimum_dz,-0.07477188
0,2000-01-01,0,3908,-7.00799990,55.05699921,nearest_land_minimum_dz,1.27279902
0,2000-01-01,0,3911,-6.81400013,54.72100067,nearest_land_minimum_dz,-0.55055237
0,2000-01-01,0,3914,-6.65500021,55.20800018,nearest_land_minimum_dz,-0.55982494
0,2000-01-01,0,3915,-6.45699978,54.86500168,nearest_land_minimum_dz,-0.19715118
0,2000-01-01,0,3916,-6.15299988,55.18099976,nearest_land_minimum_dz,-4.60748291
0,2000-01-01,0,3917,-6.22399998,54.66400146,nearest_land_minimum_dz,-3.77663422
0,2000-01-01,0,3923,-6.50199986,54.23699951,nearest_land_minimum_dz,0.55584717
0,2000-01-01,0,3927,-5.66699982,54.66400146,nearest_land_minimum_dz,2.05933094
0,2000-01-01,0,3928,-5.82999992,54.85200119,nearest_land_minimum_dz,-3.68133163
0,2000-01-01,0,3930,-2.55929995,51.55139923,nearest_land_minimum_dz,-1.16993713
0,2000-01-01,0,3931,1.16400003,52.45619965,nearest_land_minimum_dz,-0.80335236
0,2000-01-01,0,3952,-8.25000000,51.79899979,nearest_land_minimum_dz,0.21522522
0,2000-01-01,0,3953,-10.25000000,51.93299866,nearest_land_minimum_dz,-3.35288239
0,2000-01-01,0,3955,-8.49110031,51.84130096,nearest_land_minimum_dz,10.02761841
0,2000-01-01,0,3956,-6.50000000,52.29999924,nearest_land_minimum_dz,0.00000000
0,2000-01-01,0,3957,-6.33300018,52.25000000,nearest_land_minimum_dz,2.15503502
0,2000-01-01,0,3958,-8.27519989,52.13800049,nearest_land_minimum_dz,-14.95932770
0,2000-01-01,0,3960,-7.26599979,52.66600037,nearest_land_minimum_dz,-1.02069092
0,2000-01-01,0,3961,-6.91699982,52.86700058,nearest_land_minimum_dz,-0.71529770
0,2000-01-01,0,3962,-8.91600037,52.69900131,nearest_land_minimum_dz,-0.16897583
0,2000-01-01,0,3965,-7.88299990,53.08300018,nearest_land_minimum_dz,0.91830444
0,2000-01-01,0,3967,-6.43889999,53.30559921,nearest_land_minimum_dz,1.41045380
0,2000-01-01,0,3969,-6.25000000,53.43299866,nearest_land_minimum_dz,6.91389465
0,2000-01-01,0,3970,-8.98299980,53.71599960,nearest_land_minimum_dz,-0.11151123
0,2000-01-01,0,3971,-7.36600018,53.53300095,nearest_land_minimum_dz,-0.28214264
0,2000-01-01,0,3973,-8.81700039,53.90000153,nearest_land_minimum_dz,30.46026611
0,2000-01-01,0,3974,-7.23299980,54.18299866,nearest_land_minimum_dz,0.52787781
0,2000-01-01,0,3976,-10.00100040,54.23300171,nearest_land_minimum_dz,-0.07153225
0,2000-01-01,0,3978,-8.23299980,54.50000000,nearest_land_minimum_dz,-0.29733276
0,2000-01-01,0,3979,-7.31699991,54.04999924,nearest_land_minimum_dz,0.00000000
0,2000-01-01,0,3980,-7.33300018,55.36600113,nearest_land_minimum_dz,1.48152733
0,2000-01-01,0,3982,-6.33330011,53.36389923,nearest_land_minimum_dz,-0.49545670
0,2000-01-01,0,3985,-8.74870014,53.29869843,nearest_land_minimum_dz,0.39826202
0,2000-01-01,0,6030,9.84920025,57.09280014,nearest_land_minimum_dz,-0.16352654
0,2000-01-01,0,6043,10.51700020,57.40000153,nearest_land_minimum_dz,7.23766327
0,2000-01-01,0,6060,9.11670017,56.29999924,nearest_land_minimum_dz,-0.04468918
0,2000-01-01,0,6070,10.61699963,56.29999924,nearest_land_minimum_dz,-0.15428925
0,2000-01-01,0,6080,8.55340004,55.52590179,nearest_land_minimum_dz,-0.01316643
0,2000-01-01,0,6081,8.08329964,55.54999924,nearest_land_minimum_dz,9.68149662
0,2000-01-01,0,6120,10.33300018,55.48300171,nearest_land_minimum_dz,0.36842728
0,2000-01-01,0,6210,4.41699982,52.18299866,nearest_land_minimum_dz,0.18546832
0,2000-01-01,0,6235,4.78299999,52.91699982,nearest_land_minimum_dz,10.85053253
0,2000-01-01,0,6239,4.69610023,54.85390091,nearest_land_minimum_dz,23.00000000
0,2000-01-01,0,6240,4.76700020,52.29999924,nearest_land_minimum_dz,-4.00000000
0,2000-01-01,0,6242,4.90500021,53.23500061,nearest_land_minimum_dz,10.80541611
0,2000-01-01,0,6251,5.34999990,53.38999939,nearest_land_minimum_dz,0.29613286
0,2000-01-01,0,6252,3.22029996,53.21780014,nearest_land_minimum_dz,30.00000000
0,2000-01-01,0,6260,5.18300009,52.09999847,nearest_land_minimum_dz,-0.29448557
0,2000-01-01,0,6269,5.53299999,52.45000076,nearest_land_minimum_dz,-4.00000000
0,2000-01-01,0,6270,5.76700020,53.21699905,nearest_land_minimum_dz,-0.76067162
0,2000-01-01,0,6275,5.87220001,52.05500031,nearest_land_minimum_dz,-1.18057632
0,2000-01-01,0,6279,6.46670008,52.71670151,nearest_land_minimum_dz,-0.00171566
0,2000-01-01,0,6280,6.58300018,53.13299942,nearest_land_minimum_dz,0.16476274
0,2000-01-01,0,6290,6.90000010,52.26699829,nearest_land_minimum_dz,0.13592148
0,2000-01-01,0,6310,3.59999990,51.45000076,nearest_land_minimum_dz,8.16559982
0,2000-01-01,0,6321,3.27500010,51.99779892,nearest_land_minimum_dz,17.00000000
0,2000-01-01,0,6344,4.43720007,51.95959854,nearest_land_minimum_dz,-5.00000000
0,2000-01-01,0,6370,5.41699982,51.45000076,nearest_land_minimum_dz,0.36734200
0,2000-01-01,0,6380,5.78299999,50.91699982,nearest_land_minimum_dz,-2.48190308
0,2000-01-01,0,6407,2.87400007,51.19979858,nearest_land_minimum_dz,0.91651726
0,2000-01-01,0,6408,2.91669989,51.23329926,nearest_land_minimum_dz,2.08151579
0,2000-01-01,0,6432,3.83299994,50.56700134,nearest_land_minimum_dz,-0.33191681
0,2000-01-01,0,6447,4.34999990,50.79999924,nearest_land_minimum_dz,-0.43339539
0,2000-01-01,0,6449,4.44999981,50.46699905,nearest_land_minimum_dz,15.80882263
0,2000-01-01,0,6450,4.46700001,51.20000076,nearest_land_minimum_dz,0.04274750
0,2000-01-01,0,6451,4.53299999,50.90000153,nearest_land_minimum_dz,4.44325256
0,2000-01-01,0,6456,4.65000010,50.23300171,nearest_land_minimum_dz,0.74993896
0,2000-01-01,0,6476,5.40000010,50.03300095,nearest_land_minimum_dz,1.22009277
0,2000-01-01,0,6490,5.91699982,50.48300171,nearest_land_minimum_dz,-1.82199097
0,2000-01-01,0,6496,6.18300009,50.46699905,nearest_land_minimum_dz,-1.22454834
0,2000-01-01,0,6590,6.21600008,49.61600113,nearest_land_minimum_dz,2.22180176
0,2000-01-01,0,6660,8.56700039,47.38299942,nearest_land_minimum_dz,1.04119873
0,2000-01-01,0,6670,8.54920006,47.46469879,nearest_land_minimum_dz,-0.62747192
0,2000-01-01,0,6680,9.34360027,47.24940109,nearest_land_minimum_dz,326.89697266
0,2000-01-01,0,6700,6.13299990,46.25000000,nearest_land_minimum_dz,2.63702393
0,2000-01-01,0,6712,6.91669989,46.33330154,nearest_land_minimum_dz,1.23379517
0,2000-01-01,0,6720,7.33099985,46.22000122,nearest_land_minimum_dz,-26.26654053
0,2000-01-01,0,6730,7.98330021,46.54999924,nearest_land_minimum_dz,56.01098633
0,2000-01-01,0,6748,7.75000000,46.03300095,nearest_land_minimum_dz,54.15747070
0,2000-01-01,0,6760,8.77999973,46.16999817,nearest_land_minimum_dz,-25.48706055
0,2000-01-01,0,7002,1.60000002,50.73329926,nearest_land_minimum_dz,-0.47604370
0,2000-01-01,0,7005,1.83299994,50.13299942,nearest_land_minimum_dz,-1.99777985
0,2000-01-01,0,7015,3.08940005,50.56190109,nearest_land_minimum_dz,0.14559937
0,2000-01-01,0,7020,-1.93299997,49.71699905,nearest_land_minimum_dz,2.91885090
0,2000-01-01,0,7028,0.06670000,49.51670074,nearest_land_minimum_dz,8.17771912
0,2000-01-01,0,7037,1.18299997,49.38299942,nearest_land_minimum_dz,0.37356567
0,2000-01-01,0,7070,4.05000019,49.31000137,nearest_land_minimum_dz,-0.24865723
0,2000-01-01,0,7110,-4.41599989,48.44900131,nearest_land_minimum_dz,-3.73463440
0,2000-01-01,0,7127,-1.85000002,48.72000122,nearest_land_minimum_dz,0.03539658
0,2000-01-01,0,7130,-1.73479998,48.06949997,nearest_land_minimum_dz,0.29071808
0,2000-01-01,0,7145,2.00920010,48.77330017,nearest_land_minimum_dz,0.85910034
0,2000-01-01,0,7149,2.39299989,48.71699905,nearest_land_minimum_dz,-0.73903656
0,2000-01-01,0,7150,2.43799996,48.96469879,nearest_land_minimum_dz,-0.84113312
0,2000-01-01,0,7157,2.54999995,49.01279831,nearest_land_minimum_dz,-0.04134369
0,2000-01-01,0,7190,7.62820005,48.53829956,nearest_land_minimum_dz,-0.05654907
0,2000-01-01,0,7222,-1.60000002,47.16669846,nearest_land_minimum_dz,-0.41960907
0,2000-01-01,0,7249,1.75000000,47.98300171,nearest_land_minimum_dz,0.25528717
0,2000-01-01,0,7280,5.09000015,47.26890182,nearest_land_minimum_dz,0.23234558
0,2000-01-01,0,7299,7.52990007,47.58959961,nearest_land_minimum_dz,0.31314087
0,2000-01-01,0,7306,-1.37909997,46.70000076,nearest_land_minimum_dz,1.20517731
0,2000-01-01,0,7314,-1.41700006,46.04999924,nearest_land_minimum_dz,17.10408020
0,2000-01-01,0,7354,1.73070002,46.86220169,nearest_land_minimum_dz,-0.13238525
0,2000-01-01,0,7412,-0.31700000,45.66699982,nearest_land_minimum_dz,-0.27811241
0,2000-01-01,0,7434,1.17939997,45.86280060,nearest_land_minimum_dz,-0.25817871
0,2000-01-01,0,7460,3.16919994,45.78670120,nearest_land_minimum_dz,-0.22970581
0,2000-01-01,0,7475,4.29640007,45.54059982,nearest_land_minimum_dz,-0.94332886
0,2000-01-01,0,7480,4.93779993,45.72610092,nearest_land_minimum_dz,1.05903625
0,2000-01-01,0,7481,5.09079981,45.72639847,nearest_land_minimum_dz,0.00704956
0,2000-01-01,0,7486,5.33330011,45.36669922,nearest_land_minimum_dz,-1.09298706
0,2000-01-01,0,7491,5.86670017,45.63330078,nearest_land_minimum_dz,2.98182678
0,2000-01-01,0,10004,6.34999990,54.16669846,nearest_land_minimum_dz,0.00000000
0,2000-01-01,0,10015,7.89309978,54.17639923,nearest_land_minimum_dz,8.00000000
0,2000-01-01,0,10020,8.41250038,55.01250076,nearest_land_minimum_dz,21.14046288
0,2000-01-01,0,10046,10.14999962,54.34999847,nearest_land_minimum_dz,2.84250832
0,2000-01-01,0,10055,11.09000015,54.52999878,nearest_land_minimum_dz,-0.00333631
0,2000-01-01,0,10142,9.34000015,53.59379959,nearest_land_minimum_dz,9.24936771
0,2000-01-01,0,10147,9.98820019,53.63040161,nearest_land_minimum_dz,-0.07799530
0,2000-01-01,0,10156,10.69999981,53.81700134,nearest_land_minimum_dz,-0.48415470
0,2000-01-01,0,10224,8.80000019,53.04999924,nearest_land_minimum_dz,0.04855061
0,2000-01-01,0,10238,9.93299961,52.81700134,nearest_land_minimum_dz,0.12787628
0,2000-01-01,0,10253,11.13920021,52.97389984,nearest_land_minimum_dz,-0.10056686
0,2000-01-01,0,10314,7.53299999,52.33300018,nearest_land_minimum_dz,-0.42985153
0,2000-01-01,0,10315,7.68480015,52.13460159,nearest_land_minimum_dz,0.30460358
0,2000-01-01,0,10320,8.31700039,51.93299866,nearest_land_minimum_dz,0.18712616
0,2000-01-01,0,10338,9.68509960,52.46110153,nearest_land_minimum_dz,-0.11061478
0,2000-01-01,0,10400,6.76870012,51.29600143,nearest_land_minimum_dz,-0.14175797
0,2000-01-01,0,10401,6.13299990,51.20000076,nearest_land_minimum_dz,0.57703400
0,2000-01-01,0,10405,6.13299990,51.59999847,nearest_land_minimum_dz,-2.15183449
0,2000-01-01,0,10410,6.96600008,51.39899826,nearest_land_minimum_dz,3.00415039
0,2000-01-01,0,10506,6.87029982,50.36109924,nearest_land_minimum_dz,1.31597900
0,2000-01-01,0,10513,7.14270020,50.86589813,nearest_land_minimum_dz,1.33631134
0,2000-01-01,0,10607,6.69999981,49.84170151,nearest_land_minimum_dz,0.70919800
0,2000-01-01,0,10614,7.59999990,49.43669891,nearest_land_minimum_dz,-1.26240540
0,2000-01-01,0,10616,7.26389980,49.94869995,nearest_land_minimum_dz,10.64889526
0,2000-01-01,0,10635,8.44999981,50.21699905,nearest_land_minimum_dz,87.82446289
0,2000-01-01,0,10637,8.60000038,50.04999924,nearest_land_minimum_dz,0.05504608
0,2000-01-01,0,10648,9.10000038,49.71699905,nearest_land_minimum_dz,-4.44091797
0,2000-01-01,0,10708,7.11700010,49.21699905,nearest_land_minimum_dz,-0.49163818
0,2000-01-01,0,10727,8.36670017,49.03329849,nearest_land_minimum_dz,23.10115051
0,2000-01-01,0,10738,9.23299980,48.68299866,nearest_land_minimum_dz,-0.69247437
0,2000-01-01,0,10739,9.19999981,48.83330154,nearest_land_minimum_dz,-0.02816772
0,2000-01-01,0,16066,8.72809982,45.63059998,nearest_land_minimum_dz,0.08723450
0,2000-01-01,0,16080,9.27670002,45.44509888,nearest_land_minimum_dz,0.26925659
0,2000-01-01,0,99001,-3.48300004,50.40000153,nearest_land_minimum_dz,-0.24876785
0,2000-01-01,0,99003,-4.73299980,58.16699982,nearest_land_minimum_dz,-8.44200897
0,2000-01-01,0,99005,-4.23299980,56.93299866,nearest_land_minimum_dz,2.57174683
0,2000-01-01,0,99006,-5.43300009,56.45000076,nearest_land_minimum_dz,0.08556962
0,2000-01-01,0,99008,0.44999999,51.28300095,nearest_land_minimum_dz,-0.31932449
0,2000-01-01,0,99010,-2.38299990,57.45000076,nearest_land_minimum_dz,-15.84527588
0,2000-01-01,0,99014,-6.09999990,54.29999924,nearest_land_minimum_dz,-0.25119781
0,2000-01-01,0,99015,-6.18300009,54.06700134,nearest_land_minimum_dz,-0.04125404
0,2000-01-01,0,99016,-3.91700006,58.23300171,nearest_land_minimum_dz,-20.13954163
0,2000-01-01,0,99017,-1.58299994,50.66299820,nearest_land_minimum_dz,-13.15930939
0,2000-01-01,0,99018,-5.58300018,54.66699982,nearest_land_minimum_dz,0.01946640
0,2000-01-01,0,99019,-4.36700010,54.41699982,nearest_land_minimum_dz,0.22607422
0,2000-01-01,0,99020,-4.65000010,56.41699982,nearest_land_minimum_dz,-58.82055664
0,2000-01-01,0,99021,-2.51699996,53.61700058,nearest_land_minimum_dz,82.17382812
0,2000-01-01,0,99024,-3.86700010,55.86700058,nearest_land_minimum_dz,9.40298462
0,2000-01-01,0,99025,-1.25000000,52.83300018,nearest_land_minimum_dz,0.56880188
0,2000-01-01,0,99028,-1.93369997,52.47510147,nearest_land_minimum_dz,-0.62686157
0,2000-01-01,0,99029,-2.25139999,53.46670151,nearest_land_minimum_dz,-0.28765488
0,2000-01-01,0,99038,-2.16720009,51.89419937,nearest_land_minimum_dz,-1.00488663
0,2000-01-01,0,99040,-1.78550005,53.64559937,nearest_land_minimum_dz,-0.65574646
0,2000-01-01,0,99044,-1.48300004,53.38299942,nearest_land_minimum_dz,2.29794312
0,2000-01-01,0,99049,-1.58299994,54.76699829,nearest_land_minimum_dz,-0.01151276
0,2000-01-01,0,99053,-1.42519999,55.01729965,nearest_land_minimum_dz,0.33209419
0,2000-01-01,0,99055,-2.98300004,53.36700058,nearest_land_minimum_dz,0.20497894
0,2000-01-01,0,99057,-0.60000002,52.01699829,nearest_land_minimum_dz,0.19434357
0,2000-01-01,0,99058,-0.34999999,51.79999924,nearest_land_minimum_dz,1.24987030
0,2000-01-01,0,99059,-2.04999995,52.09999847,nearest_land_minimum_dz,0.27092743
0,2000-01-01,0,99060,-2.46700001,53.84999847,nearest_land_minimum_dz,4.10298157
0,2000-01-01,0,99062,-1.92620003,52.45600128,nearest_land_minimum_dz,-0.82307434
0,2000-01-01,0,99063,-2.18300009,53.59999847,nearest_land_minimum_dz,-8.18449402
0,2000-01-01,0,99068,-2.43300009,52.76699829,nearest_land_minimum_dz,-1.15685272
0,2000-01-01,0,99069,-1.68499994,55.21500015,nearest_land_minimum_dz,-12.48415947
0,2000-01-01,0,99070,-1.53299999,52.41699982,nearest_land_minimum_dz,1.95738220
0,2000-01-01,0,99077,-1.33299994,53.86700058,nearest_land_minimum_dz,-1.28125000
0,2000-01-01,0,99078,-0.23300000,52.40000153,nearest_land_minimum_dz,-0.64813232
0,2000-01-01,0,99079,-1.39419997,50.89250183,nearest_land_minimum_dz,0.30908394
0,2000-01-01,0,99080,-0.46700001,51.31700134,nearest_land_minimum_dz,0.55508804
0,2000-01-01,0,99081,-3.90000010,50.76699829,nearest_land_minimum_dz,-2.52247620
0,2000-01-01,0,99085,-3.47399998,50.72700119,nearest_land_minimum_dz,0.24512863
0,2000-01-01,0,99086,-5.75000000,54.66699982,nearest_land_minimum_dz,1.33376694
0,2000-01-01,0,99088,-4.56500006,55.47700119,nearest_land_minimum_dz,5.81484985
0,2000-01-01,0,99089,-3.39599991,57.01100159,nearest_land_minimum_dz,-44.69937134
0,2000-01-01,0,99090,-3.95000005,54.92499924,nearest_land_minimum_dz,-0.77724457
0,2000-01-01,0,99092,-5.30800009,57.61299896,nearest_land_minimum_dz,-26.90615082
0,2000-01-01,0,99093,-2.26999998,52.99000168,nearest_land_minimum_dz,-0.03147888
0,2000-01-01,0,99094,-3.97799993,50.70199966,nearest_land_minimum_dz,-0.56906128
0,2000-01-01,0,99095,-0.28999999,51.48199844,nearest_land_minimum_dz,-2.06900024
0,2000-01-01,0,99098,1.26699996,52.66699982,nearest_land_minimum_dz,-1.65995026
0,2000-01-01,0,99099,-0.44900000,51.47900009,nearest_land_minimum_dz,0.29112244
0,2000-01-01,0,99102,-0.66399997,51.49300003,nearest_land_minimum_dz,-1.30118752
0,2000-01-01,0,99107,-1.48300004,53.38299942,nearest_land_minimum_dz,-0.39636230
0,2000-01-01,0,99113,-2.70300007,53.77399826,nearest_land_minimum_dz,0.39281082
0,2000-01-01,0,99114,-5.82800007,54.60300064,nearest_land_minimum_dz,-1.55179214
0,2000-01-01,0,99115,-0.87900001,52.27299881,nearest_land_minimum_dz,1.57995605
0,2000-01-01,0,99116,-0.64099997,54.10499954,nearest_land_minimum_dz,0.75207520
0,2000-01-01,0,99117,-5.18400002,57.15599823,nearest_land_minimum_dz,-14.95050049
0,2000-01-01,0,99118,0.67400002,52.45899963,nearest_land_minimum_dz,-6.34815693
0,2000-01-01,0,99119,-0.84899998,51.17800140,nearest_land_minimum_dz,2.24679565
0,2000-01-01,0,99121,-6.25400019,55.04800034,nearest_land_minimum_dz,2.88156128
0,2000-01-01,0,99122,1.29600000,52.93299866,nearest_land_minimum_dz,0.63355255
0,2000-01-01,0,99123,0.10300000,52.24499893,nearest_land_minimum_dz,-4.47783661
0,2000-01-01,0,99124,0.56900001,52.25999832,nearest_land_minimum_dz,0.43526459
0,2000-01-01,0,99125,-4.37200022,57.46099854,nearest_land_minimum_dz,9.81878662
0,2000-01-01,0,99126,0.46200001,51.07699966,nearest_land_minimum_dz,-0.21908569
0,2000-01-01,0,99127,0.43200001,51.73300171,nearest_land_minimum_dz,-0.19567108
0,2000-01-01,0,99128,-2.21900010,51.60599899,nearest_land_minimum_dz,-1.83509827
0,2000-01-01,0,99129,-2.51699996,55.35800171,nearest_land_minimum_dz,-11.27560425
0,2000-01-01,0,99130,-5.82999992,54.24499893,nearest_land_minimum_dz,0.11916542
0,2000-01-01,0,99131,-6.96600008,54.88499832,nearest_land_minimum_dz,-6.61000061
0,2000-01-01,0,99132,-4.48400021,57.32899857,nearest_land_minimum_dz,-5.52650833
0,2000-01-01,0,99133,-2.21300006,57.18700027,nearest_land_minimum_dz,0.01914215
0,2000-01-01,0,99134,-4.22599983,55.60100174,nearest_land_minimum_dz,-1.36442566
0,2000-01-01,0,99135,-4.90999985,55.74800110,nearest_land_minimum_dz,2.01572323
0,2000-01-01,0,99136,0.65600002,52.82400131,nearest_land_minimum_dz,0.49216461
0,2000-01-01,0,99137,-3.45799994,54.64899826,nearest_land_minimum_dz,-0.28818893
0,2000-01-01,0,99138,-3.26699996,51.78300095,nearest_land_minimum_dz,3.33569336
0,2000-01-01,0,99139,-0.17800000,51.56000137,nearest_land_minimum_dz,35.60831451
0,2000-01-01,0,99141,-1.95299995,51.94800186,nearest_land_minimum_dz,-7.39756775
0,2000-01-01,0,99142,-0.42100000,54.27299881,nearest_land_minimum_dz,0.51532745
0,2000-01-01,0,99143,-3.07900000,54.61999893,nearest_land_minimum_dz,-3.51972961
0,2000-01-01,0,99144,-7.56099987,54.18899918,nearest_land_minimum_dz,3.09637451
0,2000-01-01,0,99145,-3.21900010,57.03749847,nearest_land_minimum_dz,15.22253418
0,2000-01-01,0,99146,-1.93299997,52.25000000,nearest_land_minimum_dz,3.98046875
0,2000-01-01,0,99147,-5.65000010,54.56700134,nearest_land_minimum_dz,1.36254215
0,2000-01-01,0,99148,1.28299999,52.16699982,nearest_land_minimum_dz,-0.20718765
0,2000-01-01,0,99149,-1.63300002,52.73300171,nearest_land_minimum_dz,0.32832336
0,2000-01-01,0,99150,-4.01700020,52.43299866,nearest_land_minimum_dz,0.50375175
0,2000-01-01,0,99151,-0.88300002,53.40000153,nearest_land_minimum_dz,22.88031006
0,2000-01-01,0,99152,-2.78299999,54.66699982,nearest_land_minimum_dz,-0.53840637
0,2000-01-01,0,99153,-5.01700020,58.06700134,nearest_land_minimum_dz,-10.84870911
0,2000-01-01,0,99154,0.03300000,51.06700134,nearest_land_minimum_dz,18.62460327
0,2000-01-01,0,99155,-2.43300009,52.78300095,nearest_land_minimum_dz,-1.15685272
0,2000-01-01,0,99157,-1.33299994,51.00000000,nearest_land_minimum_dz,0.42218018
0,2000-01-01,0,99158,-1.39999998,52.61700058,nearest_land_minimum_dz,-0.72489929
0,2000-01-01,0,99159,-1.95879996,50.61360168,nearest_land_minimum_dz,0.08498001
0,2000-01-01,0,99160,-3.18300009,51.48300171,nearest_land_minimum_dz,0.26808262
0,2000-01-01,0,99161,0.63300002,52.08300018,nearest_land_minimum_dz,0.31268311
0,2000-01-01,0,99162,-1.39999998,53.63299942,nearest_land_minimum_dz,2.06784058
0,2000-01-01,0,99163,-4.15000010,52.91699982,nearest_land_minimum_dz,-0.24516201
0,2000-01-01,0,99164,-2.95000005,52.58300018,nearest_land_minimum_dz,3.64739990
0,2000-01-01,0,99166,-1.39999998,52.00000000,nearest_land_minimum_dz,2.59513855
0,2000-01-01,0,99167,-2.10130000,54.30830002,nearest_land_minimum_dz,-25.64266968
0,2000-01-01,0,99168,-6.90000010,57.78300095,nearest_land_minimum_dz,-3.43348885
0,2000-01-01,0,99169,-2.76699996,53.84999847,nearest_land_minimum_dz,-0.10514450
0,2000-01-01,0,99170,-3.45029998,52.21530151,nearest_land_minimum_dz,0.23342896
0,2000-01-01,0,99171,-1.76699996,53.81700134,nearest_land_minimum_dz,-1.78169250
0,2000-01-01,0,99172,-2.78299999,54.26699829,nearest_land_minimum_dz,-0.23621464
0,2000-01-01,0,99173,-1.78299999,54.46699905,nearest_land_minimum_dz,0.40512848
0,2000-01-01,0,99174,-4.68300009,51.98300171,nearest_land_minimum_dz,-0.40609741
0,2000-01-01,0,99175,-6.00000000,54.81700134,nearest_land_minimum_dz,0.67658997
0,2000-01-01,0,99176,-2.91700006,51.71699905,nearest_land_minimum_dz,2.47170639
0,2000-01-01,0,99177,-1.76699996,54.06700134,nearest_land_minimum_dz,2.22094727
0,2000-01-01,0,99178,-0.64999998,53.63299942,nearest_land_minimum_dz,-0.87653732
0,2000-01-01,0,99179,-2.51699996,53.08300018,nearest_land_minimum_dz,0.57918930
0,2000-01-01,0,99180,-3.21700001,55.96699905,nearest_land_minimum_dz,1.77473831
0,2000-01-01,0,99182,0.60000002,51.13299942,nearest_land_minimum_dz,-1.44237137
0,2000-01-01,0,99183,-0.93300003,51.43299866,nearest_land_minimum_dz,0.19322968
0,2000-01-01,0,99184,-4.91699982,51.86700058,nearest_land_minimum_dz,-1.47025299
0,2000-01-01,0,99185,-0.41700000,50.93299866,nearest_land_minimum_dz,0.38371849
0,2000-01-01,0,99186,-2.57900000,55.23400116,nearest_land_minimum_dz,-6.60003662
0,2000-01-01,0,99187,-2.84999990,54.08300018,nearest_land_minimum_dz,-0.14606857
0,2000-01-01,0,99188,-6.51700020,55.23300171,nearest_land_minimum_dz,1.87013245
0,2000-01-01,0,99189,-1.60000002,52.20000076,nearest_land_minimum_dz,1.15966415
0,2000-01-01,0,99190,-4.54479980,50.82799911,nearest_land_minimum_dz,1.59145355
0,2000-01-01,0,99191,-5.37349987,57.18159866,nearest_land_minimum_dz,-2.39481926
0,2000-01-01,0,99192,-1.01699996,52.04999924,nearest_land_minimum_dz,0.65943909
0,2000-01-01,0,99193,-4.95739985,54.74280167,nearest_land_minimum_dz,5.61083603
0,2000-01-01,0,99194,-3.91470003,52.27159882,nearest_land_minimum_dz,-104.10623932
0,2000-01-01,0,99195,-3.48300004,51.91669846,nearest_land_minimum_dz,2.37896729
0,2000-01-01,0,99196,-1.91680002,55.52989960,nearest_land_minimum_dz,0.46575165
0,2000-01-01,0,99197,-0.38299999,51.41699982,nearest_land_minimum_dz,-0.04965305
0,2000-01-01,0,99198,-1.54999995,51.51699829,nearest_land_minimum_dz,-0.80673218
0,2000-01-01,0,99200,-4.30679989,55.90269852,nearest_land_minimum_dz,0.18158722
0,2000-01-01,0,99201,-3.98099995,51.60699844,nearest_land_minimum_dz,2.00720978
0,2000-01-01,0,99203,-0.00900000,51.53400040,nearest_land_minimum_dz,-0.57166386
0,2000-01-01,0,99204,-0.01700000,51.54199982,nearest_land_minimum_dz,0.05474281
0,2000-01-01,0,99205,-0.76700002,52.04999924,nearest_land_minimum_dz,13.51741028
0,2000-01-01,0,99206,-1.59899998,53.80799866,nearest_land_minimum_dz,3.44533539
0,2000-01-01,0,99207,-2.58570004,51.91120148,nearest_land_minimum_dz,-1.03554535
0,2000-01-01,0,99208,-2.21210003,53.44369888,nearest_land_minimum_dz,0.73543549
0,2000-01-01,0,99209,-1.90489995,52.48049927,nearest_land_minimum_dz,0.15002441
0,2000-01-01,0,99212,-1.16700006,50.83300018,nearest_land_minimum_dz,0.18536001
0,2000-01-01,0,99213,-0.36700001,53.75000000,nearest_land_minimum_dz,-0.00676012
0,2000-01-01,0,99214,-0.30000001,53.76699829,nearest_land_minimum_dz,0.00000000
0,2000-01-01,0,99220,1.16400003,52.45619965,nearest_land_minimum_dz,-0.80335236
0,2000-01-01,0,99223,-2.55929995,51.55139923,nearest_land_minimum_dz,-1.16993713
0,2000-01-01,0,99430,-0.34040001,51.42309952,nearest_land_minimum_dz,-0.44958973
0,2000-01-01,0,99557,-2.16700006,54.09999847,nearest_land_minimum_dz,0.78497314
0,2000-01-01,0,99578,-2.55679989,53.60789871,nearest_land_minimum_dz,0.40494537
0,2000-01-01,0,99674,-0.85000002,51.11700058,nearest_land_minimum_dz,-1.87200165
