attrs,values
units,"m/s"
model_var,""
dtime_units,"hour"
level_type,"isobaric"
time_type,"UT"
time_bounds,"[0, 0]"
level,time,dtime,id,lon,lat,wind_speed
0,2023-02-17 12:00:00,0,1124,12.46700001,64.16699982,
0,2023-02-17 12:00:00,0,2207,12.12199974,63.28300095,2.00000000
0,2023-02-17 12:00:00,0,2209,12.28299999,63.04999924,12.00000000
0,2023-02-17 12:00:00,0,2210,12.16699982,63.18299866,6.00000000
0,2023-02-17 12:00:00,0,2219,14.22099972,64.50399780,4.00000000
0,2023-02-17 12:00:00,0,2221,13.50000000,63.83300018,3.00000000
0,2023-02-17 12:00:00,0,2226,14.50000000,63.19599915,5.00000000
0,2023-02-17 12:00:00,0,2231,14.60000038,63.68299866,1.00000000
0,2023-02-17 12:00:00,0,2307,12.85000038,61.88299942,
0,2023-02-17 12:00:00,0,2308,12.67000008,62.45000076,2.00000000
0,2023-02-17 12:00:00,0,2317,13.61699963,62.09999847,2.00000000
0,2023-02-17 12:00:00,0,2319,13.85000038,62.75000000,0.00000000
0,2023-02-17 12:00:00,0,2321,14.03299999,61.25000000,0.00000000
0,2023-02-17 12:00:00,0,2325,14.14999962,62.50000000,4.00000000
0,2023-02-17 12:00:00,0,2327,14.40699959,62.04600143,3.00000000
0,2023-02-17 12:00:00,0,2329,15.00000000,61.66699982,1.00000000
0,2023-02-17 12:00:00,0,2403,13.11699963,58.70000076,3.00000000
0,2023-02-17 12:00:00,0,2407,13.70699978,60.67599869,2.00000000
0,2023-02-17 12:00:00,0,2408,12.08300018,59.21699905,3.00000000
0,2023-02-17 12:00:00,0,2411,12.63300037,59.66699982,3.00000000
0,2023-02-17 12:00:00,0,2417,13.14999962,58.75000000,8.00000000
0,2023-02-17 12:00:00,0,2418,13.33800030,59.44499969,5.00000000
0,2023-02-17 12:00:00,0,2423,13.11699963,59.86700058,2.00000000
0,2023-02-17 12:00:00,0,2426,13.80000019,60.15000153,2.00000000
0,2023-02-17 12:00:00,0,2429,14.18299961,59.66699982,4.00000000
0,2023-02-17 12:00:00,0,2441,14.50000000,60.96699905,4.00000000
0,2023-02-17 12:00:00,0,2452,14.89900017,59.29899979,3.00000000
0,2023-02-17 12:00:00,0,2500,11.00399971,58.89199829,13.00000000
0,2023-02-17 12:00:00,0,2501,11.06700039,58.58300018,14.00000000
0,2023-02-17 12:00:00,0,2505,11.33300018,58.09999847,12.00000000
0,2023-02-17 12:00:00,0,2513,11.99199963,57.71599960,6.00000000
0,2023-02-17 12:00:00,0,2516,11.60000038,57.63299942,14.00000000
0,2023-02-17 12:00:00,0,2518,11.89999962,57.30400085,13.00000000
0,2023-02-17 12:00:00,0,2520,12.71399975,58.42900085,8.00000000
0,2023-02-17 12:00:00,0,2526,12.28299999,57.66699982,10.00000000
0,2023-02-17 12:00:00,0,2536,13.16699982,57.78300095,5.00000000
0,2023-02-17 12:00:00,0,2539,12.78299999,57.11700058,2.00000000
0,2023-02-17 12:00:00,0,2540,12.19999981,58.59999847,2.00000000
0,2023-02-17 12:00:00,0,2542,13.03299999,58.31700134,6.00000000
0,2023-02-17 12:00:00,0,2544,14.51700020,58.51699829,3.00000000
0,2023-02-17 12:00:00,0,2545,14.56700039,58.56700134,7.00000000
0,2023-02-17 12:00:00,0,2546,14.38300037,58.88299942,3.00000000
0,2023-02-17 12:00:00,0,2548,14.41699982,58.09999847,8.00000000
0,2023-02-17 12:00:00,0,2549,14.46700001,57.50000000,6.00000000
0,2023-02-17 12:00:00,0,2550,14.06900024,57.75099945,6.00000000
0,2023-02-17 12:00:00,0,2556,14.13300037,57.29999924,3.00000000
0,2023-02-17 12:00:00,0,2605,12.55000019,56.45000076,
0,2023-02-17 12:00:00,0,2607,12.83300018,56.28300095,8.00000000
0,2023-02-17 12:00:00,0,2611,12.76700020,56.03300095,5.00000000
0,2023-02-17 12:00:00,0,2615,12.81700039,55.38399887,13.00000000
0,2023-02-17 12:00:00,0,2618,13.06000042,56.94900131,5.00000000
0,2023-02-17 12:00:00,0,2622,13.88300037,56.84999847,4.00000000
0,2023-02-17 12:00:00,0,2623,13.66699982,55.86299896,5.00000000
0,2023-02-17 12:00:00,0,2625,14.31700039,55.48300171,12.00000000
0,2023-02-17 12:00:00,0,2628,14.85000038,56.01699829,13.00000000
0,2023-02-17 12:00:00,0,2629,13.93299961,56.28300095,2.00000000
0,2023-02-17 12:00:00,0,2635,13.07400036,55.57099915,4.00000000
0,2023-02-17 12:00:00,0,2636,13.36699963,55.51699829,10.00000000
0,2023-02-17 12:00:00,0,2648,14.83300018,56.84999847,3.00000000
0,2023-02-17 12:00:00,0,3002,-0.85600001,60.74800110,11.30000019
0,2023-02-17 12:00:00,0,3005,-1.18299997,60.13299942,10.80000019
0,2023-02-17 12:00:00,0,3008,-1.62699997,59.52600098,12.89999962
0,2023-02-17 12:00:00,0,3017,-2.90100002,58.95399857,11.30000019
0,2023-02-17 12:00:00,0,3023,-7.38500023,57.35800171,10.30000019
0,2023-02-17 12:00:00,0,3026,-6.31699991,58.21699905,10.30000019
0,2023-02-17 12:00:00,0,3031,-4.89599991,57.72499847,11.30000019
0,2023-02-17 12:00:00,0,3034,-5.63299990,57.85900116,8.19999981
0,2023-02-17 12:00:00,0,3039,-5.68900013,57.41799927,13.39999962
0,2023-02-17 12:00:00,0,3041,-4.96899986,56.82199860,12.89999962
0,2023-02-17 12:00:00,0,3044,-4.44199991,58.28799820,11.80000019
0,2023-02-17 12:00:00,0,3047,-4.70800018,56.86700058,4.59999990
0,2023-02-17 12:00:00,0,3062,-3.96700001,57.81900024,9.80000019
0,2023-02-17 12:00:00,0,3063,-3.82800007,57.20600128,3.59999990
0,2023-02-17 12:00:00,0,3065,-3.64299989,57.11600113,26.20000076
0,2023-02-17 12:00:00,0,3066,-3.56399989,57.64599991,9.30000019
0,2023-02-17 12:00:00,0,3068,-3.32299995,57.71099854,11.80000019
0,2023-02-17 12:00:00,0,3072,-3.42100000,56.87900162,
0,2023-02-17 12:00:00,0,3075,-3.08999991,58.45399857,11.80000019
0,2023-02-17 12:00:00,0,3080,-2.84100008,57.07600021,9.80000019
0,2023-02-17 12:00:00,0,3088,-2.26600003,56.85200119,14.39999962
0,2023-02-17 12:00:00,0,3091,-2.20499992,57.20500183,14.39999962
0,2023-02-17 12:00:00,0,3100,-6.88299990,56.50000000,9.80000019
0,2023-02-17 12:00:00,0,3105,-6.25000000,55.68099976,8.19999981
0,2023-02-17 12:00:00,0,3111,-5.69700003,55.44100189,8.19999981
0,2023-02-17 12:00:00,0,3132,-4.93499994,54.85900116,7.19999981
0,2023-02-17 12:00:00,0,3134,-4.53200006,55.90700150,8.19999981
0,2023-02-17 12:00:00,0,3136,-4.58500004,55.51499939,5.09999990
0,2023-02-17 12:00:00,0,3144,-3.72900009,56.32600021,8.19999981
0,2023-02-17 12:00:00,0,3153,-4.00799990,54.80300140,9.30000019
0,2023-02-17 12:00:00,0,3155,-3.73600006,55.62699890,12.89999962
0,2023-02-17 12:00:00,0,3158,-2.38499999,55.70899963,9.80000019
0,2023-02-17 12:00:00,0,3162,-3.20700002,55.31200027,9.80000019
0,2023-02-17 12:00:00,0,3166,-3.34400010,55.92800140,9.80000019
0,2023-02-17 12:00:00,0,3171,-2.86299992,56.37699890,12.30000019
0,2023-02-17 12:00:00,0,3204,-4.63199997,54.08499908,8.69999981
0,2023-02-17 12:00:00,0,3210,-3.61500001,54.51800156,7.19999981
0,2023-02-17 12:00:00,0,3212,-3.15700006,54.61399841,7.69999981
0,2023-02-17 12:00:00,0,3214,-3.25799990,54.12500000,5.69999981
0,2023-02-17 12:00:00,0,3220,-2.96399999,54.93399811,
0,2023-02-17 12:00:00,0,3224,-2.55399990,55.04999924,12.89999962
0,2023-02-17 12:00:00,0,3225,-2.68499994,54.50199890,8.69999981
0,2023-02-17 12:00:00,0,3226,-2.41300011,54.57300186,11.80000019
0,2023-02-17 12:00:00,0,3227,-2.45099998,54.68399811,24.70000076
0,2023-02-17 12:00:00,0,3230,-2.27900004,55.28499985,4.59999990
0,2023-02-17 12:00:00,0,3238,-1.88199997,55.02000046,13.39999962
0,2023-02-17 12:00:00,0,3240,-1.60099995,55.42100143,15.89999962
0,2023-02-17 12:00:00,0,3257,-1.53299999,54.29700089,4.09999990
0,2023-02-17 12:00:00,0,3265,-1.38999999,54.20500183,9.30000019
0,2023-02-17 12:00:00,0,3275,-0.86400002,54.56299973,17.00000000
0,2023-02-17 12:00:00,0,3281,-0.67199999,54.35900116,11.80000019
0,2023-02-17 12:00:00,0,3292,-0.17600000,54.09400177,10.80000019
0,2023-02-17 12:00:00,0,3301,-4.37599993,53.25999832,6.19999981
0,2023-02-17 12:00:00,0,3302,-4.53599977,53.25199890,6.19999981
0,2023-02-17 12:00:00,0,3305,-3.94099998,53.09400177,13.89999962
0,2023-02-17 12:00:00,0,3313,-3.50900006,53.25899887,8.69999981
0,2023-02-17 12:00:00,0,3316,-3.05800009,53.49700165,8.69999981
0,2023-02-17 12:00:00,0,3318,-3.03299999,53.76699829,7.69999981
0,2023-02-17 12:00:00,0,3321,-2.98799992,53.17499924,9.30000019
0,2023-02-17 12:00:00,0,3330,-1.98099995,53.12799835,12.30000019
0,2023-02-17 12:00:00,0,3344,-1.86699998,53.81100082,8.69999981
0,2023-02-17 12:00:00,0,3346,-1.66700006,53.61199951,18.50000000
0,2023-02-17 12:00:00,0,3351,-2.38199997,53.36000061,10.30000019
0,2023-02-17 12:00:00,0,3354,-1.25000000,53.01699829,6.19999981
0,2023-02-17 12:00:00,0,3373,-0.54799998,53.30699921,
0,2023-02-17 12:00:00,0,3377,-0.51700002,53.18299866,9.80000019
0,2023-02-17 12:00:00,0,3379,-0.50400001,53.03099823,9.80000019
0,2023-02-17 12:00:00,0,3382,-0.44200000,53.87500000,7.19999981
0,2023-02-17 12:00:00,0,3385,0.15300000,53.47499847,9.30000019
0,2023-02-17 12:00:00,0,3391,-0.17299999,53.09400177,11.80000019
0,2023-02-17 12:00:00,0,3392,0.27100000,53.08800125,8.69999981
0,2023-02-17 12:00:00,0,3405,-4.74100018,52.78900146,7.19999981
0,2023-02-17 12:00:00,0,3409,-3.58299994,52.90700150,8.19999981
0,2023-02-17 12:00:00,0,3410,-3.46499991,52.75699997,9.30000019
0,2023-02-17 12:00:00,0,3414,-2.66499996,52.79499817,10.30000019
0,2023-02-17 12:00:00,0,3462,-0.46100000,52.61100006,10.30000019
0,2023-02-17 12:00:00,0,3469,0.13900000,52.87300110,10.80000019
0,2023-02-17 12:00:00,0,3482,0.56599998,52.65100098,11.30000019
0,2023-02-17 12:00:00,0,3488,1.12300003,52.94900131,12.30000019
0,2023-02-17 12:00:00,0,3502,-4.56699991,52.13299942,10.80000019
0,2023-02-17 12:00:00,0,3503,-3.94799995,52.34400177,6.69999981
0,2023-02-17 12:00:00,0,3507,-3.61500001,52.06299973,3.59999990
0,2023-02-17 12:00:00,0,3520,-2.88599992,52.24300003,8.19999981
0,2023-02-17 12:00:00,0,3522,-2.80200005,52.08000183,6.19999981
0,2023-02-17 12:00:00,0,3529,-2.04099989,52.14799881,7.19999981
0,2023-02-17 12:00:00,0,3535,-1.69099998,52.47999954,7.69999981
0,2023-02-17 12:00:00,0,3544,-1.33099997,52.35900116,9.80000019
0,2023-02-17 12:00:00,0,3560,-0.46500000,52.22700119,8.69999981
0,2023-02-17 12:00:00,0,3590,0.95700002,52.12400055,11.30000019
0,2023-02-17 12:00:00,0,3604,-5.05299997,51.70899963,8.19999981
0,2023-02-17 12:00:00,0,3605,-4.36700010,51.71400070,7.69999981
0,2023-02-17 12:00:00,0,3609,-3.98200011,51.56600189,12.30000019
0,2023-02-17 12:00:00,0,3647,-1.69299996,51.86100006,9.80000019
0,2023-02-17 12:00:00,0,3649,-1.57799995,51.75799942,6.19999981
0,2023-02-17 12:00:00,0,3658,-1.09899998,51.61999893,7.19999981
0,2023-02-17 12:00:00,0,3660,-0.80000001,51.68299866,
0,2023-02-17 12:00:00,0,3672,-0.41700000,51.54899979,8.69999981
0,2023-02-17 12:00:00,0,3680,-0.35800001,51.80599976,
0,2023-02-17 12:00:00,0,3684,0.45100001,51.89599991,7.69999981
0,2023-02-17 12:00:00,0,3693,0.82700002,51.55500031,7.19999981
0,2023-02-17 12:00:00,0,3707,-4.14900017,51.08900070,9.30000019
0,2023-02-17 12:00:00,0,3710,-3.60899997,51.08700180,4.59999990
0,2023-02-17 12:00:00,0,3716,-3.44099998,51.40499878,7.69999981
0,2023-02-17 12:00:00,0,3740,-1.99199998,51.50299835,
0,2023-02-17 12:00:00,0,3743,-1.81700003,51.20000076,7.69999981
0,2023-02-17 12:00:00,0,3746,-1.75500000,51.16199875,9.30000019
0,2023-02-17 12:00:00,0,3749,-1.57000005,51.15000153,7.19999981
0,2023-02-17 12:00:00,0,3761,-0.94499999,51.23899841,10.30000019
0,2023-02-17 12:00:00,0,3768,-0.76700002,51.28300095,
0,2023-02-17 12:00:00,0,3769,-0.22900000,51.14400101,5.69999981
0,2023-02-17 12:00:00,0,3770,-0.13100000,51.50500107,
0,2023-02-17 12:00:00,0,3772,-0.45100001,51.47900009,8.19999981
0,2023-02-17 12:00:00,0,3781,-0.08300000,51.29999924,7.19999981
0,2023-02-17 12:00:00,0,3796,1.35000002,51.13299942,8.69999981
0,2023-02-17 12:00:00,0,3797,1.33599997,51.34600067,9.80000019
0,2023-02-17 12:00:00,0,3803,-6.29600000,49.91400146,7.69999981
0,2023-02-17 12:00:00,0,3808,-5.32700014,50.21799850,5.69999981
0,2023-02-17 12:00:00,0,3809,-5.25699997,50.08399963,5.09999990
0,2023-02-17 12:00:00,0,3823,-4.66699982,50.50000000,7.69999981
0,2023-02-17 12:00:00,0,3827,-4.12099981,50.35499954,5.09999990
0,2023-02-17 12:00:00,0,3840,-3.23300004,50.86700058,5.69999981
0,2023-02-17 12:00:00,0,3844,-3.40400004,50.73699951,6.19999981
0,2023-02-17 12:00:00,0,3853,-2.64299989,51.00600052,7.69999981
0,2023-02-17 12:00:00,0,3857,-2.45000005,50.51699829,11.30000019
0,2023-02-17 12:00:00,0,3862,-1.83599997,50.77899933,8.19999981
0,2023-02-17 12:00:00,0,3866,-1.29999995,50.56700134,9.80000019
0,2023-02-17 12:00:00,0,3872,-0.92199999,50.81499863,8.69999981
0,2023-02-17 12:00:00,0,3876,-0.28299999,50.83300018,8.69999981
0,2023-02-17 12:00:00,0,3882,0.31700000,50.89899826,6.19999981
0,2023-02-17 12:00:00,0,3894,-2.59800005,49.43299866,7.69999981
0,2023-02-17 12:00:00,0,3895,-2.20000005,49.21699905,7.69999981
0,2023-02-17 12:00:00,0,3901,-7.59999990,54.33300018,4.59999990
0,2023-02-17 12:00:00,0,3904,-7.58300018,54.71699905,3.09999990
0,2023-02-17 12:00:00,0,3907,-6.94999981,55.16699982,6.69999981
0,2023-02-17 12:00:00,0,3911,-6.81500006,54.72100067,6.19999981
0,2023-02-17 12:00:00,0,3915,-6.46700001,54.86700058,2.59999990
0,2023-02-17 12:00:00,0,3916,-6.15000010,55.18299866,7.19999981
0,2023-02-17 12:00:00,0,3917,-6.22599983,54.66299820,4.59999990
0,2023-02-17 12:00:00,0,3923,-6.50400019,54.23699951,4.09999990
0,2023-02-17 12:00:00,0,3930,-2.55800009,51.55099869,10.30000019
0,2023-02-17 12:00:00,0,3931,1.16700006,52.45000076,10.80000019
0,2023-02-17 12:00:00,0,3951,-9.42899990,51.47700119,6.00000000
0,2023-02-17 12:00:00,0,3952,-8.25000000,51.79999924,7.00000000
0,2023-02-17 12:00:00,0,3953,-10.25000000,51.93299866,6.00000000
0,2023-02-17 12:00:00,0,3955,-8.48299980,51.84999847,6.00000000
0,2023-02-17 12:00:00,0,3956,-6.50000000,52.29999924,4.00000000
0,2023-02-17 12:00:00,0,3961,-6.91699982,52.86700058,6.00000000
0,2023-02-17 12:00:00,0,3962,-8.91699982,52.70000076,6.00000000
0,2023-02-17 12:00:00,0,3963,-9.89999962,53.31700134,5.00000000
0,2023-02-17 12:00:00,0,3966,-8.00000000,53.01699829,5.00000000
0,2023-02-17 12:00:00,0,3967,-6.43300009,53.29999924,8.00000000
0,2023-02-17 12:00:00,0,3969,-6.25000000,53.43299866,4.00000000
0,2023-02-17 12:00:00,0,3970,-8.98299980,53.71699905,2.00000000
0,2023-02-17 12:00:00,0,3971,-7.36700010,53.53300095,2.00000000
0,2023-02-17 12:00:00,0,3973,-8.81700039,53.90000153,5.00000000
0,2023-02-17 12:00:00,0,3976,-10.00000000,54.23300171,3.00000000
0,2023-02-17 12:00:00,0,3978,-8.25000000,54.50000000,5.00000000
0,2023-02-17 12:00:00,0,3979,-7.31699991,54.04999924,2.00000000
0,2023-02-17 12:00:00,0,3980,-7.33300018,55.36700058,7.00000000
0,2023-02-17 12:00:00,0,6005,-7.68300009,62.09999847,
0,2023-02-17 12:00:00,0,6009,-6.66699982,61.40000153,
0,2023-02-17 12:00:00,0,6011,-6.76499987,62.02299881,
0,2023-02-17 12:00:00,0,6012,-6.31699991,62.31700134,
0,2023-02-17 12:00:00,0,6019,8.64099979,56.92900085,17.50000000
0,2023-02-17 12:00:00,0,6021,8.60000038,57.11700058,16.50000000
0,2023-02-17 12:00:00,0,6030,9.85200024,57.09700012,14.89999962
0,2023-02-17 12:00:00,0,6031,9.94999981,57.18299866,7.19999981
0,2023-02-17 12:00:00,0,6032,10.33300018,57.38299942,12.89999962
0,2023-02-17 12:00:00,0,6033,9.96700001,57.59999847,15.89999962
0,2023-02-17 12:00:00,0,6041,10.63300037,57.73300171,12.30000019
0,2023-02-17 12:00:00,0,6044,10.31700039,56.98300171,18.00000000
0,2023-02-17 12:00:00,0,6049,10.10000038,56.56700134,12.89999962
0,2023-02-17 12:00:00,0,6052,8.21599960,56.70800018,18.00000000
0,2023-02-17 12:00:00,0,6055,8.11699963,56.36700058,19.00000000
0,2023-02-17 12:00:00,0,6056,8.66699982,56.38299942,15.89999962
0,2023-02-17 12:00:00,0,6058,8.14999962,56.00000000,12.89999962
0,2023-02-17 12:00:00,0,6060,9.11699963,56.29999924,14.89999962
0,2023-02-17 12:00:00,0,6065,9.51700020,56.70000076,13.39999962
0,2023-02-17 12:00:00,0,6068,9.18299961,56.09999847,12.30000019
0,2023-02-17 12:00:00,0,6070,10.62600040,56.30799866,7.69999981
0,2023-02-17 12:00:00,0,6072,10.13300037,56.29999924,8.69999981
0,2023-02-17 12:00:00,0,6073,10.51399994,56.09600067,10.30000019
0,2023-02-17 12:00:00,0,6074,10.13300037,56.08300018,9.30000019
0,2023-02-17 12:00:00,0,6079,11.51700020,56.71699905,11.30000019
0,2023-02-17 12:00:00,0,6080,8.56400013,55.52899933,13.39999962
0,2023-02-17 12:00:00,0,6081,8.09200001,55.55799866,18.50000000
0,2023-02-17 12:00:00,0,6082,8.63300037,55.96699905,10.80000019
0,2023-02-17 12:00:00,0,6093,8.66699982,55.29999924,14.39999962
0,2023-02-17 12:00:00,0,6096,8.56700039,55.18299866,15.39999962
0,2023-02-17 12:00:00,0,6102,9.78299999,55.86700058,7.19999981
0,2023-02-17 12:00:00,0,6104,9.16699982,55.74399948,12.89999962
0,2023-02-17 12:00:00,0,6108,9.33300018,55.43299866,14.89999962
0,2023-02-17 12:00:00,0,6109,9.11400032,55.47200012,8.19999981
0,2023-02-17 12:00:00,0,6110,9.26299953,55.22499847,13.89999962
0,2023-02-17 12:00:00,0,6119,9.98299980,54.84999847,15.89999962
0,2023-02-17 12:00:00,0,6120,10.33100033,55.47499847,8.19999981
0,2023-02-17 12:00:00,0,6123,9.88899994,55.24499893,14.39999962
0,2023-02-17 12:00:00,0,6124,10.56700039,55.01699829,11.30000019
0,2023-02-17 12:00:00,0,6126,10.43299961,55.31700134,9.80000019
0,2023-02-17 12:00:00,0,6135,11.38899994,55.32300186,7.69999981
0,2023-02-17 12:00:00,0,6136,11.33300018,55.25000000,8.19999981
0,2023-02-17 12:00:00,0,6138,11.00000000,54.81700134,13.89999962
0,2023-02-17 12:00:00,0,6141,11.32999992,54.82799911,11.30000019
0,2023-02-17 12:00:00,0,6147,12.18299961,54.88299942,13.89999962
0,2023-02-17 12:00:00,0,6149,11.96700001,54.56700134,10.80000019
0,2023-02-17 12:00:00,0,6151,11.13300037,55.16699982,13.39999962
0,2023-02-17 12:00:00,0,6154,11.86200047,55.20800018,9.30000019
0,2023-02-17 12:00:00,0,6156,11.58300018,55.73300171,8.69999981
0,2023-02-17 12:00:00,0,6159,10.86699963,55.75000000,16.50000000
0,2023-02-17 12:00:00,0,6168,12.34200001,56.11899948,4.59999990
0,2023-02-17 12:00:00,0,6169,11.28299999,56.01699829,14.39999962
0,2023-02-17 12:00:00,0,6170,12.13599968,55.58700180,8.19999981
0,2023-02-17 12:00:00,0,6174,12.14999962,55.40000153,6.69999981
0,2023-02-17 12:00:00,0,6180,12.64500046,55.61399841,9.80000019
0,2023-02-17 12:00:00,0,6181,12.53299999,55.76699829,7.19999981
0,2023-02-17 12:00:00,0,6183,12.71199989,55.53699875,13.89999962
0,2023-02-17 12:00:00,0,6188,12.41699982,55.88299942,7.69999981
0,2023-02-17 12:00:00,0,6190,14.75000000,55.06700134,9.30000019
0,2023-02-17 12:00:00,0,6193,14.77200031,55.29800034,9.30000019
0,2023-02-17 12:00:00,0,6201,2.93300009,54.31700134,16.00000000
0,2023-02-17 12:00:00,0,6203,3.34999990,52.36700058,14.00000000
0,2023-02-17 12:00:00,0,6204,3.63299990,53.26699829,16.00000000
0,2023-02-17 12:00:00,0,6205,3.81699991,55.41699982,18.00000000
0,2023-02-17 12:00:00,0,6207,4.96000004,53.61399841,17.00000000
0,2023-02-17 12:00:00,0,6208,5.94999981,53.50000000,14.00000000
0,2023-02-17 12:00:00,0,6211,2.95000005,53.81700134,15.00000000
0,2023-02-17 12:00:00,0,6212,4.15000010,52.91699982,
0,2023-02-17 12:00:00,0,6214,6.04199982,54.03699875,17.00000000
0,2023-02-17 12:00:00,0,6235,4.78100014,52.92699814,11.00000000
0,2023-02-17 12:00:00,0,6239,4.69600010,54.85400009,17.00000000
0,2023-02-17 12:00:00,0,6240,4.78999996,52.31700134,13.00000000
0,2023-02-17 12:00:00,0,6251,5.34999990,53.38299942,15.00000000
0,2023-02-17 12:00:00,0,6252,3.21700001,53.21699905,15.00000000
0,2023-02-17 12:00:00,0,6260,5.18300009,52.09999847,8.00000000
0,2023-02-17 12:00:00,0,6269,5.53299999,52.45000076,12.00000000
0,2023-02-17 12:00:00,0,6270,5.75199986,53.22299957,13.00000000
0,2023-02-17 12:00:00,0,6280,6.58300018,53.11700058,10.00000000
0,2023-02-17 12:00:00,0,6290,6.90000010,52.26699829,11.00000000
0,2023-02-17 12:00:00,0,6310,3.59599996,51.44100189,15.00000000
0,2023-02-17 12:00:00,0,6344,4.43300009,51.95000076,11.00000000
0,2023-02-17 12:00:00,0,6370,5.41699982,51.45000076,10.00000000
0,2023-02-17 12:00:00,0,6380,5.76200008,50.90499878,9.00000000
0,2023-02-17 12:00:00,0,6400,2.65000010,51.08300018,11.00000000
0,2023-02-17 12:00:00,0,6407,2.88299990,51.20000076,13.00000000
0,2023-02-17 12:00:00,0,6414,3.11700010,50.90000153,8.00000000
0,2023-02-17 12:00:00,0,6418,3.20000005,51.34999847,11.00000000
0,2023-02-17 12:00:00,0,6428,3.66700006,50.93299866,8.00000000
0,2023-02-17 12:00:00,0,6432,3.83299994,50.56700134,10.00000000
0,2023-02-17 12:00:00,0,6434,3.81699991,50.98300171,
0,2023-02-17 12:00:00,0,6438,4.36700010,51.31700134,9.00000000
0,2023-02-17 12:00:00,0,6439,4.51700020,51.06700134,
0,2023-02-17 12:00:00,0,6447,4.34999990,50.79999924,6.00000000
0,2023-02-17 12:00:00,0,6449,4.43300009,50.45000076,8.00000000
0,2023-02-17 12:00:00,0,6450,4.44999981,51.18299866,8.00000000
0,2023-02-17 12:00:00,0,6451,4.53299999,50.90000153,9.00000000
0,2023-02-17 12:00:00,0,6455,4.59999990,50.09999847,5.00000000
0,2023-02-17 12:00:00,0,6456,4.65000010,50.23300171,10.00000000
0,2023-02-17 12:00:00,0,6458,4.76700020,50.75000000,9.00000000
0,2023-02-17 12:00:00,0,6459,4.68300009,50.58300018,9.00000000
0,2023-02-17 12:00:00,0,6464,5.03299999,51.21699905,8.00000000
0,2023-02-17 12:00:00,0,6465,5.06699991,51.00000000,9.00000000
0,2023-02-17 12:00:00,0,6472,5.25000000,50.20000076,7.00000000
0,2023-02-17 12:00:00,0,6476,5.40399981,50.03900146,7.00000000
0,2023-02-17 12:00:00,0,6477,5.44999981,50.91699982,7.00000000
0,2023-02-17 12:00:00,0,6478,5.44999981,50.65000153,10.00000000
0,2023-02-17 12:00:00,0,6479,5.46700001,51.16699982,10.00000000
0,2023-02-17 12:00:00,0,6484,5.58300018,49.61700058,5.00000000
0,2023-02-17 12:00:00,0,6490,5.91699982,50.48300171,6.00000000
0,2023-02-17 12:00:00,0,6494,6.06699991,50.51699829,8.00000000
0,2023-02-17 12:00:00,0,6496,6.18300009,50.48300171,7.00000000
0,2023-02-17 12:00:00,0,6590,6.23299980,49.63299942,7.00000000
0,2023-02-17 12:00:00,0,6601,7.58400011,47.54100037,1.00000000
0,2023-02-17 12:00:00,0,6602,7.34899998,47.35200119,4.09999990
0,2023-02-17 12:00:00,0,6603,6.81699991,46.46699905,0.50000000
0,2023-02-17 12:00:00,0,6604,6.94999981,47.00000000,
0,2023-02-17 12:00:00,0,6605,7.05399990,47.13199997,8.69999981
0,2023-02-17 12:00:00,0,6606,7.05900002,47.04700089,3.09999990
0,2023-02-17 12:00:00,0,6608,6.97900009,47.04899979,3.09999990
0,2023-02-17 12:00:00,0,6609,7.01800013,46.54600143,6.19999981
0,2023-02-17 12:00:00,0,6610,6.94199991,46.81200027,4.09999990
0,2023-02-17 12:00:00,0,6612,6.79199982,47.08300018,3.59999990
0,2023-02-17 12:00:00,0,6613,7.65000010,46.59999847,1.50000000
0,2023-02-17 12:00:00,0,6614,7.01700020,46.11700058,1.00000000
0,2023-02-17 12:00:00,0,6615,7.23299980,46.06700134,1.00000000
0,2023-02-17 12:00:00,0,6616,6.94999981,47.43299866,3.59999990
0,2023-02-17 12:00:00,0,6617,6.61000013,46.98400116,4.09999990
0,2023-02-17 12:00:00,0,6618,6.56799984,46.73699951,3.59999990
0,2023-02-17 12:00:00,0,6619,6.57600021,46.84099960,2.09999990
0,2023-02-17 12:00:00,0,6620,8.61999989,47.68999863,5.69999981
0,2023-02-17 12:00:00,0,6621,9.28299999,47.59999847,5.09999990
0,2023-02-17 12:00:00,0,6623,9.02400017,47.65100098,8.19999981
0,2023-02-17 12:00:00,0,6624,8.46700001,47.70000076,5.09999990
0,2023-02-17 12:00:00,0,6625,7.11399984,46.77099991,5.09999990
0,2023-02-17 12:00:00,0,6626,7.97399998,47.36299896,4.59999990
0,2023-02-17 12:00:00,0,6627,7.13999987,46.47999954,0.50000000
0,2023-02-17 12:00:00,0,6628,7.26599979,46.74800110,4.09999990
0,2023-02-17 12:00:00,0,6631,7.46400023,46.99100113,3.09999990
0,2023-02-17 12:00:00,0,6632,7.41499996,47.17900085,4.09999990
0,2023-02-17 12:00:00,0,6633,8.08300018,47.38299942,2.59999990
0,2023-02-17 12:00:00,0,6635,7.60599995,47.11899948,6.19999981
0,2023-02-17 12:00:00,0,6636,7.28299999,46.98300171,3.09999990
0,2023-02-17 12:00:00,0,6637,8.16899967,46.73199844,1.50000000
0,2023-02-17 12:00:00,0,6638,7.80600023,46.93999863,2.59999990
0,2023-02-17 12:00:00,0,6639,7.93300009,47.00000000,6.69999981
0,2023-02-17 12:00:00,0,6640,7.06699991,46.65000153,4.09999990
0,2023-02-17 12:00:00,0,6641,7.87799978,47.57199860,0.50000000
0,2023-02-17 12:00:00,0,6642,9.75399971,46.62699890,0.50000000
0,2023-02-17 12:00:00,0,6643,7.78700018,47.25500107,4.59999990
0,2023-02-17 12:00:00,0,6644,8.23299980,47.24399948,2.09999990
0,2023-02-17 12:00:00,0,6645,7.88299990,47.43299866,1.50000000
0,2023-02-17 12:00:00,0,6646,8.23299980,47.56700134,1.50000000
0,2023-02-17 12:00:00,0,6647,8.22700024,47.53599930,
0,2023-02-17 12:00:00,0,6648,8.00500011,47.17900085,7.19999981
0,2023-02-17 12:00:00,0,6649,9.61299992,47.37699890,1.50000000
0,2023-02-17 12:00:00,0,6650,8.30099964,47.03599930,0.50000000
0,2023-02-17 12:00:00,0,6651,8.01200008,46.94699860,3.09999990
0,2023-02-17 12:00:00,0,6652,8.01700020,46.88299942,2.59999990
0,2023-02-17 12:00:00,0,6653,8.51700020,47.00000000,0.50000000
0,2023-02-17 12:00:00,0,6654,8.05000019,46.20000076,7.69999981
0,2023-02-17 12:00:00,0,6655,8.41100025,46.82199860,1.00000000
0,2023-02-17 12:00:00,0,6656,8.06099987,46.74100113,1.00000000
0,2023-02-17 12:00:00,0,6657,8.18999958,46.84899902,0.00000000
0,2023-02-17 12:00:00,0,6659,8.25199986,46.97900009,9.30000019
0,2023-02-17 12:00:00,0,6660,8.56599998,47.37799835,2.59999990
0,2023-02-17 12:00:00,0,6662,8.63700008,47.08100128,1.00000000
0,2023-02-17 12:00:00,0,6663,9.18299961,46.63299942,1.00000000
0,2023-02-17 12:00:00,0,6664,8.51799965,47.42800140,2.59999990
0,2023-02-17 12:00:00,0,6665,8.85900021,47.17900085,
0,2023-02-17 12:00:00,0,6666,8.18299961,47.59999847,2.59999990
0,2023-02-17 12:00:00,0,6668,8.59500027,46.69300079,1.00000000
0,2023-02-17 12:00:00,0,6669,8.39700031,47.48199844,6.69999981
0,2023-02-17 12:00:00,0,6670,8.53600025,47.47999954,2.09999990
0,2023-02-17 12:00:00,0,6671,8.98099995,47.66899872,7.69999981
0,2023-02-17 12:00:00,0,6672,8.62199974,46.88700104,0.50000000
0,2023-02-17 12:00:00,0,6673,8.67800045,47.22100067,0.50000000
0,2023-02-17 12:00:00,0,6674,8.46700001,47.18299866,1.50000000
0,2023-02-17 12:00:00,0,6675,8.75699997,47.13299942,1.50000000
0,2023-02-17 12:00:00,0,6678,9.26700020,47.50899887,6.69999981
0,2023-02-17 12:00:00,0,6679,8.90499973,47.47999954,4.59999990
0,2023-02-17 12:00:00,0,6680,9.34300041,47.24900055,14.39999962
0,2023-02-17 12:00:00,0,6681,9.39900017,47.42599869,5.09999990
0,2023-02-17 12:00:00,0,6682,9.17500019,46.92399979,1.00000000
0,2023-02-17 12:00:00,0,6683,8.93999958,47.22499847,2.59999990
0,2023-02-17 12:00:00,0,6685,9.06700039,47.03300095,0.50000000
0,2023-02-17 12:00:00,0,6686,9.50000000,47.01699829,1.50000000
0,2023-02-17 12:00:00,0,6687,9.21599960,47.12900162,1.00000000
0,2023-02-17 12:00:00,0,6688,9.18000031,46.84199905,8.19999981
0,2023-02-17 12:00:00,0,6689,8.93299961,47.36700058,7.69999981
0,2023-02-17 12:00:00,0,6690,9.56700039,47.48400116,3.59999990
0,2023-02-17 12:00:00,0,6693,9.10900021,47.27299881,1.50000000
0,2023-02-17 12:00:00,0,6695,8.58100033,46.63100052,1.00000000
0,2023-02-17 12:00:00,0,6700,6.12799978,46.24800110,1.00000000
0,2023-02-17 12:00:00,0,6702,6.09899998,46.42499924,7.69999981
0,2023-02-17 12:00:00,0,6703,6.31199980,46.66999817,2.59999990
0,2023-02-17 12:00:00,0,6704,6.34200001,46.52500153,3.59999990
0,2023-02-17 12:00:00,0,6705,6.22800016,46.40100098,1.00000000
0,2023-02-17 12:00:00,0,6707,6.71700001,46.61700058,4.59999990
0,2023-02-17 12:00:00,0,6708,6.85799980,46.57199860,5.09999990
0,2023-02-17 12:00:00,0,6709,6.85699987,46.39300156,0.50000000
0,2023-02-17 12:00:00,0,6710,7.08300018,47.18299866,6.19999981
0,2023-02-17 12:00:00,0,6711,6.66800022,46.51200104,1.00000000
0,2023-02-17 12:00:00,0,6712,6.91699982,46.33300018,1.00000000
0,2023-02-17 12:00:00,0,6713,7.09999990,46.38299942,2.59999990
0,2023-02-17 12:00:00,0,6714,7.20400000,46.32699966,1.50000000
0,2023-02-17 12:00:00,0,6715,7.02699995,46.18299866,3.09999990
0,2023-02-17 12:00:00,0,6716,7.62400007,46.14799881,2.09999990
0,2023-02-17 12:00:00,0,6717,7.17100000,45.86899948,7.19999981
0,2023-02-17 12:00:00,0,6720,7.32999992,46.21900177,1.50000000
0,2023-02-17 12:00:00,0,6721,8.19200039,46.36800003,2.09999990
0,2023-02-17 12:00:00,0,6722,7.50899982,46.11199951,1.50000000
0,2023-02-17 12:00:00,0,6723,7.26900005,46.09899902,1.00000000
0,2023-02-17 12:00:00,0,6724,7.46099997,46.29899979,1.00000000
0,2023-02-17 12:00:00,0,6725,7.82299995,46.42100143,0.50000000
0,2023-02-17 12:00:00,0,6727,7.84999990,46.29999924,1.50000000
0,2023-02-17 12:00:00,0,6728,7.83699989,46.19499969,
0,2023-02-17 12:00:00,0,6730,7.98299980,46.54999924,7.19999981
0,2023-02-17 12:00:00,0,6731,7.58300018,46.75000000,0.50000000
0,2023-02-17 12:00:00,0,6733,7.38299990,46.63299942,3.09999990
0,2023-02-17 12:00:00,0,6734,7.86700010,46.66699982,2.59999990
0,2023-02-17 12:00:00,0,6735,7.56099987,46.49200058,2.59999990
0,2023-02-17 12:00:00,0,6739,8.09300041,46.42699814,3.59999990
0,2023-02-17 12:00:00,0,6740,8.43299961,46.76699829,9.80000019
0,2023-02-17 12:00:00,0,6744,8.33300018,46.57199860,1.50000000
0,2023-02-17 12:00:00,0,6745,8.31700039,46.50000000,1.50000000
0,2023-02-17 12:00:00,0,6747,7.81500006,45.95700073,
0,2023-02-17 12:00:00,0,6748,7.75299978,46.02899933,3.09999990
0,2023-02-17 12:00:00,0,6749,7.78599977,45.98400116,2.09999990
0,2023-02-17 12:00:00,0,6750,8.61499977,46.65200043,4.59999990
0,2023-02-17 12:00:00,0,6751,8.51700020,46.45000076,1.00000000
0,2023-02-17 12:00:00,0,6752,8.60000038,46.31700134,2.59999990
0,2023-02-17 12:00:00,0,6753,8.68299961,46.51699829,2.59999990
0,2023-02-17 12:00:00,0,6754,8.92500019,46.40999985,4.09999990
0,2023-02-17 12:00:00,0,6756,8.93599987,46.45899963,2.09999990
0,2023-02-17 12:00:00,0,6758,9.16699982,46.25000000,1.50000000
0,2023-02-17 12:00:00,0,6759,8.80000019,46.20000076,2.59999990
0,2023-02-17 12:00:00,0,6760,8.78699970,46.17200089,1.50000000
0,2023-02-17 12:00:00,0,6762,8.93400002,46.15999985,1.50000000
0,2023-02-17 12:00:00,0,6770,8.96700001,46.00000000,1.00000000
0,2023-02-17 12:00:00,0,6771,8.93200016,45.84299850,3.09999990
0,2023-02-17 12:00:00,0,6774,9.66699982,46.46699905,1.00000000
0,2023-02-17 12:00:00,0,6777,9.01700020,45.93299866,2.59999990
0,2023-02-17 12:00:00,0,6778,10.26700020,46.64799881,4.59999990
0,2023-02-17 12:00:00,0,6779,9.76200008,46.43199921,1.00000000
0,2023-02-17 12:00:00,0,6780,9.80599976,46.83300018,4.09999990
0,2023-02-17 12:00:00,0,6782,8.85299969,46.70700073,1.50000000
0,2023-02-17 12:00:00,0,6783,9.18299961,46.46699905,3.09999990
0,2023-02-17 12:00:00,0,6784,9.84399986,46.81299973,3.09999990
0,2023-02-17 12:00:00,0,6785,9.67899990,46.79199982,1.00000000
0,2023-02-17 12:00:00,0,6786,9.53100014,46.86999893,1.50000000
0,2023-02-17 12:00:00,0,6787,9.43200016,46.61000061,1.00000000
0,2023-02-17 12:00:00,0,6788,9.62800026,46.35300064,1.00000000
0,2023-02-17 12:00:00,0,6789,9.21500015,46.77500153,
0,2023-02-17 12:00:00,0,6790,9.66699982,46.98300171,1.50000000
0,2023-02-17 12:00:00,0,6791,9.81700039,46.41699982,4.09999990
0,2023-02-17 12:00:00,0,6792,9.87899971,46.52600098,4.59999990
0,2023-02-17 12:00:00,0,6793,9.55399990,46.75500107,3.09999990
0,2023-02-17 12:00:00,0,6794,10.06299973,46.34700012,2.09999990
0,2023-02-17 12:00:00,0,6795,9.52900028,46.57699966,2.59999990
0,2023-02-17 12:00:00,0,6796,10.42599964,46.60200119,1.00000000
0,2023-02-17 12:00:00,0,6797,10.01900005,46.40900040,11.30000019
0,2023-02-17 12:00:00,0,6798,10.28299999,46.79999924,1.50000000
0,2023-02-17 12:00:00,0,6799,10.26099968,46.81700134,5.69999981
0,2023-02-17 12:00:00,0,6846,9.51700020,46.71699905,
0,2023-02-17 12:00:00,0,6848,9.50000000,46.96699905,
0,2023-02-17 12:00:00,0,6990,9.51799965,47.12699890,2.09999990
0,2023-02-17 12:00:00,0,7002,1.60000002,50.73300171,9.80000019
0,2023-02-17 12:00:00,0,7003,1.62300003,50.51399994,5.09999990
0,2023-02-17 12:00:00,0,7005,1.83399999,50.13600159,11.80000019
0,2023-02-17 12:00:00,0,7010,2.33299994,51.04999924,9.80000019
0,2023-02-17 12:00:00,0,7015,3.09800005,50.56999969,8.69999981
0,2023-02-17 12:00:00,0,7019,-1.26699996,49.70000076,10.30000019
0,2023-02-17 12:00:00,0,7020,-1.94000006,49.72499847,8.19999981
0,2023-02-17 12:00:00,0,7022,-1.50000000,49.65000153,9.30000019
0,2023-02-17 12:00:00,0,7024,-1.46700001,49.65000153,9.80000019
0,2023-02-17 12:00:00,0,7027,-0.44999999,49.18299866,8.69999981
0,2023-02-17 12:00:00,0,7028,0.06700000,49.50000000,9.80000019
0,2023-02-17 12:00:00,0,7029,-0.76700002,49.34999847,9.80000019
0,2023-02-17 12:00:00,0,7031,0.16700000,49.34999847,7.19999981
0,2023-02-17 12:00:00,0,7034,-1.79999995,49.36700058,8.69999981
0,2023-02-17 12:00:00,0,7037,1.18200004,49.38299942,7.69999981
0,2023-02-17 12:00:00,0,7038,1.22200000,49.02500153,6.69999981
0,2023-02-17 12:00:00,0,7040,1.10000002,49.93299866,8.69999981
0,2023-02-17 12:00:00,0,7046,0.09200000,49.53300095,7.19999981
0,2023-02-17 12:00:00,0,7055,2.12700009,49.44599915,7.19999981
0,2023-02-17 12:00:00,0,7061,3.20600009,49.81800079,8.69999981
0,2023-02-17 12:00:00,0,7072,4.15000010,49.21699905,6.19999981
0,2023-02-17 12:00:00,0,7075,4.64300013,49.78300095,3.59999990
0,2023-02-17 12:00:00,0,7093,6.24300003,48.97900009,7.69999981
0,2023-02-17 12:00:00,0,7100,-5.05000019,48.48300171,6.19999981
0,2023-02-17 12:00:00,0,7106,-4.15000010,48.53300095,6.19999981
0,2023-02-17 12:00:00,0,7109,-4.43300009,48.28300095,5.69999981
0,2023-02-17 12:00:00,0,7110,-4.38299990,48.45000076,5.09999990
0,2023-02-17 12:00:00,0,7116,-4.01700020,48.75000000,5.69999981
0,2023-02-17 12:00:00,0,7117,-3.47300005,48.82600021,6.69999981
0,2023-02-17 12:00:00,0,7118,-3.46700001,48.75000000,6.19999981
0,2023-02-17 12:00:00,0,7120,-2.84999990,48.53300095,4.59999990
0,2023-02-17 12:00:00,0,7125,-2.08299994,48.58300018,3.59999990
0,2023-02-17 12:00:00,0,7130,-1.73300004,48.06700134,3.09999990
0,2023-02-17 12:00:00,0,7133,-1.61699998,48.83300018,3.59999990
0,2023-02-17 12:00:00,0,7134,-0.75000000,48.03300095,4.09999990
0,2023-02-17 12:00:00,0,7139,0.11700000,48.45000076,5.69999981
0,2023-02-17 12:00:00,0,7140,1.38300002,48.06700134,5.09999990
0,2023-02-17 12:00:00,0,7143,1.50000000,48.46699905,3.09999990
0,2023-02-17 12:00:00,0,7145,2.00000000,48.76699829,3.59999990
0,2023-02-17 12:00:00,0,7146,2.11700010,48.75000000,4.59999990
0,2023-02-17 12:00:00,0,7147,2.20000005,48.76699829,4.59999990
0,2023-02-17 12:00:00,0,7149,2.38400006,48.71699905,5.09999990
0,2023-02-17 12:00:00,0,7150,2.43300009,48.96699905,5.09999990
0,2023-02-17 12:00:00,0,7153,2.68300009,48.61700058,6.69999981
0,2023-02-17 12:00:00,0,7156,2.33299994,48.81700134,2.59999990
0,2023-02-17 12:00:00,0,7157,2.53299999,49.01699829,5.69999981
0,2023-02-17 12:00:00,0,7168,4.01999998,48.32500076,5.69999981
0,2023-02-17 12:00:00,0,7180,6.22100019,48.68799973,3.59999990
0,2023-02-17 12:00:00,0,7181,5.96000004,48.58100128,7.19999981
0,2023-02-17 12:00:00,0,7190,7.63999987,48.54899979,5.09999990
0,2023-02-17 12:00:00,0,7197,7.40000010,47.93299866,7.19999981
0,2023-02-17 12:00:00,0,7201,-4.16699982,47.96699905,4.59999990
0,2023-02-17 12:00:00,0,7203,-3.50000000,47.65000153,6.19999981
0,2023-02-17 12:00:00,0,7205,-3.45000005,47.76699829,6.19999981
0,2023-02-17 12:00:00,0,7207,-3.21799994,47.29399872,4.09999990
0,2023-02-17 12:00:00,0,7217,-2.16700006,47.31700134,4.59999990
0,2023-02-17 12:00:00,0,7222,-1.60000002,47.15000153,3.59999990
0,2023-02-17 12:00:00,0,7230,-0.60000002,47.48300171,3.59999990
0,2023-02-17 12:00:00,0,7235,0.18300000,47.93299866,3.59999990
0,2023-02-17 12:00:00,0,7240,0.73299998,47.45000076,3.59999990
0,2023-02-17 12:00:00,0,7245,1.21700001,47.68299866,6.19999981
0,2023-02-17 12:00:00,0,7247,1.68299997,47.29999924,3.59999990
0,2023-02-17 12:00:00,0,7249,1.78299999,47.98300171,6.69999981
0,2023-02-17 12:00:00,0,7255,2.36700010,47.04999924,4.59999990
0,2023-02-17 12:00:00,0,7257,2.65000010,47.04999924,5.69999981
0,2023-02-17 12:00:00,0,7260,3.09999990,47.00000000,3.09999990
0,2023-02-17 12:00:00,0,7266,3.54999995,47.81700134,3.59999990
0,2023-02-17 12:00:00,0,7280,5.08300018,47.26699829,4.09999990
0,2023-02-17 12:00:00,0,7283,5.33300018,47.84999847,3.59999990
0,2023-02-17 12:00:00,0,7288,5.98299980,47.25000000,4.09999990
0,2023-02-17 12:00:00,0,7292,6.36399984,47.78699875,3.59999990
0,2023-02-17 12:00:00,0,7296,6.83300018,47.65000153,3.59999990
0,2023-02-17 12:00:00,0,7299,7.51000023,47.61399841,2.09999990
0,2023-02-17 12:00:00,0,7300,-2.33299994,46.70000076,2.59999990
0,2023-02-17 12:00:00,0,7306,-1.38300002,46.70000076,3.09999990
0,2023-02-17 12:00:00,0,7311,-1.56700003,46.25000000,5.69999981
0,2023-02-17 12:00:00,0,7314,-1.41199994,46.04700089,3.09999990
0,2023-02-17 12:00:00,0,7316,-1.18299997,46.16699982,3.09999990
0,2023-02-17 12:00:00,0,7330,-0.40000001,46.31700134,3.59999990
0,2023-02-17 12:00:00,0,7335,0.31700000,46.59999847,5.69999981
0,2023-02-17 12:00:00,0,7354,1.73300004,46.86700058,6.69999981
0,2023-02-17 12:00:00,0,7361,1.95000005,46.18299866,3.09999990
0,2023-02-17 12:00:00,0,7374,3.40000010,46.16699982,2.09999990
0,2023-02-17 12:00:00,0,7379,4.01700020,46.41699982,3.09999990
0,2023-02-17 12:00:00,0,7385,4.80000019,46.29999924,1.50000000
0,2023-02-17 12:00:00,0,7386,5.42700005,47.04399872,5.69999981
0,2023-02-17 12:00:00,0,7412,-0.31700000,45.66699982,3.09999990
0,2023-02-17 12:00:00,0,7428,0.81699997,45.20000076,2.09999990
0,2023-02-17 12:00:00,0,7434,1.17499995,45.86100006,3.09999990
0,2023-02-17 12:00:00,0,7438,1.46700001,45.15000153,1.00000000
0,2023-02-17 12:00:00,0,7460,3.16700006,45.78300095,1.50000000
0,2023-02-17 12:00:00,0,7471,3.76699996,45.08300018,3.09999990
0,2023-02-17 12:00:00,0,7475,4.30000019,45.53300095,0.50000000
0,2023-02-17 12:00:00,0,7480,4.93300009,45.71699905,0.50000000
0,2023-02-17 12:00:00,0,7481,5.08300018,45.73300171,1.00000000
0,2023-02-17 12:00:00,0,7482,5.33300018,45.98300171,1.00000000
0,2023-02-17 12:00:00,0,7486,5.33300018,45.36700058,1.00000000
0,2023-02-17 12:00:00,0,7491,5.88299990,45.63299942,1.50000000
0,2023-02-17 12:00:00,0,7497,6.76700020,45.61700058,1.00000000
0,2023-02-17 12:00:00,0,10007,7.46700001,54.18299866,
0,2023-02-17 12:00:00,0,10015,7.90000010,54.18299866,13.00000000
0,2023-02-17 12:00:00,0,10020,8.41199970,55.01100159,15.00000000
0,2023-02-17 12:00:00,0,10022,8.94999981,54.78300095,11.00000000
0,2023-02-17 12:00:00,0,10028,8.60000038,54.33300018,16.00000000
0,2023-02-17 12:00:00,0,10033,9.50599957,54.82699966,18.00000000
0,2023-02-17 12:00:00,0,10035,9.54899979,54.52700043,10.00000000
0,2023-02-17 12:00:00,0,10037,9.52000046,54.45700073,15.00000000
0,2023-02-17 12:00:00,0,10038,9.53299999,54.31700134,10.00000000
0,2023-02-17 12:00:00,0,10042,10.01700020,54.63299942,15.00000000
0,2023-02-17 12:00:00,0,10044,10.26700020,54.50000000,21.00000000
0,2023-02-17 12:00:00,0,10046,10.14299965,54.37699890,11.00000000
0,2023-02-17 12:00:00,0,10055,11.06099987,54.52799988,13.00000000
0,2023-02-17 12:00:00,0,10091,13.43299961,54.68299866,13.00000000
0,2023-02-17 12:00:00,0,10093,13.47700024,54.36399841,7.00000000
0,2023-02-17 12:00:00,0,10097,13.90999985,54.24399948,13.00000000
0,2023-02-17 12:00:00,0,10113,7.15199995,53.71200180,12.00000000
0,2023-02-17 12:00:00,0,10124,8.12800026,53.86299896,23.00000000
0,2023-02-17 12:00:00,0,10126,7.66699982,53.54999924,10.00000000
0,2023-02-17 12:00:00,0,10129,8.58300018,53.53300095,13.00000000
0,2023-02-17 12:00:00,0,10130,9.01700020,54.06700134,15.00000000
0,2023-02-17 12:00:00,0,10131,8.69999981,53.86700058,13.00000000
0,2023-02-17 12:00:00,0,10136,8.65799999,53.76499939,12.00000000
0,2023-02-17 12:00:00,0,10139,9.13300037,53.45000076,10.00000000
0,2023-02-17 12:00:00,0,10142,9.56700039,53.98300171,5.00000000
0,2023-02-17 12:00:00,0,10146,9.88300037,53.73300171,8.00000000
0,2023-02-17 12:00:00,0,10147,9.98799992,53.63299942,9.00000000
0,2023-02-17 12:00:00,0,10150,10.35000038,54.16699982,11.00000000
0,2023-02-17 12:00:00,0,10152,10.88300037,54.08300018,8.00000000
0,2023-02-17 12:00:00,0,10156,10.69900036,53.80199814,7.00000000
0,2023-02-17 12:00:00,0,10161,11.19099998,54.00299835,11.00000000
0,2023-02-17 12:00:00,0,10162,11.38700008,53.64199829,10.00000000
0,2023-02-17 12:00:00,0,10168,12.10299969,53.60599899,9.00000000
0,2023-02-17 12:00:00,0,10170,12.08100033,54.18000031,8.00000000
0,2023-02-17 12:00:00,0,10172,12.27900028,53.91600037,8.00000000
0,2023-02-17 12:00:00,0,10180,12.71700001,54.33300018,9.00000000
0,2023-02-17 12:00:00,0,10184,13.39999962,54.09999847,8.00000000
0,2023-02-17 12:00:00,0,10193,14.06700039,53.75000000,8.00000000
0,2023-02-17 12:00:00,0,10200,7.23299980,53.38299942,9.00000000
0,2023-02-17 12:00:00,0,10210,7.90000010,53.06700134,13.00000000
0,2023-02-17 12:00:00,0,10224,8.79800034,53.04499817,13.00000000
0,2023-02-17 12:00:00,0,10235,9.79300022,52.95999908,10.00000000
0,2023-02-17 12:00:00,0,10238,9.92500019,52.81499863,4.00000000
0,2023-02-17 12:00:00,0,10246,10.18900013,52.91600037,10.00000000
0,2023-02-17 12:00:00,0,10249,10.68299961,53.38299942,9.00000000
0,2023-02-17 12:00:00,0,10253,11.13300037,52.96699905,7.00000000
0,2023-02-17 12:00:00,0,10261,11.73299980,52.88299942,9.00000000
0,2023-02-17 12:00:00,0,10264,11.93200016,53.32199860,8.00000000
0,2023-02-17 12:00:00,0,10267,12.41699982,52.93299866,9.00000000
0,2023-02-17 12:00:00,0,10268,12.66699982,53.51699829,6.00000000
0,2023-02-17 12:00:00,0,10281,13.30399990,53.59999847,9.00000000
0,2023-02-17 12:00:00,0,10282,13.41699982,53.31700134,8.00000000
0,2023-02-17 12:00:00,0,10289,13.93299961,53.31700134,9.00000000
0,2023-02-17 12:00:00,0,10291,13.98299980,53.03300095,7.00000000
0,2023-02-17 12:00:00,0,10304,7.31699991,52.71599960,7.00000000
0,2023-02-17 12:00:00,0,10309,6.93300009,52.08300018,7.00000000
0,2023-02-17 12:00:00,0,10310,8.28299999,52.11700058,
0,2023-02-17 12:00:00,0,10312,8.16699982,52.31700134,10.00000000
0,2023-02-17 12:00:00,0,10315,7.69999981,52.13299942,12.00000000
0,2023-02-17 12:00:00,0,10321,8.35000038,52.58300018,10.00000000
0,2023-02-17 12:00:00,0,10325,8.75199986,52.10400009,7.00000000
0,2023-02-17 12:00:00,0,10334,9.43299961,52.46699905,10.00000000
0,2023-02-17 12:00:00,0,10335,9.08300018,52.28300095,12.00000000
0,2023-02-17 12:00:00,0,10338,9.67800045,52.46400070,9.00000000
0,2023-02-17 12:00:00,0,10343,10.02999973,52.59600067,11.00000000
0,2023-02-17 12:00:00,0,10348,10.44600010,52.29100037,9.00000000
0,2023-02-17 12:00:00,0,10356,11.17599964,52.15999985,
0,2023-02-17 12:00:00,0,10359,11.39999962,52.51699829,7.00000000
0,2023-02-17 12:00:00,0,10361,11.58300018,52.10300064,5.00000000
0,2023-02-17 12:00:00,0,10365,12.16699982,52.38299942,7.00000000
0,2023-02-17 12:00:00,0,10368,12.46700001,52.11700058,8.00000000
0,2023-02-17 12:00:00,0,10376,13.50000000,52.06100082,8.00000000
0,2023-02-17 12:00:00,0,10379,13.06200027,52.38100052,7.00000000
0,2023-02-17 12:00:00,0,10381,13.30000019,52.45000076,7.00000000
0,2023-02-17 12:00:00,0,10384,13.39999962,52.46699905,5.00000000
0,2023-02-17 12:00:00,0,10385,13.53100014,52.38100052,9.00000000
0,2023-02-17 12:00:00,0,10393,14.11999989,52.20899963,7.00000000
0,2023-02-17 12:00:00,0,10396,14.55000019,52.54999924,8.00000000
0,2023-02-17 12:00:00,0,10400,6.76700020,51.29999924,11.00000000
0,2023-02-17 12:00:00,0,10410,6.96799994,51.40399933,7.00000000
0,2023-02-17 12:00:00,0,10418,7.65000010,51.25000000,10.00000000
0,2023-02-17 12:00:00,0,10424,7.88299990,51.58300018,10.00000000
0,2023-02-17 12:00:00,0,10427,8.48299980,51.18299866,13.00000000
0,2023-02-17 12:00:00,0,10430,8.83899975,51.78499985,9.00000000
0,2023-02-17 12:00:00,0,10433,9.26700020,51.86700058,9.00000000
0,2023-02-17 12:00:00,0,10435,9.11699963,51.50000000,9.00000000
0,2023-02-17 12:00:00,0,10439,9.27999973,51.11899948,8.00000000
0,2023-02-17 12:00:00,0,10441,9.36699963,51.28300095,6.00000000
0,2023-02-17 12:00:00,0,10442,9.80000019,51.96699905,7.00000000
0,2023-02-17 12:00:00,0,10444,9.94999981,51.50000000,5.00000000
0,2023-02-17 12:00:00,0,10449,10.31200027,51.39300156,10.00000000
0,2023-02-17 12:00:00,0,10452,10.60200024,51.72299957,6.00000000
0,2023-02-17 12:00:00,0,10453,10.61800003,51.79899979,24.00000000
0,2023-02-17 12:00:00,0,10454,10.76700020,51.84999847,8.00000000
0,2023-02-17 12:00:00,0,10458,11.13300037,51.65000153,9.00000000
0,2023-02-17 12:00:00,0,10460,11.30000019,51.36700058,9.00000000
0,2023-02-17 12:00:00,0,10469,12.23999977,51.43500137,12.00000000
0,2023-02-17 12:00:00,0,10471,12.44999981,51.31700134,5.00000000
0,2023-02-17 12:00:00,0,10474,12.64500046,51.88899994,6.00000000
0,2023-02-17 12:00:00,0,10476,13.16699982,51.76599884,10.00000000
0,2023-02-17 12:00:00,0,10480,13.10000038,51.29999924,9.00000000
0,2023-02-17 12:00:00,0,10488,13.75399971,51.12799835,8.00000000
0,2023-02-17 12:00:00,0,10490,13.56700039,51.65000153,7.00000000
0,2023-02-17 12:00:00,0,10495,14.25000000,51.45000076,8.00000000
0,2023-02-17 12:00:00,0,10496,14.31700039,51.78300095,6.00000000
0,2023-02-17 12:00:00,0,10499,14.94999981,51.16699982,6.00000000
0,2023-02-17 12:00:00,0,10500,6.03900003,50.95899963,10.00000000
0,2023-02-17 12:00:00,0,10502,6.65999985,50.82899857,12.00000000
0,2023-02-17 12:00:00,0,10505,6.01700020,50.79999924,10.00000000
0,2023-02-17 12:00:00,0,10506,6.86700010,50.36700058,7.00000000
0,2023-02-17 12:00:00,0,10513,7.15000010,50.86700058,6.00000000
0,2023-02-17 12:00:00,0,10519,7.20400000,50.72900009,8.00000000
0,2023-02-17 12:00:00,0,10520,7.41699982,50.41699982,5.00000000
0,2023-02-17 12:00:00,0,10526,7.96000004,50.66199875,5.00000000
0,2023-02-17 12:00:00,0,10532,8.64999962,50.59999847,8.00000000
0,2023-02-17 12:00:00,0,10534,9.22500038,50.50799942,8.00000000
0,2023-02-17 12:00:00,0,10537,9.01700020,50.75000000,8.00000000
0,2023-02-17 12:00:00,0,10540,10.36699963,51.00000000,7.00000000
0,2023-02-17 12:00:00,0,10542,9.73799992,50.85200119,8.00000000
0,2023-02-17 12:00:00,0,10544,9.94299984,50.49700165,12.00000000
0,2023-02-17 12:00:00,0,10548,10.37699986,50.56200027,6.00000000
0,2023-02-17 12:00:00,0,10552,10.77000046,50.65399933,7.00000000
0,2023-02-17 12:00:00,0,10554,10.96700001,50.98300171,12.00000000
0,2023-02-17 12:00:00,0,10557,11.13300037,50.50000000,8.00000000
0,2023-02-17 12:00:00,0,10564,11.80000019,50.56700134,9.00000000
0,2023-02-17 12:00:00,0,10565,11.93299961,51.08300018,6.00000000
0,2023-02-17 12:00:00,0,10567,12.13300037,50.88299942,9.00000000
0,2023-02-17 12:00:00,0,10569,12.13000011,50.48199844,7.00000000
0,2023-02-17 12:00:00,0,10574,12.61100006,50.43099976,6.00000000
0,2023-02-17 12:00:00,0,10577,12.87199974,50.79100037,12.00000000
0,2023-02-17 12:00:00,0,10578,12.94999981,50.43299866,17.00000000
0,2023-02-17 12:00:00,0,10579,13.14700031,50.65100098,6.00000000
0,2023-02-17 12:00:00,0,10582,13.75000000,50.73300171,8.00000000
0,2023-02-17 12:00:00,0,10591,14.21700001,50.93299866,4.00000000
0,2023-02-17 12:00:00,0,10609,6.66699982,49.75000000,7.00000000
0,2023-02-17 12:00:00,0,10613,7.05900002,50.17399979,8.00000000
0,2023-02-17 12:00:00,0,10615,7.05000019,49.76699829,7.00000000
0,2023-02-17 12:00:00,0,10616,7.26700020,49.95000076,9.00000000
0,2023-02-17 12:00:00,0,10618,7.32600021,49.69300079,8.00000000
0,2023-02-17 12:00:00,0,10628,7.95499992,49.98600006,6.00000000
0,2023-02-17 12:00:00,0,10635,8.44699955,50.22200012,5.00000000
0,2023-02-17 12:00:00,0,10637,8.52099991,50.02600098,9.00000000
0,2023-02-17 12:00:00,0,10641,8.78600025,50.09000015,6.00000000
0,2023-02-17 12:00:00,0,10646,9.41699982,50.01699829,6.00000000
0,2023-02-17 12:00:00,0,10648,9.10000038,49.71699905,7.00000000
0,2023-02-17 12:00:00,0,10655,9.95699978,49.77000046,9.00000000
0,2023-02-17 12:00:00,0,10658,10.07900047,50.22399902,10.00000000
0,2023-02-17 12:00:00,0,10671,10.96700001,50.29999924,5.00000000
0,2023-02-17 12:00:00,0,10675,10.91699982,49.86700058,3.00000000
0,2023-02-17 12:00:00,0,10685,11.88300037,50.31700134,9.00000000
0,2023-02-17 12:00:00,0,10686,11.97399998,50.03099823,10.00000000
0,2023-02-17 12:00:00,0,10688,12.18299961,49.66699982,4.00000000
0,2023-02-17 12:00:00,0,10704,6.68699980,49.26399994,8.00000000
0,2023-02-17 12:00:00,0,10706,7.03299999,49.46699905,8.00000000
0,2023-02-17 12:00:00,0,10708,7.09999990,49.21699905,8.00000000
0,2023-02-17 12:00:00,0,10724,8.12100029,49.37599945,14.00000000
0,2023-02-17 12:00:00,0,10729,8.55799961,49.50600052,5.00000000
0,2023-02-17 12:00:00,0,10731,8.33300018,48.96699905,9.00000000
0,2023-02-17 12:00:00,0,10733,8.89999962,49.29999924,7.00000000
0,2023-02-17 12:00:00,0,10736,8.87300014,48.97200012,7.00000000
0,2023-02-17 12:00:00,0,10738,9.22399998,48.68799973,7.00000000
0,2023-02-17 12:00:00,0,10739,9.19999981,48.83300018,5.00000000
0,2023-02-17 12:00:00,0,10742,9.51700020,49.20000076,4.00000000
0,2023-02-17 12:00:00,0,10743,9.96700001,49.38899994,11.00000000
0,2023-02-17 12:00:00,0,10747,9.68299961,48.91699982,4.00000000
0,2023-02-17 12:00:00,0,10756,10.36699963,49.16699982,7.00000000
0,2023-02-17 12:00:00,0,10761,10.93299961,49.01699829,7.00000000
0,2023-02-17 12:00:00,0,10763,11.05500031,49.50299835,7.00000000
0,2023-02-17 12:00:00,0,10765,11.10000038,49.21699905,7.00000000
0,2023-02-17 12:00:00,0,10771,11.90200043,49.42800140,5.00000000
0,2023-02-17 12:00:00,0,10776,12.10200024,49.04199982,5.00000000
0,2023-02-17 12:00:00,0,10777,11.43299961,48.95000076,6.00000000
0,2023-02-17 12:00:00,0,10782,12.68299961,49.38299942,5.00000000
0,2023-02-17 12:00:00,0,10788,12.56000042,48.82799911,1.00000000
0,2023-02-17 12:00:00,0,10791,13.13300037,49.11700058,15.00000000
0,2023-02-17 12:00:00,0,10796,13.23900032,49.02799988,1.00000000
0,2023-02-17 12:00:00,0,10803,7.83400011,48.02299881,8.00000000
0,2023-02-17 12:00:00,0,10805,7.82800007,48.36500168,7.00000000
0,2023-02-17 12:00:00,0,10815,8.40900040,48.45399857,6.00000000
0,2023-02-17 12:00:00,0,10818,8.75500011,48.10499954,6.00000000
0,2023-02-17 12:00:00,0,10827,8.94999981,48.16699982,5.00000000
0,2023-02-17 12:00:00,0,10836,9.86499977,48.66600037,9.00000000
0,2023-02-17 12:00:00,0,10837,9.91699982,48.21699905,7.00000000
0,2023-02-17 12:00:00,0,10840,9.91699982,48.43299866,5.00000000
0,2023-02-17 12:00:00,0,10850,10.70600033,48.79199982,8.00000000
0,2023-02-17 12:00:00,0,10852,10.94200039,48.42499924,9.00000000
0,2023-02-17 12:00:00,0,10853,11.21500015,48.70899963,7.00000000
0,2023-02-17 12:00:00,0,10856,10.85000038,48.18299866,9.00000000
0,2023-02-17 12:00:00,0,10860,11.53600025,48.71099854,8.00000000
0,2023-02-17 12:00:00,0,10863,11.69999981,48.40000153,10.00000000
0,2023-02-17 12:00:00,0,10865,11.55000019,48.16699982,7.00000000
0,2023-02-17 12:00:00,0,10870,11.81700039,48.34999847,13.00000000
0,2023-02-17 12:00:00,0,10872,12.53899956,48.65900040,10.00000000
0,2023-02-17 12:00:00,0,10875,12.50199986,48.27899933,9.00000000
0,2023-02-17 12:00:00,0,10895,13.35000038,48.54999924,2.00000000
0,2023-02-17 12:00:00,0,10908,8.00000000,47.86700058,12.00000000
0,2023-02-17 12:00:00,0,10929,9.13099957,47.69499969,5.00000000
0,2023-02-17 12:00:00,0,10945,10.03299999,47.79999924,8.00000000
0,2023-02-17 12:00:00,0,10946,10.33500004,47.72299957,6.00000000
0,2023-02-17 12:00:00,0,10948,10.27600002,47.39799881,1.00000000
0,2023-02-17 12:00:00,0,10954,10.86699963,47.83399963,11.00000000
0,2023-02-17 12:00:00,0,10961,10.98499966,47.42100143,9.00000000
0,2023-02-17 12:00:00,0,10962,11.01700020,47.79999924,9.00000000
0,2023-02-17 12:00:00,0,10963,11.06700039,47.48300171,3.00000000
0,2023-02-17 12:00:00,0,10982,12.53999996,47.88399887,6.00000000
0,2023-02-17 12:00:00,0,11001,13.66699982,48.09999847,9.00000000
0,2023-02-17 12:00:00,0,11008,14.00399971,48.56700134,5.00000000
0,2023-02-17 12:00:00,0,11010,14.18299961,48.23300171,3.00000000
0,2023-02-17 12:00:00,0,11012,14.13099957,48.05500031,8.00000000
0,2023-02-17 12:00:00,0,11018,14.89999962,48.11700058,2.00000000
0,2023-02-17 12:00:00,0,11025,14.88300037,48.70000076,6.00000000
0,2023-02-17 12:00:00,0,11051,13.03299999,48.21699905,5.00000000
0,2023-02-17 12:00:00,0,11053,13.48299980,48.21699905,2.00000000
0,2023-02-17 12:00:00,0,11055,13.43299961,48.46699905,1.00000000
0,2023-02-17 12:00:00,0,11059,14.06700039,48.16699982,5.00000000
0,2023-02-17 12:00:00,0,11060,14.28499985,48.29600143,2.00000000
0,2023-02-17 12:00:00,0,11101,9.74600029,47.49900055,3.00000000
0,2023-02-17 12:00:00,0,11105,9.61699963,47.26699829,2.00000000
0,2023-02-17 12:00:00,0,11110,10.23299980,47.13299942,8.00000000
0,2023-02-17 12:00:00,0,11112,10.31700039,46.98300171,8.00000000
0,2023-02-17 12:00:00,0,11119,11.18299961,47.31700134,1.00000000
0,2023-02-17 12:00:00,0,11120,11.35000038,47.26699829,2.00000000
0,2023-02-17 12:00:00,0,11121,11.35000038,47.25000000,1.00000000
0,2023-02-17 12:00:00,0,11126,11.46700001,47.21699905,7.00000000
0,2023-02-17 12:00:00,0,11127,11.02400017,46.86700058,2.00000000
0,2023-02-17 12:00:00,0,11129,11.51700020,47.00000000,2.00000000
0,2023-02-17 12:00:00,0,11130,12.16699982,47.58300018,2.00000000
0,2023-02-17 12:00:00,0,11136,12.18299961,47.23300171,1.00000000
0,2023-02-17 12:00:00,0,11138,12.63300037,47.13299942,2.00000000
0,2023-02-17 12:00:00,0,11140,12.69999981,47.58300018,1.00000000
0,2023-02-17 12:00:00,0,11141,13.21700001,47.40000153,0.00000000
0,2023-02-17 12:00:00,0,11148,13.64999962,47.09999847,1.00000000
0,2023-02-17 12:00:00,0,11149,13.56700039,47.25000000,5.00000000
0,2023-02-17 12:00:00,0,11150,13.00899982,47.78900146,3.00000000
0,2023-02-17 12:00:00,0,11152,13.10000038,47.98300171,4.00000000
0,2023-02-17 12:00:00,0,11153,13.34700012,47.85100174,1.00000000
0,2023-02-17 12:00:00,0,11155,13.71800041,47.81700134,9.00000000
0,2023-02-17 12:00:00,0,11157,14.13799953,47.53300095,1.00000000
0,2023-02-17 12:00:00,0,11161,14.94999981,47.51699829,3.00000000
0,2023-02-17 12:00:00,0,11201,12.41699982,46.75000000,4.00000000
0,2023-02-17 12:00:00,0,11204,12.81700039,46.83300018,1.00000000
0,2023-02-17 12:00:00,0,11208,13.43299961,47.38299942,0.00000000
0,2023-02-17 12:00:00,0,11213,13.88300037,46.61700058,1.00000000
0,2023-02-17 12:00:00,0,11214,14.91699982,46.93299866,2.00000000
0,2023-02-17 12:00:00,0,11220,14.41699982,47.06700134,0.00000000
0,2023-02-17 12:00:00,0,11225,14.18299961,46.84999847,1.00000000
0,2023-02-17 12:00:00,0,11227,14.10000038,46.71699905,1.00000000
0,2023-02-17 12:00:00,0,11229,14.83300018,46.76699829,1.00000000
0,2023-02-17 12:00:00,0,11231,14.33699989,46.64300156,2.00000000
0,2023-02-17 12:00:00,0,11232,14.76700020,46.56700134,1.00000000
0,2023-02-17 12:00:00,0,11265,13.66699982,46.59999847,9.00000000
0,2023-02-17 12:00:00,0,11266,11.69999981,47.50000000,0.00000000
0,2023-02-17 12:00:00,0,11272,13.48299980,46.78300095,0.00000000
0,2023-02-17 12:00:00,0,11275,13.85000038,46.73300171,2.00000000
0,2023-02-17 12:00:00,0,11280,14.18299961,47.11700058,2.00000000
0,2023-02-17 12:00:00,0,11301,9.85000038,47.45000076,1.00000000
0,2023-02-17 12:00:00,0,11302,9.73299980,47.43299866,1.00000000
0,2023-02-17 12:00:00,0,11304,9.73299980,47.09999847,1.00000000
0,2023-02-17 12:00:00,0,11308,10.18299961,47.25000000,2.00000000
0,2023-02-17 12:00:00,0,11312,10.18299961,46.96699905,4.00000000
0,2023-02-17 12:00:00,0,11314,10.73299980,47.50000000,3.00000000
0,2023-02-17 12:00:00,0,11316,10.88300037,46.93299866,3.00000000
0,2023-02-17 12:00:00,0,11318,10.86200047,46.91299820,5.00000000
0,2023-02-17 12:00:00,0,11330,11.85200024,47.16299820,0.00000000
0,2023-02-17 12:00:00,0,11331,14.31700039,46.63299942,2.00000000
0,2023-02-17 12:00:00,0,11337,12.64599991,47.59799957,8.00000000
0,2023-02-17 12:00:00,0,11340,12.73299980,47.33300018,8.00000000
0,2023-02-17 12:00:00,0,11343,12.95899963,47.05400085,9.00000000
0,2023-02-17 12:00:00,0,11346,13.00000000,47.21699905,1.00000000
0,2023-02-17 12:00:00,0,11349,13.61699963,47.06700134,1.00000000
0,2023-02-17 12:00:00,0,11350,13.05399990,47.79100037,0.00000000
0,2023-02-17 12:00:00,0,11362,14.76700020,47.41699982,4.00000000
0,2023-02-17 12:00:00,0,11365,14.76700020,47.20000076,1.00000000
0,2023-02-17 12:00:00,0,11366,12.64999962,47.38299942,0.00000000
0,2023-02-17 12:00:00,0,11406,12.38300037,50.06700134,6.00000000
0,2023-02-17 12:00:00,0,11414,12.91699982,50.20000076,4.00000000
0,2023-02-17 12:00:00,0,11423,12.68299961,49.66699982,8.00000000
0,2023-02-17 12:00:00,0,11438,13.33300018,50.38299942,9.00000000
0,2023-02-17 12:00:00,0,11450,13.38300037,49.76699829,8.00000000
0,2023-02-17 12:00:00,0,11457,13.61699963,49.06700134,8.00000000
0,2023-02-17 12:00:00,0,11464,13.93299961,50.54999924,13.00000000
0,2023-02-17 12:00:00,0,11487,13.83300018,49.46699905,9.00000000
0,2023-02-17 12:00:00,0,11502,14.03299999,50.68299866,1.00000000
0,2023-02-17 12:00:00,0,11509,14.16699982,50.46699905,8.00000000
0,2023-02-17 12:00:00,0,11518,14.25000000,50.09999847,9.00000000
0,2023-02-17 12:00:00,0,11520,14.44699955,50.00799942,5.00000000
0,2023-02-17 12:00:00,0,11538,14.35000038,49.20000076,7.00000000
0,2023-02-17 12:00:00,0,11546,14.46700001,48.95000076,5.00000000
0,2023-02-17 12:00:00,0,11567,14.53299999,50.11700058,8.00000000
0,2023-02-17 12:00:00,0,12200,14.23299980,53.91699982,5.00000000
0,2023-02-17 12:00:00,0,12205,14.61699963,53.40000153,7.00000000
0,2023-02-17 12:00:00,0,12310,14.60000038,52.34999847,5.00000000
0,2023-02-17 12:00:00,0,14006,13.83300018,46.26699829,2.00000000
0,2023-02-17 12:00:00,0,14007,13.71700001,46.49800110,
0,2023-02-17 12:00:00,0,14008,13.85000038,46.38299942,9.00000000
0,2023-02-17 12:00:00,0,14009,13.89999962,46.03300095,1.00000000
0,2023-02-17 12:00:00,0,14010,14.18299961,46.36700058,2.00000000
0,2023-02-17 12:00:00,0,14012,14.36699963,46.09999847,3.00000000
0,2023-02-17 12:00:00,0,14014,14.46700001,46.21699905,3.00000000
0,2023-02-17 12:00:00,0,14015,14.51700020,46.06700134,3.00000000
0,2023-02-17 12:00:00,0,14105,13.61699963,45.48300171,3.00000000
0,2023-02-17 12:00:00,0,14106,13.61699963,45.90000153,2.00000000
0,2023-02-17 12:00:00,0,14112,14.19999981,45.76699829,3.00000000
0,2023-02-17 12:00:00,0,14118,14.85000038,45.65000153,0.00000000
0,2023-02-17 12:00:00,0,14216,14.44999981,45.33300018,2.00000000
0,2023-02-17 12:00:00,0,14219,14.63300037,45.59999847,2.00000000
0,2023-02-17 12:00:00,0,14308,13.93299961,45.23300171,2.00000000
0,2023-02-17 12:00:00,0,14317,14.58300018,45.21699905,3.00000000
0,2023-02-17 12:00:00,0,16008,10.53400040,46.76200104,2.09999990
0,2023-02-17 12:00:00,0,16014,11.43299961,46.88299942,
0,2023-02-17 12:00:00,0,16020,11.33300018,46.46699905,1.00000000
0,2023-02-17 12:00:00,0,16021,11.78699970,46.29800034,4.09999990
0,2023-02-17 12:00:00,0,16022,11.03400040,46.15999985,2.59999990
0,2023-02-17 12:00:00,0,16033,12.22000027,46.72999954,1.00000000
0,2023-02-17 12:00:00,0,16036,12.60000038,46.03300095,1.50000000
0,2023-02-17 12:00:00,0,16040,13.58300018,46.50000000,2.59999990
0,2023-02-17 12:00:00,0,16045,13.05000019,45.98300171,1.00000000
0,2023-02-17 12:00:00,0,16052,7.70599985,45.93500137,8.19999981
0,2023-02-17 12:00:00,0,16054,7.34999990,45.73300171,0.50000000
0,2023-02-17 12:00:00,0,16059,7.65000010,45.21699905,1.00000000
0,2023-02-17 12:00:00,0,16061,7.73199987,45.03300095,2.09999990
0,2023-02-17 12:00:00,0,16064,8.66699982,45.51699829,2.59999990
0,2023-02-17 12:00:00,0,16066,8.73299980,45.61700058,2.59999990
0,2023-02-17 12:00:00,0,16076,9.69999981,45.66699982,5.69999981
0,2023-02-17 12:00:00,0,16080,9.28299999,45.45000076,4.09999990
0,2023-02-17 12:00:00,0,16088,10.28100014,45.42100143,4.59999990
0,2023-02-17 12:00:00,0,16089,10.55000019,45.46699905,1.50000000
0,2023-02-17 12:00:00,0,16090,10.86699963,45.38299942,2.09999990
0,2023-02-17 12:00:00,0,16098,12.10700035,45.68399811,1.00000000
0,2023-02-17 12:00:00,0,16099,12.18299961,45.65000153,1.00000000
0,2023-02-17 12:00:00,0,16101,12.38300037,45.43299866,0.00000000
0,2023-02-17 12:00:00,0,16105,12.33300018,45.50000000,1.00000000
0,2023-02-17 12:00:00,0,16108,13.48299980,45.81700134,2.09999990
0,2023-02-17 12:00:00,0,16110,13.75500011,45.67699814,1.00000000
0,2023-02-17 12:00:00,0,99001,-3.48300004,50.39899826,5.69999981
0,2023-02-17 12:00:00,0,99003,-4.72700024,58.16799927,
0,2023-02-17 12:00:00,0,99005,-4.23799992,56.93999863,
0,2023-02-17 12:00:00,0,99006,-5.44000006,56.45000076,9.30000019
0,2023-02-17 12:00:00,0,99008,0.44800001,51.28799820,8.19999981
0,2023-02-17 12:00:00,0,99010,-2.39000010,57.44300079,
0,2023-02-17 12:00:00,0,99014,-6.11100006,54.29700089,4.09999990
0,2023-02-17 12:00:00,0,99015,-6.18400002,54.07699966,7.19999981
0,2023-02-17 12:00:00,0,99016,-3.92199993,58.22999954,10.80000019
0,2023-02-17 12:00:00,0,99017,-1.58299994,50.66299820,14.39999962
0,2023-02-17 12:00:00,0,99018,-5.58400011,54.67399979,7.69999981
0,2023-02-17 12:00:00,0,99020,-4.66099977,56.41899872,
0,2023-02-17 12:00:00,0,99024,-3.87500000,55.86100006,12.89999962
0,2023-02-17 12:00:00,0,99025,-1.25100005,52.83599854,7.19999981
0,2023-02-17 12:00:00,0,99049,-1.58599997,54.76800156,
0,2023-02-17 12:00:00,0,99057,-0.59600002,52.01399994,
0,2023-02-17 12:00:00,0,99059,-2.05999994,52.09999847,
0,2023-02-17 12:00:00,0,99060,-2.47000003,53.84500122,
0,2023-02-17 12:00:00,0,99062,-1.92799997,52.45600128,
0,2023-02-17 12:00:00,0,99063,-2.17899990,53.60900116,5.09999990
0,2023-02-17 12:00:00,0,99069,-1.68499994,55.21200180,
0,2023-02-17 12:00:00,0,99070,-1.53600001,52.42399979,7.19999981
0,2023-02-17 12:00:00,0,99077,-1.31900001,53.86899948,13.39999962
0,2023-02-17 12:00:00,0,99078,-0.23700000,52.40200043,5.09999990
0,2023-02-17 12:00:00,0,99079,-1.39499998,50.89199829,7.69999981
0,2023-02-17 12:00:00,0,99080,-0.46700001,51.31100082,6.19999981
0,2023-02-17 12:00:00,0,99081,-3.90400004,50.76900101,6.69999981
0,2023-02-17 12:00:00,0,99086,-5.74800014,54.66899872,
0,2023-02-17 12:00:00,0,99088,-4.56500006,55.47700119,
0,2023-02-17 12:00:00,0,99089,-3.39700007,57.01100159,
0,2023-02-17 12:00:00,0,99090,-3.95000005,54.92599869,
0,2023-02-17 12:00:00,0,99092,-5.30600023,57.61299896,
0,2023-02-17 12:00:00,0,99093,-2.26999998,52.99900055,
0,2023-02-17 12:00:00,0,99094,-3.97700000,50.70299911,
0,2023-02-17 12:00:00,0,99095,-0.29400000,51.48199844,5.09999990
0,2023-02-17 12:00:00,0,99096,0.04100000,51.66400146,
0,2023-02-17 12:00:00,0,99107,-1.49100006,53.38100052,
0,2023-02-17 12:00:00,0,99113,-2.70499992,53.77399826,
0,2023-02-17 12:00:00,0,99114,-5.82999992,54.60300064,
0,2023-02-17 12:00:00,0,99116,-0.64300001,54.10499954,
0,2023-02-17 12:00:00,0,99118,0.67100000,52.45899963,
0,2023-02-17 12:00:00,0,99119,-0.85000002,51.17800140,
0,2023-02-17 12:00:00,0,99121,-6.25500011,55.04800034,
0,2023-02-17 12:00:00,0,99122,1.29100001,52.93399811,
0,2023-02-17 12:00:00,0,99123,0.10000000,52.24499893,
0,2023-02-17 12:00:00,0,99124,0.56599998,52.26100159,
0,2023-02-17 12:00:00,0,99125,-4.37300014,57.45899963,
0,2023-02-17 12:00:00,0,99126,0.46000001,51.07699966,
0,2023-02-17 12:00:00,0,99127,0.42899999,51.73400116,
0,2023-02-17 12:00:00,0,99128,-2.22099996,51.60699844,
0,2023-02-17 12:00:00,0,99130,-5.83199978,54.24499893,
0,2023-02-17 12:00:00,0,99131,-6.96600008,54.88600159,
0,2023-02-17 12:00:00,0,99132,-4.48600006,57.32799911,
0,2023-02-17 12:00:00,0,99135,-4.90799999,55.74900055,
0,2023-02-17 12:00:00,0,99136,0.65200001,52.82400131,
0,2023-02-17 12:00:00,0,99137,-3.45900011,54.64899826,
0,2023-02-17 12:00:00,0,99141,-1.95400000,51.94800186,
0,2023-02-17 12:00:00,0,99142,-0.42300001,54.27299881,
0,2023-02-17 12:00:00,0,99143,-3.08100009,54.61999893,
0,2023-02-17 12:00:00,0,99144,-7.56099987,54.18899918,
0,2023-02-17 12:00:00,0,99145,-3.22000003,57.03699875,
0,2023-02-17 12:00:00,0,99146,-1.93499994,52.24800110,
0,2023-02-17 12:00:00,0,99147,-5.65700006,54.57199860,
0,2023-02-17 12:00:00,0,99148,1.27999997,52.16299820,
0,2023-02-17 12:00:00,0,99149,-1.64100003,52.73699951,
0,2023-02-17 12:00:00,0,99150,-4.01999998,52.43199921,
0,2023-02-17 12:00:00,0,99151,-0.88400000,53.40599823,
0,2023-02-17 12:00:00,0,99153,-5.01599979,58.06299973,
0,2023-02-17 12:00:00,0,99155,-2.42799997,52.77799988,
0,2023-02-17 12:00:00,0,99157,-1.33500004,51.00899887,
0,2023-02-17 12:00:00,0,99158,-1.39600003,52.62300110,
0,2023-02-17 12:00:00,0,99159,-1.95899999,50.61399841,
0,2023-02-17 12:00:00,0,99160,-3.18899989,51.48799896,
0,2023-02-17 12:00:00,0,99161,0.62800002,52.09099960,
0,2023-02-17 12:00:00,0,99162,-1.39400005,53.62799835,
0,2023-02-17 12:00:00,0,99163,-4.15799999,52.91500092,
0,2023-02-17 12:00:00,0,99164,-2.95000005,52.59000015,
0,2023-02-17 12:00:00,0,99166,-1.40600002,51.99800110,
0,2023-02-17 12:00:00,0,99167,-2.10100007,54.30799866,
0,2023-02-17 12:00:00,0,99168,-6.89699984,57.77999878,
0,2023-02-17 12:00:00,0,99169,-2.76699996,53.85400009,
0,2023-02-17 12:00:00,0,99170,-3.45199990,52.21599960,
0,2023-02-17 12:00:00,0,99171,-1.77400005,53.81399918,
0,2023-02-17 12:00:00,0,99172,-2.77800012,54.25899887,
0,2023-02-17 12:00:00,0,99173,-1.78199995,54.47299957,
0,2023-02-17 12:00:00,0,99174,-4.67899990,51.98899841,
0,2023-02-17 12:00:00,0,99175,-6.00500011,54.81700134,
0,2023-02-17 12:00:00,0,99176,-2.92300010,51.71400070,
0,2023-02-17 12:00:00,0,99177,-1.77100003,54.06999969,
0,2023-02-17 12:00:00,0,99178,-0.65899998,53.63700104,
0,2023-02-17 12:00:00,0,99179,-2.52600002,53.08599854,
0,2023-02-17 12:00:00,0,99180,-3.21199989,55.96699905,
0,2023-02-17 12:00:00,0,99182,0.59600002,51.14199829,
0,2023-02-17 12:00:00,0,99183,-0.93800002,51.44100189,
0,2023-02-17 12:00:00,0,99184,-4.92199993,51.86000061,
0,2023-02-17 12:00:00,0,99185,-0.49399999,50.93799973,
0,2023-02-17 12:00:00,0,99186,-2.57999992,55.23400116,
0,2023-02-17 12:00:00,0,99187,-2.85999990,54.07600021,
0,2023-02-17 12:00:00,0,99188,-6.51200008,55.23400116,
0,2023-02-17 12:00:00,0,99189,-1.60500002,52.20600128,
0,2023-02-17 12:00:00,0,99190,-4.54600000,50.82899857,
0,2023-02-17 12:00:00,0,99191,-5.37500000,57.18099976,
0,2023-02-17 12:00:00,0,99192,-1.01300001,52.04199982,
0,2023-02-17 12:00:00,0,99193,-4.95800018,54.74100113,
0,2023-02-17 12:00:00,0,99194,-3.91599989,52.27199936,
0,2023-02-17 12:00:00,0,99195,-3.48900008,51.92399979,
0,2023-02-17 12:00:00,0,99196,-1.91799998,55.52999878,
0,2023-02-17 12:00:00,0,99207,-2.58599997,51.91099930,5.09999990
0,2023-02-17 12:00:00,0,99212,-1.16799998,50.83599854,7.19999981
0,2023-02-17 12:00:00,0,99214,-0.29800001,53.76599884,
0,2023-02-17 12:00:00,0,99225,-6.65000010,54.35200119,1.50000000
0,2023-02-17 12:00:00,0,99227,1.33500004,51.34600067,8.19999981
0,2023-02-17 12:00:00,0,99228,-2.25900006,57.17599869,
0,2023-02-17 12:00:00,0,99229,-0.77800000,51.28400040,
0,2023-02-17 12:00:00,0,99230,-0.42199999,52.10499954,
0,2023-02-17 12:00:00,0,99430,-0.34099999,51.42200089,3.09999990
0,2023-02-17 12:00:00,0,99431,-0.64300001,51.50699997,6.69999981
0,2023-02-17 12:00:00,0,99432,-0.49700001,51.39899826,5.09999990
0,2023-02-17 12:00:00,0,99433,-0.49599999,51.51200104,6.19999981
0,2023-02-17 12:00:00,0,99434,-0.17900001,51.47000122,6.69999981
0,2023-02-17 12:00:00,0,99442,-4.93900013,51.60100174,9.30000019
0,2023-02-17 12:00:00,0,99445,-0.92100000,53.01699829,9.30000019
0,2023-02-17 12:00:00,0,99446,-1.75800002,51.24399948,10.30000019
0,2023-02-17 12:00:00,0,99449,-5.00000000,51.63999939,7.69999981
0,2023-02-17 12:00:00,0,99450,-5.22599983,50.00199890,9.30000019
0,2023-02-17 12:00:00,0,99451,-2.30999994,52.63999939,8.19999981
0,2023-02-17 12:00:00,0,99452,-3.05200005,53.58300018,7.19999981
0,2023-02-17 12:00:00,0,99453,-0.56900001,52.96099854,11.80000019
0,2023-02-17 12:00:00,0,99454,-2.53500009,52.87699890,11.80000019
0,2023-02-17 12:00:00,0,99456,-2.93300009,50.96099854,7.69999981
0,2023-02-17 12:00:00,0,99457,-3.20199990,51.20100021,8.19999981
0,2023-02-17 12:00:00,0,99458,-1.69299996,51.13499832,7.69999981
0,2023-02-17 12:00:00,0,99459,-1.94500005,51.23099899,6.19999981
0,2023-02-17 12:00:00,0,99460,-3.96099997,57.82400131,9.30000019
0,2023-02-17 12:00:00,0,99461,-4.78299999,51.63899994,8.19999981
0,2023-02-17 12:00:00,0,99463,-0.84100002,60.82699966,
0,2023-02-17 12:00:00,0,99464,-1.76699996,55.41799927,17.50000000
0,2023-02-17 12:00:00,0,99465,-1.81099999,57.45899963,
0,2023-02-18 12:00:00,0,1124,12.46700001,64.16699982,
0,2023-02-18 12:00:00,0,2207,12.12199974,63.28300095,5.00000000
0,2023-02-18 12:00:00,0,2209,12.28299999,63.04999924,10.00000000
0,2023-02-18 12:00:00,0,2210,12.16699982,63.18299866,15.00000000
0,2023-02-18 12:00:00,0,2219,14.22099972,64.50399780,4.00000000
0,2023-02-18 12:00:00,0,2221,13.50000000,63.83300018,9.00000000
0,2023-02-18 12:00:00,0,2226,14.50000000,63.19599915,8.00000000
0,2023-02-18 12:00:00,0,2231,14.60000038,63.68299866,8.00000000
0,2023-02-18 12:00:00,0,2307,12.85000038,61.88299942,
0,2023-02-18 12:00:00,0,2308,12.67000008,62.45000076,4.00000000
0,2023-02-18 12:00:00,0,2317,13.61699963,62.09999847,7.00000000
0,2023-02-18 12:00:00,0,2319,13.85000038,62.75000000,4.00000000
0,2023-02-18 12:00:00,0,2321,14.03299999,61.25000000,4.00000000
0,2023-02-18 12:00:00,0,2325,14.14999962,62.50000000,10.00000000
0,2023-02-18 12:00:00,0,2327,14.40699959,62.04600143,7.00000000
0,2023-02-18 12:00:00,0,2329,15.00000000,61.66699982,5.00000000
0,2023-02-18 12:00:00,0,2403,13.11699963,58.70000076,5.00000000
0,2023-02-18 12:00:00,0,2407,13.70699978,60.67599869,4.00000000
0,2023-02-18 12:00:00,0,2408,12.08300018,59.21699905,5.00000000
0,2023-02-18 12:00:00,0,2411,12.63300037,59.66699982,5.00000000
0,2023-02-18 12:00:00,0,2417,13.14999962,58.75000000,9.00000000
0,2023-02-18 12:00:00,0,2418,13.33800030,59.44499969,6.00000000
0,2023-02-18 12:00:00,0,2423,13.11699963,59.86700058,5.00000000
0,2023-02-18 12:00:00,0,2426,13.80000019,60.15000153,2.00000000
0,2023-02-18 12:00:00,0,2429,14.18299961,59.66699982,4.00000000
0,2023-02-18 12:00:00,0,2441,14.50000000,60.96699905,4.00000000
0,2023-02-18 12:00:00,0,2452,14.89900017,59.29899979,6.00000000
0,2023-02-18 12:00:00,0,2500,11.00399971,58.89199829,5.00000000
0,2023-02-18 12:00:00,0,2501,11.06700039,58.58300018,10.00000000
0,2023-02-18 12:00:00,0,2505,11.33300018,58.09999847,7.00000000
0,2023-02-18 12:00:00,0,2513,11.99199963,57.71599960,4.00000000
0,2023-02-18 12:00:00,0,2516,11.60000038,57.63299942,9.00000000
0,2023-02-18 12:00:00,0,2518,11.89999962,57.30400085,10.00000000
0,2023-02-18 12:00:00,0,2520,12.71399975,58.42900085,5.00000000
0,2023-02-18 12:00:00,0,2526,12.28299999,57.66699982,5.00000000
0,2023-02-18 12:00:00,0,2536,13.16699982,57.78300095,5.00000000
0,2023-02-18 12:00:00,0,2539,12.78299999,57.11700058,3.00000000
0,2023-02-18 12:00:00,0,2540,12.19999981,58.59999847,3.00000000
0,2023-02-18 12:00:00,0,2542,13.03299999,58.31700134,4.00000000
0,2023-02-18 12:00:00,0,2544,14.51700020,58.51699829,7.00000000
0,2023-02-18 12:00:00,0,2545,14.56700039,58.56700134,9.00000000
0,2023-02-18 12:00:00,0,2546,14.38300037,58.88299942,4.00000000
0,2023-02-18 12:00:00,0,2548,14.41699982,58.09999847,8.00000000
0,2023-02-18 12:00:00,0,2549,14.46700001,57.50000000,5.00000000
0,2023-02-18 12:00:00,0,2550,14.06900024,57.75099945,5.00000000
0,2023-02-18 12:00:00,0,2556,14.13300037,57.29999924,5.00000000
0,2023-02-18 12:00:00,0,2605,12.55000019,56.45000076,
0,2023-02-18 12:00:00,0,2607,12.83300018,56.28300095,9.00000000
0,2023-02-18 12:00:00,0,2611,12.76700020,56.03300095,7.00000000
0,2023-02-18 12:00:00,0,2615,12.81700039,55.38399887,8.00000000
0,2023-02-18 12:00:00,0,2618,13.06000042,56.94900131,5.00000000
0,2023-02-18 12:00:00,0,2622,13.88300037,56.84999847,4.00000000
0,2023-02-18 12:00:00,0,2623,13.66699982,55.86299896,6.00000000
0,2023-02-18 12:00:00,0,2625,14.31700039,55.48300171,7.00000000
0,2023-02-18 12:00:00,0,2628,14.85000038,56.01699829,9.00000000
0,2023-02-18 12:00:00,0,2629,13.93299961,56.28300095,6.00000000
0,2023-02-18 12:00:00,0,2635,13.07400036,55.57099915,6.00000000
0,2023-02-18 12:00:00,0,2636,13.36699963,55.51699829,8.00000000
0,2023-02-18 12:00:00,0,2648,14.83300018,56.84999847,6.00000000
0,2023-02-18 12:00:00,0,3002,-0.85600001,60.74800110,3.09999990
0,2023-02-18 12:00:00,0,3005,-1.18299997,60.13299942,3.09999990
0,2023-02-18 12:00:00,0,3008,-1.62699997,59.52600098,2.59999990
0,2023-02-18 12:00:00,0,3017,-2.90100002,58.95399857,3.59999990
0,2023-02-18 12:00:00,0,3023,-7.38500023,57.35800171,5.09999990
0,2023-02-18 12:00:00,0,3026,-6.31699991,58.21699905,1.50000000
0,2023-02-18 12:00:00,0,3031,-4.89599991,57.72499847,2.59999990
0,2023-02-18 12:00:00,0,3034,-5.63299990,57.85900116,1.50000000
0,2023-02-18 12:00:00,0,3039,-5.68900013,57.41799927,5.09999990
0,2023-02-18 12:00:00,0,3041,-4.96899986,56.82199860,3.09999990
0,2023-02-18 12:00:00,0,3044,-4.44199991,58.28799820,1.00000000
0,2023-02-18 12:00:00,0,3047,-4.70800018,56.86700058,2.59999990
0,2023-02-18 12:00:00,0,3062,-3.96700001,57.81900024,2.59999990
0,2023-02-18 12:00:00,0,3063,-3.82800007,57.20600128,0.00000000
0,2023-02-18 12:00:00,0,3065,-3.64299989,57.11600113,7.19999981
0,2023-02-18 12:00:00,0,3066,-3.56399989,57.64599991,1.50000000
0,2023-02-18 12:00:00,0,3068,-3.32299995,57.71099854,2.59999990
0,2023-02-18 12:00:00,0,3072,-3.42100000,56.87900162,
0,2023-02-18 12:00:00,0,3075,-3.08999991,58.45399857,2.09999990
0,2023-02-18 12:00:00,0,3080,-2.84100008,57.07600021,2.59999990
0,2023-02-18 12:00:00,0,3088,-2.26600003,56.85200119,2.59999990
0,2023-02-18 12:00:00,0,3091,-2.20499992,57.20500183,2.09999990
0,2023-02-18 12:00:00,0,3100,-6.88299990,56.50000000,1.50000000
0,2023-02-18 12:00:00,0,3105,-6.25000000,55.68099976,1.50000000
0,2023-02-18 12:00:00,0,3111,-5.69700003,55.44100189,7.19999981
0,2023-02-18 12:00:00,0,3132,-4.93499994,54.85900116,8.19999981
0,2023-02-18 12:00:00,0,3134,-4.53200006,55.90700150,3.59999990
0,2023-02-18 12:00:00,0,3136,-4.58500004,55.51499939,6.19999981
0,2023-02-18 12:00:00,0,3144,-3.72900009,56.32600021,1.50000000
0,2023-02-18 12:00:00,0,3153,-4.00799990,54.80300140,7.69999981
0,2023-02-18 12:00:00,0,3155,-3.73600006,55.62699890,6.69999981
0,2023-02-18 12:00:00,0,3158,-2.38499999,55.70899963,3.09999990
0,2023-02-18 12:00:00,0,3162,-3.20700002,55.31200027,5.09999990
0,2023-02-18 12:00:00,0,3166,-3.34400010,55.92800140,3.09999990
0,2023-02-18 12:00:00,0,3171,-2.86299992,56.37699890,2.59999990
0,2023-02-18 12:00:00,0,3204,-4.63199997,54.08499908,7.19999981
0,2023-02-18 12:00:00,0,3210,-3.61500001,54.51800156,7.19999981
0,2023-02-18 12:00:00,0,3212,-3.15700006,54.61399841,4.09999990
0,2023-02-18 12:00:00,0,3214,-3.25799990,54.12500000,7.19999981
0,2023-02-18 12:00:00,0,3220,-2.96399999,54.93399811,
0,2023-02-18 12:00:00,0,3224,-2.55399990,55.04999924,9.80000019
0,2023-02-18 12:00:00,0,3225,-2.68499994,54.50199890,1.50000000
0,2023-02-18 12:00:00,0,3226,-2.41300011,54.57300186,8.69999981
0,2023-02-18 12:00:00,0,3227,-2.45099998,54.68399811,18.00000000
0,2023-02-18 12:00:00,0,3230,-2.27900004,55.28499985,4.09999990
0,2023-02-18 12:00:00,0,3238,-1.88199997,55.02000046,4.59999990
0,2023-02-18 12:00:00,0,3240,-1.60099995,55.42100143,3.09999990
0,2023-02-18 12:00:00,0,3257,-1.53299999,54.29700089,7.69999981
0,2023-02-18 12:00:00,0,3265,-1.38999999,54.20500183,8.69999981
0,2023-02-18 12:00:00,0,3275,-0.86400002,54.56299973,8.69999981
0,2023-02-18 12:00:00,0,3281,-0.67199999,54.35900116,5.69999981
0,2023-02-18 12:00:00,0,3292,-0.17600000,54.09400177,6.69999981
0,2023-02-18 12:00:00,0,3301,-4.37599993,53.25999832,8.69999981
0,2023-02-18 12:00:00,0,3302,-4.53599977,53.25199890,7.19999981
0,2023-02-18 12:00:00,0,3305,-3.94099998,53.09400177,14.39999962
0,2023-02-18 12:00:00,0,3313,-3.50900006,53.25899887,9.30000019
0,2023-02-18 12:00:00,0,3316,-3.05800009,53.49700165,9.30000019
0,2023-02-18 12:00:00,0,3318,-3.03299999,53.76699829,9.80000019
0,2023-02-18 12:00:00,0,3321,-2.98799992,53.17499924,4.59999990
0,2023-02-18 12:00:00,0,3330,-1.98099995,53.12799835,5.69999981
0,2023-02-18 12:00:00,0,3344,-1.86699998,53.81100082,4.09999990
0,2023-02-18 12:00:00,0,3346,-1.66700006,53.61199951,11.80000019
0,2023-02-18 12:00:00,0,3351,-2.38199997,53.36000061,8.69999981
0,2023-02-18 12:00:00,0,3354,-1.25000000,53.01699829,4.59999990
0,2023-02-18 12:00:00,0,3373,-0.54799998,53.30699921,
0,2023-02-18 12:00:00,0,3377,-0.51700002,53.18299866,5.69999981
0,2023-02-18 12:00:00,0,3379,-0.50400001,53.03099823,8.19999981
0,2023-02-18 12:00:00,0,3382,-0.44200000,53.87500000,8.19999981
0,2023-02-18 12:00:00,0,3385,0.15300000,53.47499847,7.19999981
0,2023-02-18 12:00:00,0,3391,-0.17299999,53.09400177,8.19999981
0,2023-02-18 12:00:00,0,3392,0.27100000,53.08800125,11.30000019
0,2023-02-18 12:00:00,0,3405,-4.74100018,52.78900146,4.09999990
0,2023-02-18 12:00:00,0,3409,-3.58299994,52.90700150,4.59999990
0,2023-02-18 12:00:00,0,3410,-3.46499991,52.75699997,12.30000019
0,2023-02-18 12:00:00,0,3414,-2.66499996,52.79499817,7.69999981
0,2023-02-18 12:00:00,0,3462,-0.46100000,52.61100006,9.30000019
0,2023-02-18 12:00:00,0,3469,0.13900000,52.87300110,6.19999981
0,2023-02-18 12:00:00,0,3482,0.56599998,52.65100098,7.69999981
0,2023-02-18 12:00:00,0,3488,1.12300003,52.94900131,9.80000019
0,2023-02-18 12:00:00,0,3502,-4.56699991,52.13299942,9.80000019
0,2023-02-18 12:00:00,0,3503,-3.94799995,52.34400177,5.69999981
0,2023-02-18 12:00:00,0,3507,-3.61500001,52.06299973,6.19999981
0,2023-02-18 12:00:00,0,3520,-2.88599992,52.24300003,5.09999990
0,2023-02-18 12:00:00,0,3522,-2.80200005,52.08000183,3.59999990
0,2023-02-18 12:00:00,0,3529,-2.04099989,52.14799881,5.09999990
0,2023-02-18 12:00:00,0,3535,-1.69099998,52.47999954,4.59999990
0,2023-02-18 12:00:00,0,3544,-1.33099997,52.35900116,5.09999990
0,2023-02-18 12:00:00,0,3560,-0.46500000,52.22700119,6.19999981
0,2023-02-18 12:00:00,0,3590,0.95700002,52.12400055,7.19999981
0,2023-02-18 12:00:00,0,3604,-5.05299997,51.70899963,6.69999981
0,2023-02-18 12:00:00,0,3605,-4.36700010,51.71400070,10.30000019
0,2023-02-18 12:00:00,0,3609,-3.98200011,51.56600189,12.30000019
0,2023-02-18 12:00:00,0,3647,-1.69299996,51.86100006,8.19999981
0,2023-02-18 12:00:00,0,3649,-1.57799995,51.75799942,4.09999990
0,2023-02-18 12:00:00,0,3658,-1.09899998,51.61999893,6.69999981
0,2023-02-18 12:00:00,0,3660,-0.80000001,51.68299866,
0,2023-02-18 12:00:00,0,3672,-0.41700000,51.54899979,5.69999981
0,2023-02-18 12:00:00,0,3680,-0.35800001,51.80599976,
0,2023-02-18 12:00:00,0,3684,0.45100001,51.89599991,7.19999981
0,2023-02-18 12:00:00,0,3693,0.82700002,51.55500031,7.19999981
0,2023-02-18 12:00:00,0,3707,-4.14900017,51.08900070,10.80000019
0,2023-02-18 12:00:00,0,3710,-3.60899997,51.08700180,9.30000019
0,2023-02-18 12:00:00,0,3716,-3.44099998,51.40499878,7.69999981
0,2023-02-18 12:00:00,0,3740,-1.99199998,51.50299835,
0,2023-02-18 12:00:00,0,3743,-1.81700003,51.20000076,6.69999981
0,2023-02-18 12:00:00,0,3746,-1.75500000,51.16199875,7.69999981
0,2023-02-18 12:00:00,0,3749,-1.57000005,51.15000153,6.69999981
0,2023-02-18 12:00:00,0,3761,-0.94499999,51.23899841,10.30000019
0,2023-02-18 12:00:00,0,3768,-0.76700002,51.28300095,
0,2023-02-18 12:00:00,0,3769,-0.22900000,51.14400101,4.59999990
0,2023-02-18 12:00:00,0,3770,-0.13100000,51.50500107,
0,2023-02-18 12:00:00,0,3772,-0.45100001,51.47900009,5.09999990
0,2023-02-18 12:00:00,0,3781,-0.08300000,51.29999924,6.69999981
0,2023-02-18 12:00:00,0,3796,1.35000002,51.13299942,5.69999981
0,2023-02-18 12:00:00,0,3797,1.33599997,51.34600067,8.69999981
0,2023-02-18 12:00:00,0,3803,-6.29600000,49.91400146,8.19999981
0,2023-02-18 12:00:00,0,3808,-5.32700014,50.21799850,8.69999981
0,2023-02-18 12:00:00,0,3809,-5.25699997,50.08399963,6.69999981
0,2023-02-18 12:00:00,0,3823,-4.66699982,50.50000000,7.69999981
0,2023-02-18 12:00:00,0,3827,-4.12099981,50.35499954,7.19999981
0,2023-02-18 12:00:00,0,3840,-3.23300004,50.86700058,6.19999981
0,2023-02-18 12:00:00,0,3844,-3.40400004,50.73699951,6.69999981
0,2023-02-18 12:00:00,0,3853,-2.64299989,51.00600052,6.69999981
0,2023-02-18 12:00:00,0,3857,-2.45000005,50.51699829,10.80000019
0,2023-02-18 12:00:00,0,3862,-1.83599997,50.77899933,6.69999981
0,2023-02-18 12:00:00,0,3866,-1.29999995,50.56700134,10.30000019
0,2023-02-18 12:00:00,0,3872,-0.92199999,50.81499863,8.69999981
0,2023-02-18 12:00:00,0,3876,-0.28299999,50.83300018,6.69999981
0,2023-02-18 12:00:00,0,3882,0.31700000,50.89899826,5.09999990
0,2023-02-18 12:00:00,0,3894,-2.59800005,49.43299866,8.69999981
0,2023-02-18 12:00:00,0,3895,-2.20000005,49.21699905,7.19999981
0,2023-02-18 12:00:00,0,3901,-7.59999990,54.33300018,4.59999990
0,2023-02-18 12:00:00,0,3904,-7.58300018,54.71699905,5.09999990
0,2023-02-18 12:00:00,0,3907,-6.94999981,55.16699982,6.19999981
0,2023-02-18 12:00:00,0,3911,-6.81500006,54.72100067,5.09999990
0,2023-02-18 12:00:00,0,3915,-6.46700001,54.86700058,1.50000000
0,2023-02-18 12:00:00,0,3916,-6.15000010,55.18299866,6.69999981
0,2023-02-18 12:00:00,0,3917,-6.22599983,54.66299820,6.69999981
0,2023-02-18 12:00:00,0,3923,-6.50400019,54.23699951,4.09999990
0,2023-02-18 12:00:00,0,3930,-2.55800009,51.55099869,8.19999981
0,2023-02-18 12:00:00,0,3931,1.16700006,52.45000076,6.69999981
0,2023-02-18 12:00:00,0,3951,-9.42899990,51.47700119,11.00000000
0,2023-02-18 12:00:00,0,3952,-8.25000000,51.79999924,10.00000000
0,2023-02-18 12:00:00,0,3953,-10.25000000,51.93299866,8.00000000
0,2023-02-18 12:00:00,0,3955,-8.48299980,51.84999847,7.00000000
0,2023-02-18 12:00:00,0,3956,-6.50000000,52.29999924,5.00000000
0,2023-02-18 12:00:00,0,3961,-6.91699982,52.86700058,6.00000000
0,2023-02-18 12:00:00,0,3962,-8.91699982,52.70000076,9.00000000
0,2023-02-18 12:00:00,0,3963,-9.89999962,53.31700134,11.00000000
0,2023-02-18 12:00:00,0,3966,-8.00000000,53.01699829,8.00000000
0,2023-02-18 12:00:00,0,3967,-6.43300009,53.29999924,10.00000000
0,2023-02-18 12:00:00,0,3969,-6.25000000,53.43299866,6.00000000
0,2023-02-18 12:00:00,0,3970,-8.98299980,53.71699905,7.00000000
0,2023-02-18 12:00:00,0,3971,-7.36700010,53.53300095,5.00000000
0,2023-02-18 12:00:00,0,3973,-8.81700039,53.90000153,12.00000000
0,2023-02-18 12:00:00,0,3976,-10.00000000,54.23300171,8.00000000
0,2023-02-18 12:00:00,0,3978,-8.25000000,54.50000000,8.00000000
0,2023-02-18 12:00:00,0,3979,-7.31699991,54.04999924,5.00000000
0,2023-02-18 12:00:00,0,3980,-7.33300018,55.36700058,8.00000000
0,2023-02-18 12:00:00,0,6005,-7.68300009,62.09999847,
0,2023-02-18 12:00:00,0,6009,-6.66699982,61.40000153,
0,2023-02-18 12:00:00,0,6011,-6.76499987,62.02299881,
0,2023-02-18 12:00:00,0,6012,-6.31699991,62.31700134,
0,2023-02-18 12:00:00,0,6019,8.64099979,56.92900085,8.19999981
0,2023-02-18 12:00:00,0,6021,8.60000038,57.11700058,11.80000019
0,2023-02-18 12:00:00,0,6030,9.85200024,57.09700012,7.19999981
0,2023-02-18 12:00:00,0,6031,9.94999981,57.18299866,7.19999981
0,2023-02-18 12:00:00,0,6032,10.33300018,57.38299942,8.19999981
0,2023-02-18 12:00:00,0,6033,9.96700001,57.59999847,12.30000019
0,2023-02-18 12:00:00,0,6041,10.63300037,57.73300171,10.30000019
0,2023-02-18 12:00:00,0,6044,10.31700039,56.98300171,8.19999981
0,2023-02-18 12:00:00,0,6049,10.10000038,56.56700134,8.19999981
0,2023-02-18 12:00:00,0,6052,8.21599960,56.70800018,8.19999981
0,2023-02-18 12:00:00,0,6055,8.11699963,56.36700058,6.19999981
0,2023-02-18 12:00:00,0,6056,8.66699982,56.38299942,5.09999990
0,2023-02-18 12:00:00,0,6058,8.14999962,56.00000000,3.59999990
0,2023-02-18 12:00:00,0,6060,9.11699963,56.29999924,6.19999981
0,2023-02-18 12:00:00,0,6065,9.51700020,56.70000076,7.69999981
0,2023-02-18 12:00:00,0,6068,9.18299961,56.09999847,4.59999990
0,2023-02-18 12:00:00,0,6070,10.62600040,56.30799866,7.19999981
0,2023-02-18 12:00:00,0,6072,10.13300037,56.29999924,4.59999990
0,2023-02-18 12:00:00,0,6073,10.51399994,56.09600067,7.69999981
0,2023-02-18 12:00:00,0,6074,10.13300037,56.08300018,3.59999990
0,2023-02-18 12:00:00,0,6079,11.51700020,56.71699905,8.69999981
0,2023-02-18 12:00:00,0,6080,8.56400013,55.52899933,4.59999990
0,2023-02-18 12:00:00,0,6081,8.09200001,55.55799866,5.09999990
0,2023-02-18 12:00:00,0,6082,8.63300037,55.96699905,5.69999981
0,2023-02-18 12:00:00,0,6093,8.66699982,55.29999924,3.09999990
0,2023-02-18 12:00:00,0,6096,8.56700039,55.18299866,2.59999990
0,2023-02-18 12:00:00,0,6102,9.78299999,55.86700058,2.09999990
0,2023-02-18 12:00:00,0,6104,9.16699982,55.74399948,5.69999981
0,2023-02-18 12:00:00,0,6108,9.33300018,55.43299866,4.59999990
0,2023-02-18 12:00:00,0,6109,9.11400032,55.47200012,3.09999990
0,2023-02-18 12:00:00,0,6110,9.26299953,55.22499847,3.59999990
0,2023-02-18 12:00:00,0,6119,9.98299980,54.84999847,3.09999990
0,2023-02-18 12:00:00,0,6120,10.33100033,55.47499847,4.59999990
0,2023-02-18 12:00:00,0,6123,9.88899994,55.24499893,5.09999990
0,2023-02-18 12:00:00,0,6124,10.56700039,55.01699829,4.59999990
0,2023-02-18 12:00:00,0,6126,10.43299961,55.31700134,5.09999990
0,2023-02-18 12:00:00,0,6135,11.38899994,55.32300186,6.19999981
0,2023-02-18 12:00:00,0,6136,11.33300018,55.25000000,5.69999981
0,2023-02-18 12:00:00,0,6138,11.00000000,54.81700134,4.59999990
0,2023-02-18 12:00:00,0,6141,11.32999992,54.82799911,3.59999990
0,2023-02-18 12:00:00,0,6147,12.18299961,54.88299942,7.69999981
0,2023-02-18 12:00:00,0,6149,11.96700001,54.56700134,6.19999981
0,2023-02-18 12:00:00,0,6151,11.13300037,55.16699982,8.69999981
0,2023-02-18 12:00:00,0,6154,11.86200047,55.20800018,4.59999990
0,2023-02-18 12:00:00,0,6156,11.58300018,55.73300171,7.69999981
0,2023-02-18 12:00:00,0,6159,10.86699963,55.75000000,7.69999981
0,2023-02-18 12:00:00,0,6168,12.34200001,56.11899948,5.09999990
0,2023-02-18 12:00:00,0,6169,11.28299999,56.01699829,9.30000019
0,2023-02-18 12:00:00,0,6170,12.13599968,55.58700180,7.69999981
0,2023-02-18 12:00:00,0,6174,12.14999962,55.40000153,6.19999981
0,2023-02-18 12:00:00,0,6180,12.64500046,55.61399841,7.19999981
0,2023-02-18 12:00:00,0,6181,12.53299999,55.76699829,6.19999981
0,2023-02-18 12:00:00,0,6183,12.71199989,55.53699875,8.69999981
0,2023-02-18 12:00:00,0,6188,12.41699982,55.88299942,6.69999981
0,2023-02-18 12:00:00,0,6190,14.75000000,55.06700134,8.69999981
0,2023-02-18 12:00:00,0,6193,14.77200031,55.29800034,11.80000019
0,2023-02-18 12:00:00,0,6201,2.93300009,54.31700134,14.00000000
0,2023-02-18 12:00:00,0,6203,3.34999990,52.36700058,12.00000000
0,2023-02-18 12:00:00,0,6204,3.63299990,53.26699829,14.00000000
0,2023-02-18 12:00:00,0,6205,3.81699991,55.41699982,4.00000000
0,2023-02-18 12:00:00,0,6207,4.96000004,53.61399841,14.00000000
0,2023-02-18 12:00:00,0,6208,5.94999981,53.50000000,12.00000000
0,2023-02-18 12:00:00,0,6211,2.95000005,53.81700134,14.00000000
0,2023-02-18 12:00:00,0,6212,4.15000010,52.91699982,
0,2023-02-18 12:00:00,0,6214,6.04199982,54.03699875,13.00000000
0,2023-02-18 12:00:00,0,6235,4.78100014,52.92699814,10.00000000
0,2023-02-18 12:00:00,0,6239,4.69600010,54.85400009,6.00000000
0,2023-02-18 12:00:00,0,6240,4.78999996,52.31700134,11.00000000
0,2023-02-18 12:00:00,0,6251,5.34999990,53.38299942,12.00000000
0,2023-02-18 12:00:00,0,6252,3.21700001,53.21699905,13.00000000
0,2023-02-18 12:00:00,0,6260,5.18300009,52.09999847,6.00000000
0,2023-02-18 12:00:00,0,6269,5.53299999,52.45000076,11.00000000
0,2023-02-18 12:00:00,0,6270,5.75199986,53.22299957,12.00000000
0,2023-02-18 12:00:00,0,6280,6.58300018,53.11700058,10.00000000
0,2023-02-18 12:00:00,0,6290,6.90000010,52.26699829,9.00000000
0,2023-02-18 12:00:00,0,6310,3.59599996,51.44100189,15.00000000
0,2023-02-18 12:00:00,0,6344,4.43300009,51.95000076,10.00000000
0,2023-02-18 12:00:00,0,6370,5.41699982,51.45000076,8.00000000
0,2023-02-18 12:00:00,0,6380,5.76200008,50.90499878,5.00000000
0,2023-02-18 12:00:00,0,6400,2.65000010,51.08300018,8.00000000
0,2023-02-18 12:00:00,0,6407,2.88299990,51.20000076,13.00000000
0,2023-02-18 12:00:00,0,6414,3.11700010,50.90000153,8.00000000
0,2023-02-18 12:00:00,0,6418,3.20000005,51.34999847,9.00000000
0,2023-02-18 12:00:00,0,6428,3.66700006,50.93299866,7.00000000
0,2023-02-18 12:00:00,0,6432,3.83299994,50.56700134,7.00000000
0,2023-02-18 12:00:00,0,6434,3.81699991,50.98300171,8.00000000
0,2023-02-18 12:00:00,0,6438,4.36700010,51.31700134,9.00000000
0,2023-02-18 12:00:00,0,6439,4.51700020,51.06700134,6.00000000
0,2023-02-18 12:00:00,0,6447,4.34999990,50.79999924,6.00000000
0,2023-02-18 12:00:00,0,6449,4.43300009,50.45000076,10.00000000
0,2023-02-18 12:00:00,0,6450,4.44999981,51.18299866,7.00000000
0,2023-02-18 12:00:00,0,6451,4.53299999,50.90000153,9.00000000
0,2023-02-18 12:00:00,0,6455,4.59999990,50.09999847,6.00000000
0,2023-02-18 12:00:00,0,6456,4.65000010,50.23300171,9.00000000
0,2023-02-18 12:00:00,0,6458,4.76700020,50.75000000,9.00000000
0,2023-02-18 12:00:00,0,6459,4.68300009,50.58300018,9.00000000
0,2023-02-18 12:00:00,0,6464,5.03299999,51.21699905,5.00000000
0,2023-02-18 12:00:00,0,6465,5.06699991,51.00000000,7.00000000
0,2023-02-18 12:00:00,0,6472,5.25000000,50.20000076,8.00000000
0,2023-02-18 12:00:00,0,6476,5.40399981,50.03900146,6.00000000
0,2023-02-18 12:00:00,0,6477,5.44999981,50.91699982,6.00000000
0,2023-02-18 12:00:00,0,6478,5.44999981,50.65000153,9.00000000
0,2023-02-18 12:00:00,0,6479,5.46700001,51.16699982,7.00000000
0,2023-02-18 12:00:00,0,6484,5.58300018,49.61700058,6.00000000
0,2023-02-18 12:00:00,0,6490,5.91699982,50.48300171,6.00000000
0,2023-02-18 12:00:00,0,6494,6.06699991,50.51699829,7.00000000
0,2023-02-18 12:00:00,0,6496,6.18300009,50.48300171,6.00000000
0,2023-02-18 12:00:00,0,6590,6.23299980,49.63299942,10.00000000
0,2023-02-18 12:00:00,0,6601,7.58400011,47.54100037,3.09999990
0,2023-02-18 12:00:00,0,6602,7.34899998,47.35200119,5.69999981
0,2023-02-18 12:00:00,0,6603,6.81699991,46.46699905,1.50000000
0,2023-02-18 12:00:00,0,6604,6.94999981,47.00000000,
0,2023-02-18 12:00:00,0,6605,7.05399990,47.13199997,8.69999981
0,2023-02-18 12:00:00,0,6606,7.05900002,47.04700089,5.69999981
0,2023-02-18 12:00:00,0,6608,6.97900009,47.04899979,4.09999990
0,2023-02-18 12:00:00,0,6609,7.01800013,46.54600143,5.69999981
0,2023-02-18 12:00:00,0,6610,6.94199991,46.81200027,4.59999990
0,2023-02-18 12:00:00,0,6612,6.79199982,47.08300018,5.69999981
0,2023-02-18 12:00:00,0,6613,7.65000010,46.59999847,2.09999990
0,2023-02-18 12:00:00,0,6614,7.01700020,46.11700058,2.09999990
0,2023-02-18 12:00:00,0,6615,7.23299980,46.06700134,0.50000000
0,2023-02-18 12:00:00,0,6616,6.94999981,47.43299866,6.19999981
0,2023-02-18 12:00:00,0,6617,6.61000013,46.98400116,5.09999990
0,2023-02-18 12:00:00,0,6618,6.56799984,46.73699951,4.09999990
0,2023-02-18 12:00:00,0,6619,6.57600021,46.84099960,1.00000000
0,2023-02-18 12:00:00,0,6620,8.61999989,47.68999863,9.80000019
0,2023-02-18 12:00:00,0,6621,9.28299999,47.59999847,6.19999981
0,2023-02-18 12:00:00,0,6623,9.02400017,47.65100098,6.69999981
0,2023-02-18 12:00:00,0,6624,8.46700001,47.70000076,5.09999990
0,2023-02-18 12:00:00,0,6625,7.11399984,46.77099991,6.19999981
0,2023-02-18 12:00:00,0,6626,7.97399998,47.36299896,4.59999990
0,2023-02-18 12:00:00,0,6627,7.13999987,46.47999954,2.09999990
0,2023-02-18 12:00:00,0,6628,7.26599979,46.74800110,2.59999990
0,2023-02-18 12:00:00,0,6631,7.46400023,46.99100113,3.09999990
0,2023-02-18 12:00:00,0,6632,7.41499996,47.17900085,3.09999990
0,2023-02-18 12:00:00,0,6633,8.08300018,47.38299942,3.59999990
0,2023-02-18 12:00:00,0,6635,7.60599995,47.11899948,6.19999981
0,2023-02-18 12:00:00,0,6636,7.28299999,46.98300171,4.09999990
0,2023-02-18 12:00:00,0,6637,8.16899967,46.73199844,3.09999990
0,2023-02-18 12:00:00,0,6638,7.80600023,46.93999863,2.09999990
0,2023-02-18 12:00:00,0,6639,7.93300009,47.00000000,6.19999981
0,2023-02-18 12:00:00,0,6640,7.06699991,46.65000153,2.59999990
0,2023-02-18 12:00:00,0,6641,7.87799978,47.57199860,5.09999990
0,2023-02-18 12:00:00,0,6642,9.75399971,46.62699890,0.50000000
0,2023-02-18 12:00:00,0,6643,7.78700018,47.25500107,3.59999990
0,2023-02-18 12:00:00,0,6644,8.23299980,47.24399948,5.09999990
0,2023-02-18 12:00:00,0,6645,7.88299990,47.43299866,5.09999990
0,2023-02-18 12:00:00,0,6646,8.23299980,47.56700134,3.09999990
0,2023-02-18 12:00:00,0,6647,8.22700024,47.53599930,
0,2023-02-18 12:00:00,0,6648,8.00500011,47.17900085,7.69999981
0,2023-02-18 12:00:00,0,6649,9.61299992,47.37699890,1.50000000
0,2023-02-18 12:00:00,0,6650,8.30099964,47.03599930,2.59999990
0,2023-02-18 12:00:00,0,6651,8.01200008,46.94699860,4.09999990
0,2023-02-18 12:00:00,0,6652,8.01700020,46.88299942,2.09999990
0,2023-02-18 12:00:00,0,6653,8.51700020,47.00000000,1.50000000
0,2023-02-18 12:00:00,0,6654,8.05000019,46.20000076,8.19999981
0,2023-02-18 12:00:00,0,6655,8.41100025,46.82199860,2.09999990
0,2023-02-18 12:00:00,0,6656,8.06099987,46.74100113,2.09999990
0,2023-02-18 12:00:00,0,6657,8.18999958,46.84899902,1.00000000
0,2023-02-18 12:00:00,0,6659,8.25199986,46.97900009,6.69999981
0,2023-02-18 12:00:00,0,6660,8.56599998,47.37799835,5.09999990
0,2023-02-18 12:00:00,0,6662,8.63700008,47.08100128,2.59999990
0,2023-02-18 12:00:00,0,6663,9.18299961,46.63299942,1.00000000
0,2023-02-18 12:00:00,0,6664,8.51799965,47.42800140,4.59999990
0,2023-02-18 12:00:00,0,6665,8.85900021,47.17900085,
0,2023-02-18 12:00:00,0,6666,8.18299961,47.59999847,7.69999981
0,2023-02-18 12:00:00,0,6668,8.59500027,46.69300079,2.09999990
0,2023-02-18 12:00:00,0,6669,8.39700031,47.48199844,6.19999981
0,2023-02-18 12:00:00,0,6670,8.53600025,47.47999954,5.69999981
0,2023-02-18 12:00:00,0,6671,8.98099995,47.66899872,12.30000019
0,2023-02-18 12:00:00,0,6672,8.62199974,46.88700104,2.09999990
0,2023-02-18 12:00:00,0,6673,8.67800045,47.22100067,4.09999990
0,2023-02-18 12:00:00,0,6674,8.46700001,47.18299866,5.09999990
0,2023-02-18 12:00:00,0,6675,8.75699997,47.13299942,3.59999990
0,2023-02-18 12:00:00,0,6678,9.26700020,47.50899887,9.30000019
0,2023-02-18 12:00:00,0,6679,8.90499973,47.47999954,6.19999981
0,2023-02-18 12:00:00,0,6680,9.34300041,47.24900055,17.50000000
0,2023-02-18 12:00:00,0,6681,9.39900017,47.42599869,4.09999990
0,2023-02-18 12:00:00,0,6682,9.17500019,46.92399979,1.50000000
0,2023-02-18 12:00:00,0,6683,8.93999958,47.22499847,5.09999990
0,2023-02-18 12:00:00,0,6685,9.06700039,47.03300095,5.09999990
0,2023-02-18 12:00:00,0,6686,9.50000000,47.01699829,0.50000000
0,2023-02-18 12:00:00,0,6687,9.21599960,47.12900162,1.50000000
0,2023-02-18 12:00:00,0,6688,9.18000031,46.84199905,7.69999981
0,2023-02-18 12:00:00,0,6689,8.93299961,47.36700058,9.30000019
0,2023-02-18 12:00:00,0,6690,9.56700039,47.48400116,1.50000000
0,2023-02-18 12:00:00,0,6693,9.10900021,47.27299881,2.09999990
0,2023-02-18 12:00:00,0,6695,8.58100033,46.63100052,1.00000000
0,2023-02-18 12:00:00,0,6700,6.12799978,46.24800110,1.50000000
0,2023-02-18 12:00:00,0,6702,6.09899998,46.42499924,6.69999981
0,2023-02-18 12:00:00,0,6703,6.31199980,46.66999817,5.69999981
0,2023-02-18 12:00:00,0,6704,6.34200001,46.52500153,3.09999990
0,2023-02-18 12:00:00,0,6705,6.22800016,46.40100098,2.09999990
0,2023-02-18 12:00:00,0,6707,6.71700001,46.61700058,4.09999990
0,2023-02-18 12:00:00,0,6708,6.85799980,46.57199860,4.09999990
0,2023-02-18 12:00:00,0,6709,6.85699987,46.39300156,2.09999990
0,2023-02-18 12:00:00,0,6710,7.08300018,47.18299866,6.69999981
0,2023-02-18 12:00:00,0,6711,6.66800022,46.51200104,1.00000000
0,2023-02-18 12:00:00,0,6712,6.91699982,46.33300018,2.59999990
0,2023-02-18 12:00:00,0,6713,7.09999990,46.38299942,3.09999990
0,2023-02-18 12:00:00,0,6714,7.20400000,46.32699966,2.09999990
0,2023-02-18 12:00:00,0,6715,7.02699995,46.18299866,2.09999990
0,2023-02-18 12:00:00,0,6716,7.62400007,46.14799881,2.59999990
0,2023-02-18 12:00:00,0,6717,7.17100000,45.86899948,5.09999990
0,2023-02-18 12:00:00,0,6720,7.32999992,46.21900177,1.00000000
0,2023-02-18 12:00:00,0,6721,8.19200039,46.36800003,1.50000000
0,2023-02-18 12:00:00,0,6722,7.50899982,46.11199951,1.50000000
0,2023-02-18 12:00:00,0,6723,7.26900005,46.09899902,1.50000000
0,2023-02-18 12:00:00,0,6724,7.46099997,46.29899979,1.00000000
0,2023-02-18 12:00:00,0,6725,7.82299995,46.42100143,0.50000000
0,2023-02-18 12:00:00,0,6727,7.84999990,46.29999924,0.50000000
0,2023-02-18 12:00:00,0,6728,7.83699989,46.19499969,
0,2023-02-18 12:00:00,0,6730,7.98299980,46.54999924,7.69999981
0,2023-02-18 12:00:00,0,6731,7.58300018,46.75000000,1.00000000
0,2023-02-18 12:00:00,0,6733,7.38299990,46.63299942,3.59999990
0,2023-02-18 12:00:00,0,6734,7.86700010,46.66699982,1.50000000
0,2023-02-18 12:00:00,0,6735,7.56099987,46.49200058,2.59999990
0,2023-02-18 12:00:00,0,6739,8.09300041,46.42699814,5.09999990
0,2023-02-18 12:00:00,0,6740,8.43299961,46.76699829,8.69999981
0,2023-02-18 12:00:00,0,6744,8.33300018,46.57199860,2.09999990
0,2023-02-18 12:00:00,0,6745,8.31700039,46.50000000,0.00000000
0,2023-02-18 12:00:00,0,6747,7.81500006,45.95700073,
0,2023-02-18 12:00:00,0,6748,7.75299978,46.02899933,2.59999990
0,2023-02-18 12:00:00,0,6749,7.78599977,45.98400116,2.09999990
0,2023-02-18 12:00:00,0,6750,8.61499977,46.65200043,7.69999981
0,2023-02-18 12:00:00,0,6751,8.51700020,46.45000076,1.50000000
0,2023-02-18 12:00:00,0,6752,8.60000038,46.31700134,2.09999990
0,2023-02-18 12:00:00,0,6753,8.68299961,46.51699829,2.59999990
0,2023-02-18 12:00:00,0,6754,8.92500019,46.40999985,2.09999990
0,2023-02-18 12:00:00,0,6756,8.93599987,46.45899963,2.59999990
0,2023-02-18 12:00:00,0,6758,9.16699982,46.25000000,1.00000000
0,2023-02-18 12:00:00,0,6759,8.80000019,46.20000076,1.50000000
0,2023-02-18 12:00:00,0,6760,8.78699970,46.17200089,2.59999990
0,2023-02-18 12:00:00,0,6762,8.93400002,46.15999985,2.09999990
0,2023-02-18 12:00:00,0,6770,8.96700001,46.00000000,0.50000000
0,2023-02-18 12:00:00,0,6771,8.93200016,45.84299850,2.09999990
0,2023-02-18 12:00:00,0,6774,9.66699982,46.46699905,0.50000000
0,2023-02-18 12:00:00,0,6777,9.01700020,45.93299866,3.09999990
0,2023-02-18 12:00:00,0,6778,10.26700020,46.64799881,4.09999990
0,2023-02-18 12:00:00,0,6779,9.76200008,46.43199921,0.50000000
0,2023-02-18 12:00:00,0,6780,9.80599976,46.83300018,4.59999990
0,2023-02-18 12:00:00,0,6782,8.85299969,46.70700073,1.50000000
0,2023-02-18 12:00:00,0,6783,9.18299961,46.46699905,2.09999990
0,2023-02-18 12:00:00,0,6784,9.84399986,46.81299973,0.50000000
0,2023-02-18 12:00:00,0,6785,9.67899990,46.79199982,1.50000000
0,2023-02-18 12:00:00,0,6786,9.53100014,46.86999893,1.50000000
0,2023-02-18 12:00:00,0,6787,9.43200016,46.61000061,0.50000000
0,2023-02-18 12:00:00,0,6788,9.62800026,46.35300064,0.50000000
0,2023-02-18 12:00:00,0,6789,9.21500015,46.77500153,
0,2023-02-18 12:00:00,0,6790,9.66699982,46.98300171,0.50000000
0,2023-02-18 12:00:00,0,6791,9.81700039,46.41699982,6.19999981
0,2023-02-18 12:00:00,0,6792,9.87899971,46.52600098,1.00000000
0,2023-02-18 12:00:00,0,6793,9.55399990,46.75500107,1.00000000
0,2023-02-18 12:00:00,0,6794,10.06299973,46.34700012,2.59999990
0,2023-02-18 12:00:00,0,6795,9.52900028,46.57699966,2.59999990
0,2023-02-18 12:00:00,0,6796,10.42599964,46.60200119,3.09999990
0,2023-02-18 12:00:00,0,6797,10.01900005,46.40900040,7.19999981
0,2023-02-18 12:00:00,0,6798,10.28299999,46.79999924,2.09999990
0,2023-02-18 12:00:00,0,6799,10.26099968,46.81700134,6.69999981
0,2023-02-18 12:00:00,0,6846,9.51700020,46.71699905,
0,2023-02-18 12:00:00,0,6848,9.50000000,46.96699905,
0,2023-02-18 12:00:00,0,6990,9.51799965,47.12699890,3.09999990
0,2023-02-18 12:00:00,0,7002,1.60000002,50.73300171,10.80000019
0,2023-02-18 12:00:00,0,7003,1.62300003,50.51399994,6.19999981
0,2023-02-18 12:00:00,0,7005,1.83399999,50.13600159,8.69999981
0,2023-02-18 12:00:00,0,7010,2.33299994,51.04999924,8.19999981
0,2023-02-18 12:00:00,0,7015,3.09800005,50.56999969,11.30000019
0,2023-02-18 12:00:00,0,7019,-1.26699996,49.70000076,11.30000019
0,2023-02-18 12:00:00,0,7020,-1.94000006,49.72499847,9.30000019
0,2023-02-18 12:00:00,0,7022,-1.50000000,49.65000153,9.80000019
0,2023-02-18 12:00:00,0,7024,-1.46700001,49.65000153,8.69999981
0,2023-02-18 12:00:00,0,7027,-0.44999999,49.18299866,10.30000019
0,2023-02-18 12:00:00,0,7028,0.06700000,49.50000000,6.19999981
0,2023-02-18 12:00:00,0,7029,-0.76700002,49.34999847,9.80000019
0,2023-02-18 12:00:00,0,7031,0.16700000,49.34999847,6.69999981
0,2023-02-18 12:00:00,0,7034,-1.79999995,49.36700058,9.30000019
0,2023-02-18 12:00:00,0,7037,1.18200004,49.38299942,5.69999981
0,2023-02-18 12:00:00,0,7038,1.22200000,49.02500153,6.69999981
0,2023-02-18 12:00:00,0,7040,1.10000002,49.93299866,6.69999981
0,2023-02-18 12:00:00,0,7046,0.09200000,49.53300095,6.19999981
0,2023-02-18 12:00:00,0,7055,2.12700009,49.44599915,6.19999981
0,2023-02-18 12:00:00,0,7061,3.20600009,49.81800079,9.80000019
0,2023-02-18 12:00:00,0,7072,4.15000010,49.21699905,6.19999981
0,2023-02-18 12:00:00,0,7075,4.64300013,49.78300095,6.19999981
0,2023-02-18 12:00:00,0,7093,6.24300003,48.97900009,10.30000019
0,2023-02-18 12:00:00,0,7100,-5.05000019,48.48300171,7.69999981
0,2023-02-18 12:00:00,0,7106,-4.15000010,48.53300095,6.19999981
0,2023-02-18 12:00:00,0,7109,-4.43300009,48.28300095,6.19999981
0,2023-02-18 12:00:00,0,7110,-4.38299990,48.45000076,4.09999990
0,2023-02-18 12:00:00,0,7116,-4.01700020,48.75000000,5.69999981
0,2023-02-18 12:00:00,0,7117,-3.47300005,48.82600021,6.69999981
0,2023-02-18 12:00:00,0,7118,-3.46700001,48.75000000,4.59999990
0,2023-02-18 12:00:00,0,7120,-2.84999990,48.53300095,5.69999981
0,2023-02-18 12:00:00,0,7125,-2.08299994,48.58300018,4.09999990
0,2023-02-18 12:00:00,0,7130,-1.73300004,48.06700134,4.09999990
0,2023-02-18 12:00:00,0,7133,-1.61699998,48.83300018,7.69999981
0,2023-02-18 12:00:00,0,7134,-0.75000000,48.03300095,4.59999990
0,2023-02-18 12:00:00,0,7139,0.11700000,48.45000076,6.19999981
0,2023-02-18 12:00:00,0,7140,1.38300002,48.06700134,5.09999990
0,2023-02-18 12:00:00,0,7143,1.50000000,48.46699905,3.09999990
0,2023-02-18 12:00:00,0,7145,2.00000000,48.76699829,3.59999990
0,2023-02-18 12:00:00,0,7146,2.11700010,48.75000000,5.09999990
0,2023-02-18 12:00:00,0,7147,2.20000005,48.76699829,6.19999981
0,2023-02-18 12:00:00,0,7149,2.38400006,48.71699905,6.19999981
0,2023-02-18 12:00:00,0,7150,2.43300009,48.96699905,4.59999990
0,2023-02-18 12:00:00,0,7153,2.68300009,48.61700058,6.69999981
0,2023-02-18 12:00:00,0,7156,2.33299994,48.81700134,4.59999990
0,2023-02-18 12:00:00,0,7157,2.53299999,49.01699829,5.69999981
0,2023-02-18 12:00:00,0,7168,4.01999998,48.32500076,7.19999981
0,2023-02-18 12:00:00,0,7180,6.22100019,48.68799973,4.59999990
0,2023-02-18 12:00:00,0,7181,5.96000004,48.58100128,8.69999981
0,2023-02-18 12:00:00,0,7190,7.63999987,48.54899979,6.19999981
0,2023-02-18 12:00:00,0,7197,7.40000010,47.93299866,7.69999981
0,2023-02-18 12:00:00,0,7201,-4.16699982,47.96699905,5.09999990
0,2023-02-18 12:00:00,0,7203,-3.50000000,47.65000153,5.09999990
0,2023-02-18 12:00:00,0,7205,-3.45000005,47.76699829,5.09999990
0,2023-02-18 12:00:00,0,7207,-3.21799994,47.29399872,1.50000000
0,2023-02-18 12:00:00,0,7217,-2.16700006,47.31700134,3.59999990
0,2023-02-18 12:00:00,0,7222,-1.60000002,47.15000153,3.59999990
0,2023-02-18 12:00:00,0,7230,-0.60000002,47.48300171,
0,2023-02-18 12:00:00,0,7235,0.18300000,47.93299866,3.59999990
0,2023-02-18 12:00:00,0,7240,0.73299998,47.45000076,4.59999990
0,2023-02-18 12:00:00,0,7245,1.21700001,47.68299866,5.69999981
0,2023-02-18 12:00:00,0,7247,1.68299997,47.29999924,2.09999990
0,2023-02-18 12:00:00,0,7249,1.78299999,47.98300171,6.19999981
0,2023-02-18 12:00:00,0,7255,2.36700010,47.04999924,3.09999990
0,2023-02-18 12:00:00,0,7257,2.65000010,47.04999924,5.09999990
0,2023-02-18 12:00:00,0,7260,3.09999990,47.00000000,4.09999990
0,2023-02-18 12:00:00,0,7266,3.54999995,47.81700134,3.59999990
0,2023-02-18 12:00:00,0,7280,5.08300018,47.26699829,5.09999990
0,2023-02-18 12:00:00,0,7283,5.33300018,47.84999847,5.69999981
0,2023-02-18 12:00:00,0,7288,5.98299980,47.25000000,3.09999990
0,2023-02-18 12:00:00,0,7292,6.36399984,47.78699875,4.59999990
0,2023-02-18 12:00:00,0,7296,6.83300018,47.65000153,3.59999990
0,2023-02-18 12:00:00,0,7299,7.51000023,47.61399841,5.09999990
0,2023-02-18 12:00:00,0,7300,-2.33299994,46.70000076,1.50000000
0,2023-02-18 12:00:00,0,7306,-1.38300002,46.70000076,2.59999990
0,2023-02-18 12:00:00,0,7311,-1.56700003,46.25000000,
0,2023-02-18 12:00:00,0,7314,-1.41199994,46.04700089,1.00000000
0,2023-02-18 12:00:00,0,7316,-1.18299997,46.16699982,1.50000000
0,2023-02-18 12:00:00,0,7330,-0.40000001,46.31700134,1.50000000
0,2023-02-18 12:00:00,0,7335,0.31700000,46.59999847,4.09999990
0,2023-02-18 12:00:00,0,7354,1.73300004,46.86700058,5.09999990
0,2023-02-18 12:00:00,0,7361,1.95000005,46.18299866,2.09999990
0,2023-02-18 12:00:00,0,7374,3.40000010,46.16699982,2.09999990
0,2023-02-18 12:00:00,0,7379,4.01700020,46.41699982,3.09999990
0,2023-02-18 12:00:00,0,7385,4.80000019,46.29999924,1.00000000
0,2023-02-18 12:00:00,0,7386,5.42700005,47.04399872,5.69999981
0,2023-02-18 12:00:00,0,7412,-0.31700000,45.66699982,1.50000000
0,2023-02-18 12:00:00,0,7428,0.81699997,45.20000076,1.00000000
0,2023-02-18 12:00:00,0,7434,1.17499995,45.86100006,2.59999990
0,2023-02-18 12:00:00,0,7438,1.46700001,45.15000153,1.50000000
0,2023-02-18 12:00:00,0,7460,3.16700006,45.78300095,3.09999990
0,2023-02-18 12:00:00,0,7471,3.76699996,45.08300018,1.50000000
0,2023-02-18 12:00:00,0,7475,4.30000019,45.53300095,3.09999990
0,2023-02-18 12:00:00,0,7480,4.93300009,45.71699905,0.50000000
0,2023-02-18 12:00:00,0,7481,5.08300018,45.73300171,1.50000000
0,2023-02-18 12:00:00,0,7482,5.33300018,45.98300171,1.00000000
0,2023-02-18 12:00:00,0,7486,5.33300018,45.36700058,0.50000000
0,2023-02-18 12:00:00,0,7491,5.88299990,45.63299942,3.09999990
0,2023-02-18 12:00:00,0,7497,6.76700020,45.61700058,1.00000000
0,2023-02-18 12:00:00,0,10007,7.46700001,54.18299866,
0,2023-02-18 12:00:00,0,10015,7.90000010,54.18299866,7.00000000
0,2023-02-18 12:00:00,0,10020,8.41199970,55.01100159,6.00000000
0,2023-02-18 12:00:00,0,10022,8.94999981,54.78300095,3.00000000
0,2023-02-18 12:00:00,0,10028,8.60000038,54.33300018,5.00000000
0,2023-02-18 12:00:00,0,10033,9.50599957,54.82699966,3.00000000
0,2023-02-18 12:00:00,0,10035,9.54899979,54.52700043,3.00000000
0,2023-02-18 12:00:00,0,10037,9.52000046,54.45700073,5.00000000
0,2023-02-18 12:00:00,0,10038,9.53299999,54.31700134,2.00000000
0,2023-02-18 12:00:00,0,10042,10.01700020,54.63299942,4.00000000
0,2023-02-18 12:00:00,0,10044,10.26700020,54.50000000,5.00000000
0,2023-02-18 12:00:00,0,10046,10.14299965,54.37699890,4.00000000
0,2023-02-18 12:00:00,0,10055,11.06099987,54.52799988,5.00000000
0,2023-02-18 12:00:00,0,10091,13.43299961,54.68299866,12.00000000
0,2023-02-18 12:00:00,0,10093,13.47700024,54.36399841,9.00000000
0,2023-02-18 12:00:00,0,10097,13.90999985,54.24399948,9.00000000
0,2023-02-18 12:00:00,0,10113,7.15199995,53.71200180,11.00000000
0,2023-02-18 12:00:00,0,10124,8.12800026,53.86299896,19.00000000
0,2023-02-18 12:00:00,0,10126,7.66699982,53.54999924,12.00000000
0,2023-02-18 12:00:00,0,10129,8.58300018,53.53300095,14.00000000
0,2023-02-18 12:00:00,0,10130,9.01700020,54.06700134,5.00000000
0,2023-02-18 12:00:00,0,10131,8.69999981,53.86700058,11.00000000
0,2023-02-18 12:00:00,0,10136,8.65799999,53.76499939,12.00000000
0,2023-02-18 12:00:00,0,10139,9.13300037,53.45000076,9.00000000
0,2023-02-18 12:00:00,0,10142,9.56700039,53.98300171,2.00000000
0,2023-02-18 12:00:00,0,10146,9.88300037,53.73300171,1.00000000
0,2023-02-18 12:00:00,0,10147,9.98799992,53.63299942,1.00000000
0,2023-02-18 12:00:00,0,10150,10.35000038,54.16699982,3.00000000
0,2023-02-18 12:00:00,0,10152,10.88300037,54.08300018,3.00000000
0,2023-02-18 12:00:00,0,10156,10.69900036,53.80199814,2.00000000
0,2023-02-18 12:00:00,0,10161,11.19099998,54.00299835,1.00000000
0,2023-02-18 12:00:00,0,10162,11.38700008,53.64199829,1.00000000
0,2023-02-18 12:00:00,0,10168,12.10299969,53.60599899,1.00000000
0,2023-02-18 12:00:00,0,10170,12.08100033,54.18000031,5.00000000
0,2023-02-18 12:00:00,0,10172,12.27900028,53.91600037,3.00000000
0,2023-02-18 12:00:00,0,10180,12.71700001,54.33300018,5.00000000
0,2023-02-18 12:00:00,0,10184,13.39999962,54.09999847,7.00000000
0,2023-02-18 12:00:00,0,10193,14.06700039,53.75000000,4.00000000
0,2023-02-18 12:00:00,0,10200,7.23299980,53.38299942,12.00000000
0,2023-02-18 12:00:00,0,10210,7.90000010,53.06700134,10.00000000
0,2023-02-18 12:00:00,0,10224,8.79800034,53.04499817,11.00000000
0,2023-02-18 12:00:00,0,10235,9.79300022,52.95999908,9.00000000
0,2023-02-18 12:00:00,0,10238,9.92500019,52.81499863,4.00000000
0,2023-02-18 12:00:00,0,10246,10.18900013,52.91600037,8.00000000
0,2023-02-18 12:00:00,0,10249,10.68299961,53.38299942,4.00000000
0,2023-02-18 12:00:00,0,10253,11.13300037,52.96699905,7.00000000
0,2023-02-18 12:00:00,0,10261,11.73299980,52.88299942,6.00000000
0,2023-02-18 12:00:00,0,10264,11.93200016,53.32199860,1.00000000
0,2023-02-18 12:00:00,0,10267,12.41699982,52.93299866,2.00000000
0,2023-02-18 12:00:00,0,10268,12.66699982,53.51699829,3.00000000
0,2023-02-18 12:00:00,0,10281,13.30399990,53.59999847,4.00000000
0,2023-02-18 12:00:00,0,10282,13.41699982,53.31700134,3.00000000
0,2023-02-18 12:00:00,0,10289,13.93299961,53.31700134,4.00000000
0,2023-02-18 12:00:00,0,10291,13.98299980,53.03300095,2.00000000
0,2023-02-18 12:00:00,0,10304,7.31699991,52.71599960,6.00000000
0,2023-02-18 12:00:00,0,10309,6.93300009,52.08300018,8.00000000
0,2023-02-18 12:00:00,0,10310,8.28299999,52.11700058,
0,2023-02-18 12:00:00,0,10312,8.16699982,52.31700134,9.00000000
0,2023-02-18 12:00:00,0,10315,7.69999981,52.13299942,9.00000000
0,2023-02-18 12:00:00,0,10321,8.35000038,52.58300018,9.00000000
0,2023-02-18 12:00:00,0,10325,8.75199986,52.10400009,6.00000000
0,2023-02-18 12:00:00,0,10334,9.43299961,52.46699905,11.00000000
0,2023-02-18 12:00:00,0,10335,9.08300018,52.28300095,11.00000000
0,2023-02-18 12:00:00,0,10338,9.67800045,52.46400070,10.00000000
0,2023-02-18 12:00:00,0,10343,10.02999973,52.59600067,10.00000000
0,2023-02-18 12:00:00,0,10348,10.44600010,52.29100037,9.00000000
0,2023-02-18 12:00:00,0,10356,11.17599964,52.15999985,
0,2023-02-18 12:00:00,0,10359,11.39999962,52.51699829,8.00000000
0,2023-02-18 12:00:00,0,10361,11.58300018,52.10300064,8.00000000
0,2023-02-18 12:00:00,0,10365,12.16699982,52.38299942,5.00000000
0,2023-02-18 12:00:00,0,10368,12.46700001,52.11700058,6.00000000
0,2023-02-18 12:00:00,0,10376,13.50000000,52.06100082,4.00000000
0,2023-02-18 12:00:00,0,10379,13.06200027,52.38100052,6.00000000
0,2023-02-18 12:00:00,0,10381,13.30000019,52.45000076,5.00000000
0,2023-02-18 12:00:00,0,10384,13.39999962,52.46699905,4.00000000
0,2023-02-18 12:00:00,0,10385,13.53100014,52.38100052,5.00000000
0,2023-02-18 12:00:00,0,10393,14.11999989,52.20899963,3.00000000
0,2023-02-18 12:00:00,0,10396,14.55000019,52.54999924,4.00000000
0,2023-02-18 12:00:00,0,10400,6.76700020,51.29999924,8.00000000
0,2023-02-18 12:00:00,0,10410,6.96799994,51.40399933,7.00000000
0,2023-02-18 12:00:00,0,10418,7.65000010,51.25000000,7.00000000
0,2023-02-18 12:00:00,0,10424,7.88299990,51.58300018,8.00000000
0,2023-02-18 12:00:00,0,10427,8.48299980,51.18299866,15.00000000
0,2023-02-18 12:00:00,0,10430,8.83899975,51.78499985,8.00000000
0,2023-02-18 12:00:00,0,10433,9.26700020,51.86700058,6.00000000
0,2023-02-18 12:00:00,0,10435,9.11699963,51.50000000,9.00000000
0,2023-02-18 12:00:00,0,10439,9.27999973,51.11899948,9.00000000
0,2023-02-18 12:00:00,0,10441,9.36699963,51.28300095,5.00000000
0,2023-02-18 12:00:00,0,10442,9.80000019,51.96699905,8.00000000
0,2023-02-18 12:00:00,0,10444,9.94999981,51.50000000,9.00000000
0,2023-02-18 12:00:00,0,10449,10.31200027,51.39300156,10.00000000
0,2023-02-18 12:00:00,0,10452,10.60200024,51.72299957,7.00000000
0,2023-02-18 12:00:00,0,10453,10.61800003,51.79899979,24.00000000
0,2023-02-18 12:00:00,0,10454,10.76700020,51.84999847,11.00000000
0,2023-02-18 12:00:00,0,10458,11.13300037,51.65000153,12.00000000
0,2023-02-18 12:00:00,0,10460,11.30000019,51.36700058,12.00000000
0,2023-02-18 12:00:00,0,10469,12.23999977,51.43500137,13.00000000
0,2023-02-18 12:00:00,0,10471,12.44999981,51.31700134,9.00000000
0,2023-02-18 12:00:00,0,10474,12.64500046,51.88899994,6.00000000
0,2023-02-18 12:00:00,0,10476,13.16699982,51.76599884,9.00000000
0,2023-02-18 12:00:00,0,10480,13.10000038,51.29999924,10.00000000
0,2023-02-18 12:00:00,0,10488,13.75399971,51.12799835,9.00000000
0,2023-02-18 12:00:00,0,10490,13.56700039,51.65000153,5.00000000
0,2023-02-18 12:00:00,0,10495,14.25000000,51.45000076,5.00000000
0,2023-02-18 12:00:00,0,10496,14.31700039,51.78300095,3.00000000
0,2023-02-18 12:00:00,0,10499,14.94999981,51.16699982,6.00000000
0,2023-02-18 12:00:00,0,10500,6.03900003,50.95899963,
0,2023-02-18 12:00:00,0,10502,6.65999985,50.82899857,9.00000000
0,2023-02-18 12:00:00,0,10505,6.01700020,50.79999924,10.00000000
0,2023-02-18 12:00:00,0,10506,6.86700010,50.36700058,7.00000000
0,2023-02-18 12:00:00,0,10513,7.15000010,50.86700058,6.00000000
0,2023-02-18 12:00:00,0,10519,7.20400000,50.72900009,7.00000000
0,2023-02-18 12:00:00,0,10520,7.41699982,50.41699982,6.00000000
0,2023-02-18 12:00:00,0,10526,7.96000004,50.66199875,5.00000000
0,2023-02-18 12:00:00,0,10532,8.64999962,50.59999847,9.00000000
0,2023-02-18 12:00:00,0,10534,9.22500038,50.50799942,11.00000000
0,2023-02-18 12:00:00,0,10537,9.01700020,50.75000000,9.00000000
0,2023-02-18 12:00:00,0,10540,10.36699963,51.00000000,9.00000000
0,2023-02-18 12:00:00,0,10542,9.73799992,50.85200119,7.00000000
0,2023-02-18 12:00:00,0,10544,9.94299984,50.49700165,14.00000000
0,2023-02-18 12:00:00,0,10548,10.37699986,50.56200027,7.00000000
0,2023-02-18 12:00:00,0,10552,10.77000046,50.65399933,10.00000000
0,2023-02-18 12:00:00,0,10554,10.96700001,50.98300171,11.00000000
0,2023-02-18 12:00:00,0,10557,11.13300037,50.50000000,7.00000000
0,2023-02-18 12:00:00,0,10564,11.80000019,50.56700134,10.00000000
0,2023-02-18 12:00:00,0,10565,11.93299961,51.08300018,9.00000000
0,2023-02-18 12:00:00,0,10567,12.13300037,50.88299942,10.00000000
0,2023-02-18 12:00:00,0,10569,12.13000011,50.48199844,7.00000000
0,2023-02-18 12:00:00,0,10574,12.61100006,50.43099976,7.00000000
0,2023-02-18 12:00:00,0,10577,12.87199974,50.79100037,12.00000000
0,2023-02-18 12:00:00,0,10578,12.94999981,50.43299866,17.00000000
0,2023-02-18 12:00:00,0,10579,13.14700031,50.65100098,9.00000000
0,2023-02-18 12:00:00,0,10582,13.75000000,50.73300171,11.00000000
0,2023-02-18 12:00:00,0,10591,14.21700001,50.93299866,4.00000000
0,2023-02-18 12:00:00,0,10609,6.66699982,49.75000000,9.00000000
0,2023-02-18 12:00:00,0,10613,7.05900002,50.17399979,8.00000000
0,2023-02-18 12:00:00,0,10615,7.05000019,49.76699829,10.00000000
0,2023-02-18 12:00:00,0,10616,7.26700020,49.95000076,10.00000000
0,2023-02-18 12:00:00,0,10618,7.32600021,49.69300079,10.00000000
0,2023-02-18 12:00:00,0,10628,7.95499992,49.98600006,12.00000000
0,2023-02-18 12:00:00,0,10635,8.44699955,50.22200012,4.00000000
0,2023-02-18 12:00:00,0,10637,8.52099991,50.02600098,8.00000000
0,2023-02-18 12:00:00,0,10641,8.78600025,50.09000015,7.00000000
0,2023-02-18 12:00:00,0,10646,9.41699982,50.01699829,11.00000000
0,2023-02-18 12:00:00,0,10648,9.10000038,49.71699905,7.00000000
0,2023-02-18 12:00:00,0,10655,9.95699978,49.77000046,11.00000000
0,2023-02-18 12:00:00,0,10658,10.07900047,50.22399902,8.00000000
0,2023-02-18 12:00:00,0,10671,10.96700001,50.29999924,11.00000000
0,2023-02-18 12:00:00,0,10675,10.91699982,49.86700058,5.00000000
0,2023-02-18 12:00:00,0,10685,11.88300037,50.31700134,7.00000000
0,2023-02-18 12:00:00,0,10686,11.97399998,50.03099823,10.00000000
0,2023-02-18 12:00:00,0,10688,12.18299961,49.66699982,4.00000000
0,2023-02-18 12:00:00,0,10704,6.68699980,49.26399994,7.00000000
0,2023-02-18 12:00:00,0,10706,7.03299999,49.46699905,9.00000000
0,2023-02-18 12:00:00,0,10708,7.09999990,49.21699905,8.00000000
0,2023-02-18 12:00:00,0,10724,8.12100029,49.37599945,13.00000000
0,2023-02-18 12:00:00,0,10729,8.55799961,49.50600052,8.00000000
0,2023-02-18 12:00:00,0,10731,8.33300018,48.96699905,8.00000000
0,2023-02-18 12:00:00,0,10733,8.89999962,49.29999924,8.00000000
0,2023-02-18 12:00:00,0,10736,8.87300014,48.97200012,6.00000000
0,2023-02-18 12:00:00,0,10738,9.22399998,48.68799973,7.00000000
0,2023-02-18 12:00:00,0,10739,9.19999981,48.83300018,7.00000000
0,2023-02-18 12:00:00,0,10742,9.51700020,49.20000076,10.00000000
0,2023-02-18 12:00:00,0,10743,9.96700001,49.38899994,14.00000000
0,2023-02-18 12:00:00,0,10747,9.68299961,48.91699982,5.00000000
0,2023-02-18 12:00:00,0,10756,10.36699963,49.16699982,8.00000000
0,2023-02-18 12:00:00,0,10761,10.93299961,49.01699829,9.00000000
0,2023-02-18 12:00:00,0,10763,11.05500031,49.50299835,8.00000000
0,2023-02-18 12:00:00,0,10765,11.10000038,49.21699905,8.00000000
0,2023-02-18 12:00:00,0,10771,11.90200043,49.42800140,6.00000000
0,2023-02-18 12:00:00,0,10776,12.10200024,49.04199982,6.00000000
0,2023-02-18 12:00:00,0,10777,11.43299961,48.95000076,7.00000000
0,2023-02-18 12:00:00,0,10782,12.68299961,49.38299942,11.00000000
0,2023-02-18 12:00:00,0,10788,12.56000042,48.82799911,8.00000000
0,2023-02-18 12:00:00,0,10791,13.13300037,49.11700058,16.00000000
0,2023-02-18 12:00:00,0,10796,13.23900032,49.02799988,5.00000000
0,2023-02-18 12:00:00,0,10803,7.83400011,48.02299881,9.00000000
0,2023-02-18 12:00:00,0,10805,7.82800007,48.36500168,6.00000000
0,2023-02-18 12:00:00,0,10815,8.40900040,48.45399857,7.00000000
0,2023-02-18 12:00:00,0,10818,8.75500011,48.10499954,8.00000000
0,2023-02-18 12:00:00,0,10827,8.94999981,48.16699982,7.00000000
0,2023-02-18 12:00:00,0,10836,9.86499977,48.66600037,13.00000000
0,2023-02-18 12:00:00,0,10837,9.91699982,48.21699905,11.00000000
0,2023-02-18 12:00:00,0,10840,9.91699982,48.43299866,7.00000000
0,2023-02-18 12:00:00,0,10850,10.70600033,48.79199982,12.00000000
0,2023-02-18 12:00:00,0,10852,10.94200039,48.42499924,10.00000000
0,2023-02-18 12:00:00,0,10853,11.21500015,48.70899963,8.00000000
0,2023-02-18 12:00:00,0,10856,10.85000038,48.18299866,10.00000000
0,2023-02-18 12:00:00,0,10860,11.53600025,48.71099854,10.00000000
0,2023-02-18 12:00:00,0,10863,11.69999981,48.40000153,10.00000000
0,2023-02-18 12:00:00,0,10865,11.55000019,48.16699982,8.00000000
0,2023-02-18 12:00:00,0,10870,11.81700039,48.34999847,11.00000000
0,2023-02-18 12:00:00,0,10872,12.53899956,48.65900040,10.00000000
0,2023-02-18 12:00:00,0,10875,12.50199986,48.27899933,13.00000000
0,2023-02-18 12:00:00,0,10895,13.35000038,48.54999924,9.00000000
0,2023-02-18 12:00:00,0,10908,8.00000000,47.86700058,16.00000000
0,2023-02-18 12:00:00,0,10929,9.13099957,47.69499969,8.00000000
0,2023-02-18 12:00:00,0,10945,10.03299999,47.79999924,11.00000000
0,2023-02-18 12:00:00,0,10946,10.33500004,47.72299957,5.00000000
0,2023-02-18 12:00:00,0,10948,10.27600002,47.39799881,2.00000000
0,2023-02-18 12:00:00,0,10954,10.86699963,47.83399963,12.00000000
0,2023-02-18 12:00:00,0,10961,10.98499966,47.42100143,12.00000000
0,2023-02-18 12:00:00,0,10962,11.01700020,47.79999924,9.00000000
0,2023-02-18 12:00:00,0,10963,11.06700039,47.48300171,3.00000000
0,2023-02-18 12:00:00,0,10982,12.53999996,47.88399887,4.00000000
0,2023-02-18 12:00:00,0,11001,13.66699982,48.09999847,11.00000000
0,2023-02-18 12:00:00,0,11008,14.00399971,48.56700134,7.00000000
0,2023-02-18 12:00:00,0,11010,14.18299961,48.23300171,10.00000000
0,2023-02-18 12:00:00,0,11012,14.13099957,48.05500031,8.00000000
0,2023-02-18 12:00:00,0,11018,14.89999962,48.11700058,6.00000000
0,2023-02-18 12:00:00,0,11025,14.88300037,48.70000076,6.00000000
0,2023-02-18 12:00:00,0,11051,13.03299999,48.21699905,8.00000000
0,2023-02-18 12:00:00,0,11053,13.48299980,48.21699905,4.00000000
0,2023-02-18 12:00:00,0,11055,13.43299961,48.46699905,7.00000000
0,2023-02-18 12:00:00,0,11059,14.06700039,48.16699982,7.00000000
0,2023-02-18 12:00:00,0,11060,14.28499985,48.29600143,2.00000000
0,2023-02-18 12:00:00,0,11101,9.74600029,47.49900055,1.00000000
0,2023-02-18 12:00:00,0,11105,9.61699963,47.26699829,1.00000000
0,2023-02-18 12:00:00,0,11110,10.23299980,47.13299942,9.00000000
0,2023-02-18 12:00:00,0,11112,10.31700039,46.98300171,5.00000000
0,2023-02-18 12:00:00,0,11119,11.18299961,47.31700134,5.00000000
0,2023-02-18 12:00:00,0,11120,11.35000038,47.26699829,2.00000000
0,2023-02-18 12:00:00,0,11121,11.35000038,47.25000000,2.00000000
0,2023-02-18 12:00:00,0,11126,11.46700001,47.21699905,6.00000000
0,2023-02-18 12:00:00,0,11127,11.02400017,46.86700058,2.00000000
0,2023-02-18 12:00:00,0,11129,11.51700020,47.00000000,1.00000000
0,2023-02-18 12:00:00,0,11130,12.16699982,47.58300018,4.00000000
0,2023-02-18 12:00:00,0,11136,12.18299961,47.23300171,0.00000000
0,2023-02-18 12:00:00,0,11138,12.63300037,47.13299942,4.00000000
0,2023-02-18 12:00:00,0,11140,12.69999981,47.58300018,1.00000000
0,2023-02-18 12:00:00,0,11141,13.21700001,47.40000153,3.00000000
0,2023-02-18 12:00:00,0,11148,13.64999962,47.09999847,4.00000000
0,2023-02-18 12:00:00,0,11149,13.56700039,47.25000000,5.00000000
0,2023-02-18 12:00:00,0,11150,13.00899982,47.78900146,7.00000000
0,2023-02-18 12:00:00,0,11152,13.10000038,47.98300171,5.00000000
0,2023-02-18 12:00:00,0,11153,13.34700012,47.85100174,3.00000000
0,2023-02-18 12:00:00,0,11155,13.71800041,47.81700134,6.00000000
0,2023-02-18 12:00:00,0,11157,14.13799953,47.53300095,4.00000000
0,2023-02-18 12:00:00,0,11161,14.94999981,47.51699829,2.00000000
0,2023-02-18 12:00:00,0,11201,12.41699982,46.75000000,4.00000000
0,2023-02-18 12:00:00,0,11204,12.81700039,46.83300018,1.00000000
0,2023-02-18 12:00:00,0,11208,13.43299961,47.38299942,0.00000000
0,2023-02-18 12:00:00,0,11213,13.88300037,46.61700058,1.00000000
0,2023-02-18 12:00:00,0,11214,14.91699982,46.93299866,2.00000000
0,2023-02-18 12:00:00,0,11220,14.41699982,47.06700134,3.00000000
0,2023-02-18 12:00:00,0,11225,14.18299961,46.84999847,1.00000000
0,2023-02-18 12:00:00,0,11227,14.10000038,46.71699905,0.00000000
0,2023-02-18 12:00:00,0,11229,14.83300018,46.76699829,1.00000000
0,2023-02-18 12:00:00,0,11231,14.33699989,46.64300156,2.00000000
0,2023-02-18 12:00:00,0,11232,14.76700020,46.56700134,0.00000000
0,2023-02-18 12:00:00,0,11265,13.66699982,46.59999847,12.00000000
0,2023-02-18 12:00:00,0,11266,11.69999981,47.50000000,3.00000000
0,2023-02-18 12:00:00,0,11272,13.48299980,46.78300095,1.00000000
0,2023-02-18 12:00:00,0,11275,13.85000038,46.73300171,0.00000000
0,2023-02-18 12:00:00,0,11280,14.18299961,47.11700058,1.00000000
0,2023-02-18 12:00:00,0,11301,9.85000038,47.45000076,4.00000000
0,2023-02-18 12:00:00,0,11302,9.73299980,47.43299866,2.00000000
0,2023-02-18 12:00:00,0,11304,9.73299980,47.09999847,1.00000000
0,2023-02-18 12:00:00,0,11308,10.18299961,47.25000000,3.00000000
0,2023-02-18 12:00:00,0,11312,10.18299961,46.96699905,4.00000000
0,2023-02-18 12:00:00,0,11314,10.73299980,47.50000000,2.00000000
0,2023-02-18 12:00:00,0,11316,10.88300037,46.93299866,2.00000000
0,2023-02-18 12:00:00,0,11318,10.86200047,46.91299820,2.00000000
0,2023-02-18 12:00:00,0,11330,11.85200024,47.16299820,1.00000000
0,2023-02-18 12:00:00,0,11331,14.31700039,46.63299942,2.00000000
0,2023-02-18 12:00:00,0,11337,12.64599991,47.59799957,7.00000000
0,2023-02-18 12:00:00,0,11340,12.73299980,47.33300018,14.00000000
0,2023-02-18 12:00:00,0,11343,12.95899963,47.05400085,10.00000000
0,2023-02-18 12:00:00,0,11346,13.00000000,47.21699905,1.00000000
0,2023-02-18 12:00:00,0,11349,13.61699963,47.06700134,3.00000000
0,2023-02-18 12:00:00,0,11350,13.05399990,47.79100037,3.00000000
0,2023-02-18 12:00:00,0,11362,14.76700020,47.41699982,5.00000000
0,2023-02-18 12:00:00,0,11365,14.76700020,47.20000076,3.00000000
0,2023-02-18 12:00:00,0,11366,12.64999962,47.38299942,0.00000000
0,2023-02-18 12:00:00,0,11406,12.38300037,50.06700134,7.00000000
0,2023-02-18 12:00:00,0,11414,12.91699982,50.20000076,8.00000000
0,2023-02-18 12:00:00,0,11423,12.68299961,49.66699982,7.00000000
0,2023-02-18 12:00:00,0,11438,13.33300018,50.38299942,14.00000000
0,2023-02-18 12:00:00,0,11450,13.38300037,49.76699829,9.00000000
0,2023-02-18 12:00:00,0,11457,13.61699963,49.06700134,7.00000000
0,2023-02-18 12:00:00,0,11464,13.93299961,50.54999924,12.00000000
0,2023-02-18 12:00:00,0,11487,13.83300018,49.46699905,12.00000000
0,2023-02-18 12:00:00,0,11502,14.03299999,50.68299866,6.00000000
0,2023-02-18 12:00:00,0,11509,14.16699982,50.46699905,10.00000000
0,2023-02-18 12:00:00,0,11518,14.25000000,50.09999847,10.00000000
0,2023-02-18 12:00:00,0,11520,14.44699955,50.00799942,6.00000000
0,2023-02-18 12:00:00,0,11538,14.35000038,49.20000076,10.00000000
0,2023-02-18 12:00:00,0,11546,14.46700001,48.95000076,6.00000000
0,2023-02-18 12:00:00,0,11567,14.53299999,50.11700058,10.00000000
0,2023-02-18 12:00:00,0,12200,14.23299980,53.91699982,4.00000000
0,2023-02-18 12:00:00,0,12205,14.61699963,53.40000153,2.00000000
0,2023-02-18 12:00:00,0,12310,14.60000038,52.34999847,3.00000000
0,2023-02-18 12:00:00,0,14006,13.83300018,46.26699829,2.00000000
0,2023-02-18 12:00:00,0,14007,13.71700001,46.49800110,
0,2023-02-18 12:00:00,0,14008,13.85000038,46.38299942,11.00000000
0,2023-02-18 12:00:00,0,14009,13.89999962,46.03300095,1.00000000
0,2023-02-18 12:00:00,0,14010,14.18299961,46.36700058,1.00000000
0,2023-02-18 12:00:00,0,14012,14.36699963,46.09999847,3.00000000
0,2023-02-18 12:00:00,0,14014,14.46700001,46.21699905,1.00000000
0,2023-02-18 12:00:00,0,14015,14.51700020,46.06700134,3.00000000
0,2023-02-18 12:00:00,0,14105,13.61699963,45.48300171,3.00000000
0,2023-02-18 12:00:00,0,14106,13.61699963,45.90000153,1.00000000
0,2023-02-18 12:00:00,0,14112,14.19999981,45.76699829,4.00000000
0,2023-02-18 12:00:00,0,14118,14.85000038,45.65000153,0.00000000
0,2023-02-18 12:00:00,0,14216,14.44999981,45.33300018,1.00000000
0,2023-02-18 12:00:00,0,14219,14.63300037,45.59999847,3.00000000
0,2023-02-18 12:00:00,0,14308,13.93299961,45.23300171,2.00000000
0,2023-02-18 12:00:00,0,14317,14.58300018,45.21699905,1.00000000
0,2023-02-18 12:00:00,0,16008,10.53400040,46.76200104,2.59999990
0,2023-02-18 12:00:00,0,16014,11.43299961,46.88299942,
0,2023-02-18 12:00:00,0,16020,11.33300018,46.46699905,1.00000000
0,2023-02-18 12:00:00,0,16021,11.78699970,46.29800034,4.09999990
0,2023-02-18 12:00:00,0,16022,11.03400040,46.15999985,2.09999990
0,2023-02-18 12:00:00,0,16033,12.22000027,46.72999954,2.09999990
0,2023-02-18 12:00:00,0,16036,12.60000038,46.03300095,2.09999990
0,2023-02-18 12:00:00,0,16040,13.58300018,46.50000000,
0,2023-02-18 12:00:00,0,16045,13.05000019,45.98300171,1.50000000
0,2023-02-18 12:00:00,0,16052,7.70599985,45.93500137,6.69999981
0,2023-02-18 12:00:00,0,16054,7.34999990,45.73300171,0.50000000
0,2023-02-18 12:00:00,0,16059,7.65000010,45.21699905,1.00000000
0,2023-02-18 12:00:00,0,16061,7.73199987,45.03300095,1.50000000
0,2023-02-18 12:00:00,0,16064,8.66699982,45.51699829,
0,2023-02-18 12:00:00,0,16066,8.73299980,45.61700058,4.09999990
0,2023-02-18 12:00:00,0,16076,9.69999981,45.66699982,5.09999990
0,2023-02-18 12:00:00,0,16080,9.28299999,45.45000076,5.09999990
0,2023-02-18 12:00:00,0,16088,10.28100014,45.42100143,2.59999990
0,2023-02-18 12:00:00,0,16089,10.55000019,45.46699905,2.09999990
0,2023-02-18 12:00:00,0,16090,10.86699963,45.38299942,1.50000000
0,2023-02-18 12:00:00,0,16098,12.10700035,45.68399811,0.00000000
0,2023-02-18 12:00:00,0,16099,12.18299961,45.65000153,0.50000000
0,2023-02-18 12:00:00,0,16101,12.38300037,45.43299866,0.00000000
0,2023-02-18 12:00:00,0,16105,12.33300018,45.50000000,0.50000000
0,2023-02-18 12:00:00,0,16108,13.48299980,45.81700134,1.50000000
0,2023-02-18 12:00:00,0,16110,13.75500011,45.67699814,0.50000000
0,2023-02-18 12:00:00,0,99001,-3.48300004,50.39899826,7.19999981
0,2023-02-18 12:00:00,0,99003,-4.72700024,58.16799927,
0,2023-02-18 12:00:00,0,99005,-4.23799992,56.93999863,
0,2023-02-18 12:00:00,0,99006,-5.44000006,56.45000076,1.50000000
0,2023-02-18 12:00:00,0,99008,0.44800001,51.28799820,4.59999990
0,2023-02-18 12:00:00,0,99010,-2.39000010,57.44300079,
0,2023-02-18 12:00:00,0,99014,-6.11100006,54.29700089,3.09999990
0,2023-02-18 12:00:00,0,99015,-6.18400002,54.07699966,7.69999981
0,2023-02-18 12:00:00,0,99016,-3.92199993,58.22999954,0.50000000
0,2023-02-18 12:00:00,0,99017,-1.58299994,50.66299820,15.39999962
0,2023-02-18 12:00:00,0,99018,-5.58400011,54.67399979,5.09999990
0,2023-02-18 12:00:00,0,99020,-4.66099977,56.41899872,
0,2023-02-18 12:00:00,0,99024,-3.87500000,55.86100006,5.09999990
0,2023-02-18 12:00:00,0,99025,-1.25100005,52.83599854,6.69999981
0,2023-02-18 12:00:00,0,99049,-1.58599997,54.76800156,
0,2023-02-18 12:00:00,0,99057,-0.59600002,52.01399994,
0,2023-02-18 12:00:00,0,99059,-2.05999994,52.09999847,
0,2023-02-18 12:00:00,0,99060,-2.47000003,53.84500122,
0,2023-02-18 12:00:00,0,99062,-1.92799997,52.45600128,
0,2023-02-18 12:00:00,0,99063,-2.17899990,53.60900116,4.59999990
0,2023-02-18 12:00:00,0,99069,-1.68499994,55.21200180,
0,2023-02-18 12:00:00,0,99070,-1.53600001,52.42399979,3.59999990
0,2023-02-18 12:00:00,0,99077,-1.31900001,53.86899948,9.30000019
0,2023-02-18 12:00:00,0,99078,-0.23700000,52.40200043,4.59999990
0,2023-02-18 12:00:00,0,99079,-1.39499998,50.89199829,8.69999981
0,2023-02-18 12:00:00,0,99080,-0.46700001,51.31100082,5.09999990
0,2023-02-18 12:00:00,0,99081,-3.90400004,50.76900101,7.69999981
0,2023-02-18 12:00:00,0,99086,-5.74800014,54.66899872,
0,2023-02-18 12:00:00,0,99088,-4.56500006,55.47700119,
0,2023-02-18 12:00:00,0,99089,-3.39700007,57.01100159,
0,2023-02-18 12:00:00,0,99090,-3.95000005,54.92599869,
0,2023-02-18 12:00:00,0,99092,-5.30600023,57.61299896,
0,2023-02-18 12:00:00,0,99093,-2.26999998,52.99900055,
0,2023-02-18 12:00:00,0,99094,-3.97700000,50.70299911,
0,2023-02-18 12:00:00,0,99095,-0.29400000,51.48199844,4.59999990
0,2023-02-18 12:00:00,0,99096,0.04100000,51.66400146,
0,2023-02-18 12:00:00,0,99107,-1.49100006,53.38100052,
0,2023-02-18 12:00:00,0,99113,-2.70499992,53.77399826,
0,2023-02-18 12:00:00,0,99114,-5.82999992,54.60300064,
0,2023-02-18 12:00:00,0,99116,-0.64300001,54.10499954,
0,2023-02-18 12:00:00,0,99118,0.67100000,52.45899963,
0,2023-02-18 12:00:00,0,99119,-0.85000002,51.17800140,
0,2023-02-18 12:00:00,0,99121,-6.25500011,55.04800034,
0,2023-02-18 12:00:00,0,99122,1.29100001,52.93399811,
0,2023-02-18 12:00:00,0,99123,0.10000000,52.24499893,
0,2023-02-18 12:00:00,0,99124,0.56599998,52.26100159,
0,2023-02-18 12:00:00,0,99125,-4.37300014,57.45899963,
0,2023-02-18 12:00:00,0,99126,0.46000001,51.07699966,
0,2023-02-18 12:00:00,0,99127,0.42899999,51.73400116,
0,2023-02-18 12:00:00,0,99128,-2.22099996,51.60699844,
0,2023-02-18 12:00:00,0,99130,-5.83199978,54.24499893,
0,2023-02-18 12:00:00,0,99131,-6.96600008,54.88600159,
0,2023-02-18 12:00:00,0,99132,-4.48600006,57.32799911,
0,2023-02-18 12:00:00,0,99135,-4.90799999,55.74900055,
0,2023-02-18 12:00:00,0,99136,0.65200001,52.82400131,
0,2023-02-18 12:00:00,0,99137,-3.45900011,54.64899826,
0,2023-02-18 12:00:00,0,99141,-1.95400000,51.94800186,
0,2023-02-18 12:00:00,0,99142,-0.42300001,54.27299881,
0,2023-02-18 12:00:00,0,99143,-3.08100009,54.61999893,
0,2023-02-18 12:00:00,0,99144,-7.56099987,54.18899918,
0,2023-02-18 12:00:00,0,99145,-3.22000003,57.03699875,
0,2023-02-18 12:00:00,0,99146,-1.93499994,52.24800110,
0,2023-02-18 12:00:00,0,99147,-5.65700006,54.57199860,
0,2023-02-18 12:00:00,0,99148,1.27999997,52.16299820,
0,2023-02-18 12:00:00,0,99149,-1.64100003,52.73699951,
0,2023-02-18 12:00:00,0,99150,-4.01999998,52.43199921,
0,2023-02-18 12:00:00,0,99151,-0.88400000,53.40599823,
0,2023-02-18 12:00:00,0,99153,-5.01599979,58.06299973,
0,2023-02-18 12:00:00,0,99155,-2.42799997,52.77799988,
0,2023-02-18 12:00:00,0,99157,-1.33500004,51.00899887,
0,2023-02-18 12:00:00,0,99158,-1.39600003,52.62300110,
0,2023-02-18 12:00:00,0,99159,-1.95899999,50.61399841,
0,2023-02-18 12:00:00,0,99160,-3.18899989,51.48799896,
0,2023-02-18 12:00:00,0,99161,0.62800002,52.09099960,
0,2023-02-18 12:00:00,0,99162,-1.39400005,53.62799835,
0,2023-02-18 12:00:00,0,99163,-4.15799999,52.91500092,
0,2023-02-18 12:00:00,0,99164,-2.95000005,52.59000015,
0,2023-02-18 12:00:00,0,99166,-1.40600002,51.99800110,
0,2023-02-18 12:00:00,0,99167,-2.10100007,54.30799866,
0,2023-02-18 12:00:00,0,99168,-6.89699984,57.77999878,
0,2023-02-18 12:00:00,0,99169,-2.76699996,53.85400009,
0,2023-02-18 12:00:00,0,99170,-3.45199990,52.21599960,
0,2023-02-18 12:00:00,0,99171,-1.77400005,53.81399918,
0,2023-02-18 12:00:00,0,99172,-2.77800012,54.25899887,
0,2023-02-18 12:00:00,0,99173,-1.78199995,54.47299957,
0,2023-02-18 12:00:00,0,99174,-4.67899990,51.98899841,
0,2023-02-18 12:00:00,0,99175,-6.00500011,54.81700134,
0,2023-02-18 12:00:00,0,99176,-2.92300010,51.71400070,
0,2023-02-18 12:00:00,0,99177,-1.77100003,54.06999969,
0,2023-02-18 12:00:00,0,99178,-0.65899998,53.63700104,
0,2023-02-18 12:00:00,0,99179,-2.52600002,53.08599854,
0,2023-02-18 12:00:00,0,99180,-3.21199989,55.96699905,
0,2023-02-18 12:00:00,0,99182,0.59600002,51.14199829,
0,2023-02-18 12:00:00,0,99183,-0.93800002,51.44100189,
0,2023-02-18 12:00:00,0,99184,-4.92199993,51.86000061,
0,2023-02-18 12:00:00,0,99185,-0.49399999,50.93799973,
0,2023-02-18 12:00:00,0,99186,-2.57999992,55.23400116,
0,2023-02-18 12:00:00,0,99187,-2.85999990,54.07600021,
0,2023-02-18 12:00:00,0,99188,-6.51200008,55.23400116,
0,2023-02-18 12:00:00,0,99189,-1.60500002,52.20600128,
0,2023-02-18 12:00:00,0,99190,-4.54600000,50.82899857,
0,2023-02-18 12:00:00,0,99191,-5.37500000,57.18099976,
0,2023-02-18 12:00:00,0,99192,-1.01300001,52.04199982,
0,2023-02-18 12:00:00,0,99193,-4.95800018,54.74100113,
0,2023-02-18 12:00:00,0,99194,-3.91599989,52.27199936,
0,2023-02-18 12:00:00,0,99195,-3.48900008,51.92399979,
0,2023-02-18 12:00:00,0,99196,-1.91799998,55.52999878,
0,2023-02-18 12:00:00,0,99207,-2.58599997,51.91099930,5.09999990
0,2023-02-18 12:00:00,0,99212,-1.16799998,50.83599854,6.19999981
0,2023-02-18 12:00:00,0,99214,-0.29800001,53.76599884,
0,2023-02-18 12:00:00,0,99225,-6.65000010,54.35200119,4.09999990
0,2023-02-18 12:00:00,0,99227,1.33500004,51.34600067,8.19999981
0,2023-02-18 12:00:00,0,99228,-2.25900006,57.17599869,
0,2023-02-18 12:00:00,0,99229,-0.77800000,51.28400040,
0,2023-02-18 12:00:00,0,99230,-0.42199999,52.10499954,
0,2023-02-18 12:00:00,0,99430,-0.34099999,51.42200089,2.59999990
0,2023-02-18 12:00:00,0,99431,-0.64300001,51.50699997,4.09999990
0,2023-02-18 12:00:00,0,99432,-0.49700001,51.39899826,3.59999990
0,2023-02-18 12:00:00,0,99433,-0.49599999,51.51200104,3.09999990
0,2023-02-18 12:00:00,0,99434,-0.17900001,51.47000122,4.59999990
0,2023-02-18 12:00:00,0,99442,-4.93900013,51.60100174,9.30000019
0,2023-02-18 12:00:00,0,99445,-0.92100000,53.01699829,4.59999990
0,2023-02-18 12:00:00,0,99446,-1.75800002,51.24399948,7.69999981
0,2023-02-18 12:00:00,0,99449,-5.00000000,51.63999939,10.30000019
0,2023-02-18 12:00:00,0,99450,-5.22599983,50.00199890,11.30000019
0,2023-02-18 12:00:00,0,99451,-2.30999994,52.63999939,6.69999981
0,2023-02-18 12:00:00,0,99452,-3.05200005,53.58300018,6.69999981
0,2023-02-18 12:00:00,0,99453,-0.56900001,52.96099854,8.69999981
0,2023-02-18 12:00:00,0,99454,-2.53500009,52.87699890,7.19999981
0,2023-02-18 12:00:00,0,99456,-2.93300009,50.96099854,6.69999981
0,2023-02-18 12:00:00,0,99457,-3.20199990,51.20100021,9.30000019
0,2023-02-18 12:00:00,0,99458,-1.69299996,51.13499832,6.19999981
0,2023-02-18 12:00:00,0,99459,-1.94500005,51.23099899,5.09999990
0,2023-02-18 12:00:00,0,99460,-3.96099997,57.82400131,2.59999990
0,2023-02-18 12:00:00,0,99461,-4.78299999,51.63899994,7.69999981
0,2023-02-18 12:00:00,0,99463,-0.84100002,60.82699966,
0,2023-02-18 12:00:00,0,99464,-1.76699996,55.41799927,3.09999990
0,2023-02-18 12:00:00,0,99465,-1.81099999,57.45899963,
0,2023-02-19 12:00:00,0,1124,12.46700001,64.16699982,
0,2023-02-19 12:00:00,0,2207,12.12199974,63.28300095,5.00000000
0,2023-02-19 12:00:00,0,2209,12.28299999,63.04999924,12.00000000
0,2023-02-19 12:00:00,0,2210,12.16699982,63.18299866,15.00000000
0,2023-02-19 12:00:00,0,2219,14.22099972,64.50399780,7.00000000
0,2023-02-19 12:00:00,0,2221,13.50000000,63.83300018,11.00000000
0,2023-02-19 12:00:00,0,2226,14.50000000,63.19599915,8.00000000
0,2023-02-19 12:00:00,0,2231,14.60000038,63.68299866,10.00000000
0,2023-02-19 12:00:00,0,2307,12.85000038,61.88299942,
0,2023-02-19 12:00:00,0,2308,12.67000008,62.45000076,4.00000000
0,2023-02-19 12:00:00,0,2317,13.61699963,62.09999847,9.00000000
0,2023-02-19 12:00:00,0,2319,13.85000038,62.75000000,5.00000000
0,2023-02-19 12:00:00,0,2321,14.03299999,61.25000000,7.00000000
0,2023-02-19 12:00:00,0,2325,14.14999962,62.50000000,6.00000000
0,2023-02-19 12:00:00,0,2327,14.40699959,62.04600143,8.00000000
0,2023-02-19 12:00:00,0,2329,15.00000000,61.66699982,6.00000000
0,2023-02-19 12:00:00,0,2403,13.11699963,58.70000076,5.00000000
0,2023-02-19 12:00:00,0,2407,13.70699978,60.67599869,4.00000000
0,2023-02-19 12:00:00,0,2408,12.08300018,59.21699905,2.00000000
0,2023-02-19 12:00:00,0,2411,12.63300037,59.66699982,5.00000000
0,2023-02-19 12:00:00,0,2417,13.14999962,58.75000000,9.00000000
0,2023-02-19 12:00:00,0,2418,13.33800030,59.44499969,7.00000000
0,2023-02-19 12:00:00,0,2423,13.11699963,59.86700058,4.00000000
0,2023-02-19 12:00:00,0,2426,13.80000019,60.15000153,2.00000000
0,2023-02-19 12:00:00,0,2429,14.18299961,59.66699982,3.00000000
0,2023-02-19 12:00:00,0,2441,14.50000000,60.96699905,5.00000000
0,2023-02-19 12:00:00,0,2452,14.89900017,59.29899979,5.00000000
0,2023-02-19 12:00:00,0,2500,11.00399971,58.89199829,6.00000000
0,2023-02-19 12:00:00,0,2501,11.06700039,58.58300018,6.00000000
0,2023-02-19 12:00:00,0,2505,11.33300018,58.09999847,6.00000000
0,2023-02-19 12:00:00,0,2513,11.99199963,57.71599960,5.00000000
0,2023-02-19 12:00:00,0,2516,11.60000038,57.63299942,7.00000000
0,2023-02-19 12:00:00,0,2518,11.89999962,57.30400085,9.00000000
0,2023-02-19 12:00:00,0,2520,12.71399975,58.42900085,5.00000000
0,2023-02-19 12:00:00,0,2526,12.28299999,57.66699982,5.00000000
0,2023-02-19 12:00:00,0,2536,13.16699982,57.78300095,6.00000000
0,2023-02-19 12:00:00,0,2539,12.78299999,57.11700058,3.00000000
0,2023-02-19 12:00:00,0,2540,12.19999981,58.59999847,1.00000000
0,2023-02-19 12:00:00,0,2542,13.03299999,58.31700134,2.00000000
0,2023-02-19 12:00:00,0,2544,14.51700020,58.51699829,6.00000000
0,2023-02-19 12:00:00,0,2545,14.56700039,58.56700134,6.00000000
0,2023-02-19 12:00:00,0,2546,14.38300037,58.88299942,4.00000000
0,2023-02-19 12:00:00,0,2548,14.41699982,58.09999847,8.00000000
0,2023-02-19 12:00:00,0,2549,14.46700001,57.50000000,4.00000000
0,2023-02-19 12:00:00,0,2550,14.06900024,57.75099945,7.00000000
0,2023-02-19 12:00:00,0,2556,14.13300037,57.29999924,4.00000000
0,2023-02-19 12:00:00,0,2605,12.55000019,56.45000076,
0,2023-02-19 12:00:00,0,2607,12.83300018,56.28300095,8.00000000
0,2023-02-19 12:00:00,0,2611,12.76700020,56.03300095,6.00000000
0,2023-02-19 12:00:00,0,2615,12.81700039,55.38399887,10.00000000
0,2023-02-19 12:00:00,0,2618,13.06000042,56.94900131,5.00000000
0,2023-02-19 12:00:00,0,2622,13.88300037,56.84999847,3.00000000
0,2023-02-19 12:00:00,0,2623,13.66699982,55.86299896,6.00000000
0,2023-02-19 12:00:00,0,2625,14.31700039,55.48300171,6.00000000
0,2023-02-19 12:00:00,0,2628,14.85000038,56.01699829,8.00000000
0,2023-02-19 12:00:00,0,2629,13.93299961,56.28300095,4.00000000
0,2023-02-19 12:00:00,0,2635,13.07400036,55.57099915,5.00000000
0,2023-02-19 12:00:00,0,2636,13.36699963,55.51699829,8.00000000
0,2023-02-19 12:00:00,0,2648,14.83300018,56.84999847,5.00000000
0,2023-02-19 12:00:00,0,3002,-0.85600001,60.74800110,9.30000019
0,2023-02-19 12:00:00,0,3005,-1.18299997,60.13299942,9.80000019
0,2023-02-19 12:00:00,0,3008,-1.62699997,59.52600098,10.30000019
0,2023-02-19 12:00:00,0,3017,-2.90100002,58.95399857,9.30000019
0,2023-02-19 12:00:00,0,3023,-7.38500023,57.35800171,15.89999962
0,2023-02-19 12:00:00,0,3026,-6.31699991,58.21699905,12.89999962
0,2023-02-19 12:00:00,0,3031,-4.89599991,57.72499847,12.89999962
0,2023-02-19 12:00:00,0,3034,-5.63299990,57.85900116,14.39999962
0,2023-02-19 12:00:00,0,3039,-5.68900013,57.41799927,24.70000076
0,2023-02-19 12:00:00,0,3041,-4.96899986,56.82199860,21.10000038
0,2023-02-19 12:00:00,0,3044,-4.44199991,58.28799820,4.59999990
0,2023-02-19 12:00:00,0,3047,-4.70800018,56.86700058,7.19999981
0,2023-02-19 12:00:00,0,3062,-3.96700001,57.81900024,4.59999990
0,2023-02-19 12:00:00,0,3063,-3.82800007,57.20600128,3.09999990
0,2023-02-19 12:00:00,0,3065,-3.64299989,57.11600113,31.89999962
0,2023-02-19 12:00:00,0,3066,-3.56399989,57.64599991,7.69999981
0,2023-02-19 12:00:00,0,3068,-3.32299995,57.71099854,7.69999981
0,2023-02-19 12:00:00,0,3072,-3.42100000,56.87900162,
0,2023-02-19 12:00:00,0,3075,-3.08999991,58.45399857,7.69999981
0,2023-02-19 12:00:00,0,3080,-2.84100008,57.07600021,6.19999981
0,2023-02-19 12:00:00,0,3088,-2.26600003,56.85200119,8.69999981
0,2023-02-19 12:00:00,0,3091,-2.20499992,57.20500183,5.09999990
0,2023-02-19 12:00:00,0,3100,-6.88299990,56.50000000,11.80000019
0,2023-02-19 12:00:00,0,3105,-6.25000000,55.68099976,7.69999981
0,2023-02-19 12:00:00,0,3111,-5.69700003,55.44100189,7.19999981
0,2023-02-19 12:00:00,0,3132,-4.93499994,54.85900116,6.69999981
0,2023-02-19 12:00:00,0,3134,-4.53200006,55.90700150,7.19999981
0,2023-02-19 12:00:00,0,3136,-4.58500004,55.51499939,7.69999981
0,2023-02-19 12:00:00,0,3144,-3.72900009,56.32600021,10.30000019
0,2023-02-19 12:00:00,0,3153,-4.00799990,54.80300140,7.19999981
0,2023-02-19 12:00:00,0,3155,-3.73600006,55.62699890,7.69999981
0,2023-02-19 12:00:00,0,3158,-2.38499999,55.70899963,7.69999981
0,2023-02-19 12:00:00,0,3162,-3.20700002,55.31200027,5.09999990
0,2023-02-19 12:00:00,0,3166,-3.34400010,55.92800140,7.69999981
0,2023-02-19 12:00:00,0,3171,-2.86299992,56.37699890,11.30000019
0,2023-02-19 12:00:00,0,3204,-4.63199997,54.08499908,10.30000019
0,2023-02-19 12:00:00,0,3210,-3.61500001,54.51800156,7.19999981
0,2023-02-19 12:00:00,0,3212,-3.15700006,54.61399841,4.59999990
0,2023-02-19 12:00:00,0,3214,-3.25799990,54.12500000,6.19999981
0,2023-02-19 12:00:00,0,3220,-2.96399999,54.93399811,
0,2023-02-19 12:00:00,0,3224,-2.55399990,55.04999924,8.69999981
0,2023-02-19 12:00:00,0,3225,-2.68499994,54.50199890,8.69999981
0,2023-02-19 12:00:00,0,3226,-2.41300011,54.57300186,4.09999990
0,2023-02-19 12:00:00,0,3227,-2.45099998,54.68399811,15.39999962
0,2023-02-19 12:00:00,0,3230,-2.27900004,55.28499985,5.09999990
0,2023-02-19 12:00:00,0,3238,-1.88199997,55.02000046,5.09999990
0,2023-02-19 12:00:00,0,3240,-1.60099995,55.42100143,8.19999981
0,2023-02-19 12:00:00,0,3257,-1.53299999,54.29700089,5.09999990
0,2023-02-19 12:00:00,0,3265,-1.38999999,54.20500183,5.09999990
0,2023-02-19 12:00:00,0,3275,-0.86400002,54.56299973,7.19999981
0,2023-02-19 12:00:00,0,3281,-0.67199999,54.35900116,7.19999981
0,2023-02-19 12:00:00,0,3292,-0.17600000,54.09400177,5.09999990
0,2023-02-19 12:00:00,0,3301,-4.37599993,53.25999832,9.80000019
0,2023-02-19 12:00:00,0,3302,-4.53599977,53.25199890,8.69999981
0,2023-02-19 12:00:00,0,3305,-3.94099998,53.09400177,14.89999962
0,2023-02-19 12:00:00,0,3313,-3.50900006,53.25899887,5.69999981
0,2023-02-19 12:00:00,0,3316,-3.05800009,53.49700165,4.59999990
0,2023-02-19 12:00:00,0,3318,-3.03299999,53.76699829,5.69999981
0,2023-02-19 12:00:00,0,3321,-2.98799992,53.17499924,3.59999990
0,2023-02-19 12:00:00,0,3330,-1.98099995,53.12799835,4.09999990
0,2023-02-19 12:00:00,0,3344,-1.86699998,53.81100082,5.09999990
0,2023-02-19 12:00:00,0,3346,-1.66700006,53.61199951,8.69999981
0,2023-02-19 12:00:00,0,3351,-2.38199997,53.36000061,3.09999990
0,2023-02-19 12:00:00,0,3354,-1.25000000,53.01699829,4.59999990
0,2023-02-19 12:00:00,0,3373,-0.54799998,53.30699921,
0,2023-02-19 12:00:00,0,3377,-0.51700002,53.18299866,4.59999990
0,2023-02-19 12:00:00,0,3379,-0.50400001,53.03099823,7.69999981
0,2023-02-19 12:00:00,0,3382,-0.44200000,53.87500000,5.69999981
0,2023-02-19 12:00:00,0,3385,0.15300000,53.47499847,5.09999990
0,2023-02-19 12:00:00,0,3391,-0.17299999,53.09400177,6.19999981
0,2023-02-19 12:00:00,0,3392,0.27100000,53.08800125,6.19999981
0,2023-02-19 12:00:00,0,3405,-4.74100018,52.78900146,10.80000019
0,2023-02-19 12:00:00,0,3409,-3.58299994,52.90700150,5.69999981
0,2023-02-19 12:00:00,0,3410,-3.46499991,52.75699997,10.30000019
0,2023-02-19 12:00:00,0,3414,-2.66499996,52.79499817,7.19999981
0,2023-02-19 12:00:00,0,3462,-0.46100000,52.61100006,6.19999981
0,2023-02-19 12:00:00,0,3469,0.13900000,52.87300110,5.09999990
0,2023-02-19 12:00:00,0,3482,0.56599998,52.65100098,5.09999990
0,2023-02-19 12:00:00,0,3488,1.12300003,52.94900131,4.09999990
0,2023-02-19 12:00:00,0,3502,-4.56699991,52.13299942,6.19999981
0,2023-02-19 12:00:00,0,3503,-3.94799995,52.34400177,4.09999990
0,2023-02-19 12:00:00,0,3507,-3.61500001,52.06299973,6.19999981
0,2023-02-19 12:00:00,0,3520,-2.88599992,52.24300003,5.69999981
0,2023-02-19 12:00:00,0,3522,-2.80200005,52.08000183,3.59999990
0,2023-02-19 12:00:00,0,3529,-2.04099989,52.14799881,2.59999990
0,2023-02-19 12:00:00,0,3535,-1.69099998,52.47999954,2.59999990
0,2023-02-19 12:00:00,0,3544,-1.33099997,52.35900116,4.59999990
0,2023-02-19 12:00:00,0,3560,-0.46500000,52.22700119,6.19999981
0,2023-02-19 12:00:00,0,3590,0.95700002,52.12400055,6.19999981
0,2023-02-19 12:00:00,0,3604,-5.05299997,51.70899963,5.69999981
0,2023-02-19 12:00:00,0,3605,-4.36700010,51.71400070,7.69999981
0,2023-02-19 12:00:00,0,3609,-3.98200011,51.56600189,7.19999981
0,2023-02-19 12:00:00,0,3647,-1.69299996,51.86100006,4.59999990
0,2023-02-19 12:00:00,0,3649,-1.57799995,51.75799942,2.59999990
0,2023-02-19 12:00:00,0,3658,-1.09899998,51.61999893,3.09999990
0,2023-02-19 12:00:00,0,3660,-0.80000001,51.68299866,
0,2023-02-19 12:00:00,0,3672,-0.41700000,51.54899979,5.09999990
0,2023-02-19 12:00:00,0,3680,-0.35800001,51.80599976,
0,2023-02-19 12:00:00,0,3684,0.45100001,51.89599991,4.59999990
0,2023-02-19 12:00:00,0,3693,0.82700002,51.55500031,5.69999981
0,2023-02-19 12:00:00,0,3707,-4.14900017,51.08900070,5.09999990
0,2023-02-19 12:00:00,0,3710,-3.60899997,51.08700180,5.69999981
0,2023-02-19 12:00:00,0,3716,-3.44099998,51.40499878,6.19999981
0,2023-02-19 12:00:00,0,3740,-1.99199998,51.50299835,
0,2023-02-19 12:00:00,0,3743,-1.81700003,51.20000076,3.09999990
0,2023-02-19 12:00:00,0,3746,-1.75500000,51.16199875,3.09999990
0,2023-02-19 12:00:00,0,3749,-1.57000005,51.15000153,2.59999990
0,2023-02-19 12:00:00,0,3761,-0.94499999,51.23899841,4.59999990
0,2023-02-19 12:00:00,0,3768,-0.76700002,51.28300095,
0,2023-02-19 12:00:00,0,3769,-0.22900000,51.14400101,2.59999990
0,2023-02-19 12:00:00,0,3770,-0.13100000,51.50500107,
0,2023-02-19 12:00:00,0,3772,-0.45100001,51.47900009,3.59999990
0,2023-02-19 12:00:00,0,3781,-0.08300000,51.29999924,5.09999990
0,2023-02-19 12:00:00,0,3796,1.35000002,51.13299942,4.59999990
0,2023-02-19 12:00:00,0,3797,1.33599997,51.34600067,5.69999981
0,2023-02-19 12:00:00,0,3803,-6.29600000,49.91400146,3.09999990
0,2023-02-19 12:00:00,0,3808,-5.32700014,50.21799850,2.59999990
0,2023-02-19 12:00:00,0,3809,-5.25699997,50.08399963,3.09999990
0,2023-02-19 12:00:00,0,3823,-4.66699982,50.50000000,3.59999990
0,2023-02-19 12:00:00,0,3827,-4.12099981,50.35499954,4.09999990
0,2023-02-19 12:00:00,0,3840,-3.23300004,50.86700058,4.09999990
0,2023-02-19 12:00:00,0,3844,-3.40400004,50.73699951,5.09999990
0,2023-02-19 12:00:00,0,3853,-2.64299989,51.00600052,5.09999990
0,2023-02-19 12:00:00,0,3857,-2.45000005,50.51699829,6.69999981
0,2023-02-19 12:00:00,0,3862,-1.83599997,50.77899933,2.59999990
0,2023-02-19 12:00:00,0,3866,-1.29999995,50.56700134,3.59999990
0,2023-02-19 12:00:00,0,3872,-0.92199999,50.81499863,3.59999990
0,2023-02-19 12:00:00,0,3876,-0.28299999,50.83300018,5.09999990
0,2023-02-19 12:00:00,0,3882,0.31700000,50.89899826,3.09999990
0,2023-02-19 12:00:00,0,3894,-2.59800005,49.43299866,4.59999990
0,2023-02-19 12:00:00,0,3895,-2.20000005,49.21699905,5.09999990
0,2023-02-19 12:00:00,0,3901,-7.59999990,54.33300018,6.69999981
0,2023-02-19 12:00:00,0,3904,-7.58300018,54.71699905,6.19999981
0,2023-02-19 12:00:00,0,3907,-6.94999981,55.16699982,10.80000019
0,2023-02-19 12:00:00,0,3911,-6.81500006,54.72100067,5.09999990
0,2023-02-19 12:00:00,0,3915,-6.46700001,54.86700058,5.69999981
0,2023-02-19 12:00:00,0,3916,-6.15000010,55.18299866,7.19999981
0,2023-02-19 12:00:00,0,3917,-6.22599983,54.66299820,8.69999981
0,2023-02-19 12:00:00,0,3923,-6.50400019,54.23699951,7.69999981
0,2023-02-19 12:00:00,0,3930,-2.55800009,51.55099869,4.09999990
0,2023-02-19 12:00:00,0,3931,1.16700006,52.45000076,5.09999990
0,2023-02-19 12:00:00,0,3951,-9.42899990,51.47700119,5.00000000
0,2023-02-19 12:00:00,0,3952,-8.25000000,51.79999924,5.00000000
0,2023-02-19 12:00:00,0,3953,-10.25000000,51.93299866,6.00000000
0,2023-02-19 12:00:00,0,3955,-8.48299980,51.84999847,7.00000000
0,2023-02-19 12:00:00,0,3956,-6.50000000,52.29999924,6.00000000
0,2023-02-19 12:00:00,0,3961,-6.91699982,52.86700058,5.00000000
0,2023-02-19 12:00:00,0,3962,-8.91699982,52.70000076,7.00000000
0,2023-02-19 12:00:00,0,3963,-9.89999962,53.31700134,12.00000000
0,2023-02-19 12:00:00,0,3966,-8.00000000,53.01699829,8.00000000
0,2023-02-19 12:00:00,0,3967,-6.43300009,53.29999924,9.00000000
0,2023-02-19 12:00:00,0,3969,-6.25000000,53.43299866,6.00000000
0,2023-02-19 12:00:00,0,3970,-8.98299980,53.71699905,8.00000000
0,2023-02-19 12:00:00,0,3971,-7.36700010,53.53300095,5.00000000
0,2023-02-19 12:00:00,0,3973,-8.81700039,53.90000153,8.00000000
0,2023-02-19 12:00:00,0,3976,-10.00000000,54.23300171,10.00000000
0,2023-02-19 12:00:00,0,3978,-8.25000000,54.50000000,6.00000000
0,2023-02-19 12:00:00,0,3979,-7.31699991,54.04999924,6.00000000
0,2023-02-19 12:00:00,0,3980,-7.33300018,55.36700058,12.00000000
0,2023-02-19 12:00:00,0,6005,-7.68300009,62.09999847,
0,2023-02-19 12:00:00,0,6009,-6.66699982,61.40000153,
0,2023-02-19 12:00:00,0,6011,-6.76499987,62.02299881,
0,2023-02-19 12:00:00,0,6012,-6.31699991,62.31700134,
0,2023-02-19 12:00:00,0,6019,8.64099979,56.92900085,7.69999981
0,2023-02-19 12:00:00,0,6021,8.60000038,57.11700058,10.80000019
0,2023-02-19 12:00:00,0,6030,9.85200024,57.09700012,9.30000019
0,2023-02-19 12:00:00,0,6031,9.94999981,57.18299866,6.69999981
0,2023-02-19 12:00:00,0,6032,10.33300018,57.38299942,9.30000019
0,2023-02-19 12:00:00,0,6033,9.96700001,57.59999847,12.89999962
0,2023-02-19 12:00:00,0,6041,10.63300037,57.73300171,10.80000019
0,2023-02-19 12:00:00,0,6044,10.31700039,56.98300171,9.30000019
0,2023-02-19 12:00:00,0,6049,10.10000038,56.56700134,8.69999981
0,2023-02-19 12:00:00,0,6052,8.21599960,56.70800018,8.69999981
0,2023-02-19 12:00:00,0,6055,8.11699963,56.36700058,8.19999981
0,2023-02-19 12:00:00,0,6056,8.66699982,56.38299942,7.69999981
0,2023-02-19 12:00:00,0,6058,8.14999962,56.00000000,4.59999990
0,2023-02-19 12:00:00,0,6060,9.11699963,56.29999924,7.19999981
0,2023-02-19 12:00:00,0,6065,9.51700020,56.70000076,8.19999981
0,2023-02-19 12:00:00,0,6068,9.18299961,56.09999847,6.19999981
0,2023-02-19 12:00:00,0,6070,10.62600040,56.30799866,8.19999981
0,2023-02-19 12:00:00,0,6072,10.13300037,56.29999924,6.69999981
0,2023-02-19 12:00:00,0,6073,10.51399994,56.09600067,8.19999981
0,2023-02-19 12:00:00,0,6074,10.13300037,56.08300018,4.59999990
0,2023-02-19 12:00:00,0,6079,11.51700020,56.71699905,8.19999981
0,2023-02-19 12:00:00,0,6080,8.56400013,55.52899933,6.69999981
0,2023-02-19 12:00:00,0,6081,8.09200001,55.55799866,6.69999981
0,2023-02-19 12:00:00,0,6082,8.63300037,55.96699905,5.09999990
0,2023-02-19 12:00:00,0,6093,8.66699982,55.29999924,7.19999981
0,2023-02-19 12:00:00,0,6096,8.56700039,55.18299866,5.69999981
0,2023-02-19 12:00:00,0,6102,9.78299999,55.86700058,3.59999990
0,2023-02-19 12:00:00,0,6104,9.16699982,55.74399948,6.19999981
0,2023-02-19 12:00:00,0,6108,9.33300018,55.43299866,7.19999981
0,2023-02-19 12:00:00,0,6109,9.11400032,55.47200012,3.59999990
0,2023-02-19 12:00:00,0,6110,9.26299953,55.22499847,7.19999981
0,2023-02-19 12:00:00,0,6119,9.98299980,54.84999847,5.09999990
0,2023-02-19 12:00:00,0,6120,10.33100033,55.47499847,5.09999990
0,2023-02-19 12:00:00,0,6123,9.88899994,55.24499893,3.59999990
0,2023-02-19 12:00:00,0,6124,10.56700039,55.01699829,5.09999990
0,2023-02-19 12:00:00,0,6126,10.43299961,55.31700134,5.69999981
0,2023-02-19 12:00:00,0,6135,11.38899994,55.32300186,7.69999981
0,2023-02-19 12:00:00,0,6136,11.33300018,55.25000000,5.09999990
0,2023-02-19 12:00:00,0,6138,11.00000000,54.81700134,5.69999981
0,2023-02-19 12:00:00,0,6141,11.32999992,54.82799911,5.09999990
0,2023-02-19 12:00:00,0,6147,12.18299961,54.88299942,7.19999981
0,2023-02-19 12:00:00,0,6149,11.96700001,54.56700134,4.59999990
0,2023-02-19 12:00:00,0,6151,11.13300037,55.16699982,5.69999981
0,2023-02-19 12:00:00,0,6154,11.86200047,55.20800018,7.19999981
0,2023-02-19 12:00:00,0,6156,11.58300018,55.73300171,7.19999981
0,2023-02-19 12:00:00,0,6159,10.86699963,55.75000000,6.69999981
0,2023-02-19 12:00:00,0,6168,12.34200001,56.11899948,6.69999981
0,2023-02-19 12:00:00,0,6169,11.28299999,56.01699829,8.19999981
0,2023-02-19 12:00:00,0,6170,12.13599968,55.58700180,7.69999981
0,2023-02-19 12:00:00,0,6174,12.14999962,55.40000153,6.19999981
0,2023-02-19 12:00:00,0,6180,12.64500046,55.61399841,7.19999981
0,2023-02-19 12:00:00,0,6181,12.53299999,55.76699829,6.69999981
0,2023-02-19 12:00:00,0,6183,12.71199989,55.53699875,10.30000019
0,2023-02-19 12:00:00,0,6188,12.41699982,55.88299942,5.69999981
0,2023-02-19 12:00:00,0,6190,14.75000000,55.06700134,9.30000019
0,2023-02-19 12:00:00,0,6193,14.77200031,55.29800034,10.80000019
0,2023-02-19 12:00:00,0,6201,2.93300009,54.31700134,5.00000000
0,2023-02-19 12:00:00,0,6203,3.34999990,52.36700058,5.00000000
0,2023-02-19 12:00:00,0,6204,3.63299990,53.26699829,3.00000000
0,2023-02-19 12:00:00,0,6205,3.81699991,55.41699982,6.00000000
0,2023-02-19 12:00:00,0,6207,4.96000004,53.61399841,5.00000000
0,2023-02-19 12:00:00,0,6208,5.94999981,53.50000000,3.00000000
0,2023-02-19 12:00:00,0,6211,2.95000005,53.81700134,4.00000000
0,2023-02-19 12:00:00,0,6212,4.15000010,52.91699982,
0,2023-02-19 12:00:00,0,6214,6.04199982,54.03699875,3.00000000
0,2023-02-19 12:00:00,0,6235,4.78100014,52.92699814,1.00000000
0,2023-02-19 12:00:00,0,6239,4.69600010,54.85400009,6.00000000
0,2023-02-19 12:00:00,0,6240,4.78999996,52.31700134,3.00000000
0,2023-02-19 12:00:00,0,6251,5.34999990,53.38299942,3.00000000
0,2023-02-19 12:00:00,0,6252,3.21700001,53.21699905,3.00000000
0,2023-02-19 12:00:00,0,6260,5.18300009,52.09999847,2.00000000
0,2023-02-19 12:00:00,0,6269,5.53299999,52.45000076,2.00000000
0,2023-02-19 12:00:00,0,6270,5.75199986,53.22299957,2.00000000
0,2023-02-19 12:00:00,0,6280,6.58300018,53.11700058,2.00000000
0,2023-02-19 12:00:00,0,6290,6.90000010,52.26699829,1.00000000
0,2023-02-19 12:00:00,0,6310,3.59599996,51.44100189,6.00000000
0,2023-02-19 12:00:00,0,6344,4.43300009,51.95000076,4.00000000
0,2023-02-19 12:00:00,0,6370,5.41699982,51.45000076,6.00000000
0,2023-02-19 12:00:00,0,6380,5.76200008,50.90499878,4.00000000
0,2023-02-19 12:00:00,0,6400,2.65000010,51.08300018,6.00000000
0,2023-02-19 12:00:00,0,6407,2.88299990,51.20000076,6.00000000
0,2023-02-19 12:00:00,0,6414,3.11700010,50.90000153,6.00000000
0,2023-02-19 12:00:00,0,6418,3.20000005,51.34999847,5.00000000
0,2023-02-19 12:00:00,0,6428,3.66700006,50.93299866,4.00000000
0,2023-02-19 12:00:00,0,6432,3.83299994,50.56700134,6.00000000
0,2023-02-19 12:00:00,0,6434,3.81699991,50.98300171,4.00000000
0,2023-02-19 12:00:00,0,6438,4.36700010,51.31700134,6.00000000
0,2023-02-19 12:00:00,0,6439,4.51700020,51.06700134,5.00000000
0,2023-02-19 12:00:00,0,6447,4.34999990,50.79999924,5.00000000
0,2023-02-19 12:00:00,0,6449,4.43300009,50.45000076,4.00000000
0,2023-02-19 12:00:00,0,6450,4.44999981,51.18299866,7.00000000
0,2023-02-19 12:00:00,0,6451,4.53299999,50.90000153,6.00000000
0,2023-02-19 12:00:00,0,6455,4.59999990,50.09999847,3.00000000
0,2023-02-19 12:00:00,0,6456,4.65000010,50.23300171,6.00000000
0,2023-02-19 12:00:00,0,6458,4.76700020,50.75000000,5.00000000
0,2023-02-19 12:00:00,0,6459,4.68300009,50.58300018,5.00000000
0,2023-02-19 12:00:00,0,6464,5.03299999,51.21699905,3.00000000
0,2023-02-19 12:00:00,0,6465,5.06699991,51.00000000,3.00000000
0,2023-02-19 12:00:00,0,6472,5.25000000,50.20000076,5.00000000
0,2023-02-19 12:00:00,0,6476,5.40399981,50.03900146,4.00000000
0,2023-02-19 12:00:00,0,6477,5.44999981,50.91699982,5.00000000
0,2023-02-19 12:00:00,0,6478,5.44999981,50.65000153,6.00000000
0,2023-02-19 12:00:00,0,6479,5.46700001,51.16699982,3.00000000
0,2023-02-19 12:00:00,0,6484,5.58300018,49.61700058,3.00000000
0,2023-02-19 12:00:00,0,6490,5.91699982,50.48300171,3.00000000
0,2023-02-19 12:00:00,0,6494,6.06699991,50.51699829,4.00000000
0,2023-02-19 12:00:00,0,6496,6.18300009,50.48300171,4.00000000
0,2023-02-19 12:00:00,0,6590,6.23299980,49.63299942,6.00000000
0,2023-02-19 12:00:00,0,6601,7.58400011,47.54100037,3.09999990
0,2023-02-19 12:00:00,0,6602,7.34899998,47.35200119,4.59999990
0,2023-02-19 12:00:00,0,6603,6.81699991,46.46699905,1.50000000
0,2023-02-19 12:00:00,0,6604,6.94999981,47.00000000,
0,2023-02-19 12:00:00,0,6605,7.05399990,47.13199997,9.30000019
0,2023-02-19 12:00:00,0,6606,7.05900002,47.04700089,4.59999990
0,2023-02-19 12:00:00,0,6608,6.97900009,47.04899979,3.09999990
0,2023-02-19 12:00:00,0,6609,7.01800013,46.54600143,5.09999990
0,2023-02-19 12:00:00,0,6610,6.94199991,46.81200027,3.09999990
0,2023-02-19 12:00:00,0,6612,6.79199982,47.08300018,4.09999990
0,2023-02-19 12:00:00,0,6613,7.65000010,46.59999847,3.09999990
0,2023-02-19 12:00:00,0,6614,7.01700020,46.11700058,1.50000000
0,2023-02-19 12:00:00,0,6615,7.23299980,46.06700134,1.50000000
0,2023-02-19 12:00:00,0,6616,6.94999981,47.43299866,4.09999990
0,2023-02-19 12:00:00,0,6617,6.61000013,46.98400116,4.59999990
0,2023-02-19 12:00:00,0,6618,6.56799984,46.73699951,5.09999990
0,2023-02-19 12:00:00,0,6619,6.57600021,46.84099960,1.50000000
0,2023-02-19 12:00:00,0,6620,8.61999989,47.68999863,8.69999981
0,2023-02-19 12:00:00,0,6621,9.28299999,47.59999847,7.19999981
0,2023-02-19 12:00:00,0,6623,9.02400017,47.65100098,7.69999981
0,2023-02-19 12:00:00,0,6624,8.46700001,47.70000076,5.69999981
0,2023-02-19 12:00:00,0,6625,7.11399984,46.77099991,3.59999990
0,2023-02-19 12:00:00,0,6626,7.97399998,47.36299896,4.09999990
0,2023-02-19 12:00:00,0,6627,7.13999987,46.47999954,2.09999990
0,2023-02-19 12:00:00,0,6628,7.26599979,46.74800110,4.09999990
0,2023-02-19 12:00:00,0,6631,7.46400023,46.99100113,3.09999990
0,2023-02-19 12:00:00,0,6632,7.41499996,47.17900085,4.09999990
0,2023-02-19 12:00:00,0,6633,8.08300018,47.38299942,3.59999990
0,2023-02-19 12:00:00,0,6635,7.60599995,47.11899948,4.59999990
0,2023-02-19 12:00:00,0,6636,7.28299999,46.98300171,4.59999990
0,2023-02-19 12:00:00,0,6637,8.16899967,46.73199844,1.50000000
0,2023-02-19 12:00:00,0,6638,7.80600023,46.93999863,2.09999990
0,2023-02-19 12:00:00,0,6639,7.93300009,47.00000000,2.59999990
0,2023-02-19 12:00:00,0,6640,7.06699991,46.65000153,1.00000000
0,2023-02-19 12:00:00,0,6641,7.87799978,47.57199860,4.09999990
0,2023-02-19 12:00:00,0,6642,9.75399971,46.62699890,1.00000000
0,2023-02-19 12:00:00,0,6643,7.78700018,47.25500107,2.09999990
0,2023-02-19 12:00:00,0,6644,8.23299980,47.24399948,4.09999990
0,2023-02-19 12:00:00,0,6645,7.88299990,47.43299866,3.59999990
0,2023-02-19 12:00:00,0,6646,8.23299980,47.56700134,3.09999990
0,2023-02-19 12:00:00,0,6647,8.22700024,47.53599930,
0,2023-02-19 12:00:00,0,6648,8.00500011,47.17900085,3.59999990
0,2023-02-19 12:00:00,0,6649,9.61299992,47.37699890,1.50000000
0,2023-02-19 12:00:00,0,6650,8.30099964,47.03599930,2.59999990
0,2023-02-19 12:00:00,0,6651,8.01200008,46.94699860,3.59999990
0,2023-02-19 12:00:00,0,6652,8.01700020,46.88299942,2.59999990
0,2023-02-19 12:00:00,0,6653,8.51700020,47.00000000,1.50000000
0,2023-02-19 12:00:00,0,6654,8.05000019,46.20000076,9.80000019
0,2023-02-19 12:00:00,0,6655,8.41100025,46.82199860,2.09999990
0,2023-02-19 12:00:00,0,6656,8.06099987,46.74100113,1.00000000
0,2023-02-19 12:00:00,0,6657,8.18999958,46.84899902,1.00000000
0,2023-02-19 12:00:00,0,6659,8.25199986,46.97900009,6.69999981
0,2023-02-19 12:00:00,0,6660,8.56599998,47.37799835,3.59999990
0,2023-02-19 12:00:00,0,6662,8.63700008,47.08100128,2.09999990
0,2023-02-19 12:00:00,0,6663,9.18299961,46.63299942,2.09999990
0,2023-02-19 12:00:00,0,6664,8.51799965,47.42800140,5.09999990
0,2023-02-19 12:00:00,0,6665,8.85900021,47.17900085,
0,2023-02-19 12:00:00,0,6666,8.18299961,47.59999847,5.69999981
0,2023-02-19 12:00:00,0,6668,8.59500027,46.69300079,2.09999990
0,2023-02-19 12:00:00,0,6669,8.39700031,47.48199844,5.09999990
0,2023-02-19 12:00:00,0,6670,8.53600025,47.47999954,6.19999981
0,2023-02-19 12:00:00,0,6671,8.98099995,47.66899872,8.19999981
0,2023-02-19 12:00:00,0,6672,8.62199974,46.88700104,3.09999990
0,2023-02-19 12:00:00,0,6673,8.67800045,47.22100067,1.50000000
0,2023-02-19 12:00:00,0,6674,8.46700001,47.18299866,2.09999990
0,2023-02-19 12:00:00,0,6675,8.75699997,47.13299942,3.09999990
0,2023-02-19 12:00:00,0,6678,9.26700020,47.50899887,5.69999981
0,2023-02-19 12:00:00,0,6679,8.90499973,47.47999954,3.09999990
0,2023-02-19 12:00:00,0,6680,9.34300041,47.24900055,16.50000000
0,2023-02-19 12:00:00,0,6681,9.39900017,47.42599869,4.09999990
0,2023-02-19 12:00:00,0,6682,9.17500019,46.92399979,0.50000000
0,2023-02-19 12:00:00,0,6683,8.93999958,47.22499847,1.00000000
0,2023-02-19 12:00:00,0,6685,9.06700039,47.03300095,7.69999981
0,2023-02-19 12:00:00,0,6686,9.50000000,47.01699829,6.69999981
0,2023-02-19 12:00:00,0,6687,9.21599960,47.12900162,9.80000019
0,2023-02-19 12:00:00,0,6688,9.18000031,46.84199905,17.50000000
0,2023-02-19 12:00:00,0,6689,8.93299961,47.36700058,4.59999990
0,2023-02-19 12:00:00,0,6690,9.56700039,47.48400116,6.19999981
0,2023-02-19 12:00:00,0,6693,9.10900021,47.27299881,2.09999990
0,2023-02-19 12:00:00,0,6695,8.58100033,46.63100052,6.19999981
0,2023-02-19 12:00:00,0,6700,6.12799978,46.24800110,1.00000000
0,2023-02-19 12:00:00,0,6702,6.09899998,46.42499924,3.09999990
0,2023-02-19 12:00:00,0,6703,6.31199980,46.66999817,5.69999981
0,2023-02-19 12:00:00,0,6704,6.34200001,46.52500153,3.09999990
0,2023-02-19 12:00:00,0,6705,6.22800016,46.40100098,2.59999990
0,2023-02-19 12:00:00,0,6707,6.71700001,46.61700058,2.59999990
0,2023-02-19 12:00:00,0,6708,6.85799980,46.57199860,2.59999990
0,2023-02-19 12:00:00,0,6709,6.85699987,46.39300156,1.00000000
0,2023-02-19 12:00:00,0,6710,7.08300018,47.18299866,6.69999981
0,2023-02-19 12:00:00,0,6711,6.66800022,46.51200104,1.50000000
0,2023-02-19 12:00:00,0,6712,6.91699982,46.33300018,2.09999990
0,2023-02-19 12:00:00,0,6713,7.09999990,46.38299942,3.09999990
0,2023-02-19 12:00:00,0,6714,7.20400000,46.32699966,3.09999990
0,2023-02-19 12:00:00,0,6715,7.02699995,46.18299866,5.09999990
0,2023-02-19 12:00:00,0,6716,7.62400007,46.14799881,2.59999990
0,2023-02-19 12:00:00,0,6717,7.17100000,45.86899948,9.30000019
0,2023-02-19 12:00:00,0,6720,7.32999992,46.21900177,0.50000000
0,2023-02-19 12:00:00,0,6721,8.19200039,46.36800003,3.09999990
0,2023-02-19 12:00:00,0,6722,7.50899982,46.11199951,1.00000000
0,2023-02-19 12:00:00,0,6723,7.26900005,46.09899902,3.09999990
0,2023-02-19 12:00:00,0,6724,7.46099997,46.29899979,2.09999990
0,2023-02-19 12:00:00,0,6725,7.82299995,46.42100143,1.50000000
0,2023-02-19 12:00:00,0,6727,7.84999990,46.29999924,3.09999990
0,2023-02-19 12:00:00,0,6728,7.83699989,46.19499969,
0,2023-02-19 12:00:00,0,6730,7.98299980,46.54999924,11.80000019
0,2023-02-19 12:00:00,0,6731,7.58300018,46.75000000,1.00000000
0,2023-02-19 12:00:00,0,6733,7.38299990,46.63299942,3.59999990
0,2023-02-19 12:00:00,0,6734,7.86700010,46.66699982,1.50000000
0,2023-02-19 12:00:00,0,6735,7.56099987,46.49200058,3.09999990
0,2023-02-19 12:00:00,0,6739,8.09300041,46.42699814,9.80000019
0,2023-02-19 12:00:00,0,6740,8.43299961,46.76699829,12.89999962
0,2023-02-19 12:00:00,0,6744,8.33300018,46.57199860,5.09999990
0,2023-02-19 12:00:00,0,6745,8.31700039,46.50000000,0.50000000
0,2023-02-19 12:00:00,0,6747,7.81500006,45.95700073,
0,2023-02-19 12:00:00,0,6748,7.75299978,46.02899933,2.09999990
0,2023-02-19 12:00:00,0,6749,7.78599977,45.98400116,2.09999990
0,2023-02-19 12:00:00,0,6750,8.61499977,46.65200043,3.09999990
0,2023-02-19 12:00:00,0,6751,8.51700020,46.45000076,4.09999990
0,2023-02-19 12:00:00,0,6752,8.60000038,46.31700134,2.59999990
0,2023-02-19 12:00:00,0,6753,8.68299961,46.51699829,7.69999981
0,2023-02-19 12:00:00,0,6754,8.92500019,46.40999985,6.69999981
0,2023-02-19 12:00:00,0,6756,8.93599987,46.45899963,4.09999990
0,2023-02-19 12:00:00,0,6758,9.16699982,46.25000000,2.09999990
0,2023-02-19 12:00:00,0,6759,8.80000019,46.20000076,2.59999990
0,2023-02-19 12:00:00,0,6760,8.78699970,46.17200089,1.50000000
0,2023-02-19 12:00:00,0,6762,8.93400002,46.15999985,1.00000000
0,2023-02-19 12:00:00,0,6770,8.96700001,46.00000000,0.50000000
0,2023-02-19 12:00:00,0,6771,8.93200016,45.84299850,2.59999990
0,2023-02-19 12:00:00,0,6774,9.66699982,46.46699905,5.09999990
0,2023-02-19 12:00:00,0,6777,9.01700020,45.93299866,3.09999990
0,2023-02-19 12:00:00,0,6778,10.26700020,46.64799881,4.09999990
0,2023-02-19 12:00:00,0,6779,9.76200008,46.43199921,1.50000000
0,2023-02-19 12:00:00,0,6780,9.80599976,46.83300018,4.09999990
0,2023-02-19 12:00:00,0,6782,8.85299969,46.70700073,2.09999990
0,2023-02-19 12:00:00,0,6783,9.18299961,46.46699905,3.09999990
0,2023-02-19 12:00:00,0,6784,9.84399986,46.81299973,4.59999990
0,2023-02-19 12:00:00,0,6785,9.67899990,46.79199982,2.59999990
0,2023-02-19 12:00:00,0,6786,9.53100014,46.86999893,6.69999981
0,2023-02-19 12:00:00,0,6787,9.43200016,46.61000061,1.00000000
0,2023-02-19 12:00:00,0,6788,9.62800026,46.35300064,2.59999990
0,2023-02-19 12:00:00,0,6789,9.21500015,46.77500153,
0,2023-02-19 12:00:00,0,6790,9.66699982,46.98300171,2.09999990
0,2023-02-19 12:00:00,0,6791,9.81700039,46.41699982,8.69999981
0,2023-02-19 12:00:00,0,6792,9.87899971,46.52600098,4.59999990
0,2023-02-19 12:00:00,0,6793,9.55399990,46.75500107,5.69999981
0,2023-02-19 12:00:00,0,6794,10.06299973,46.34700012,10.80000019
0,2023-02-19 12:00:00,0,6795,9.52900028,46.57699966,3.09999990
0,2023-02-19 12:00:00,0,6796,10.42599964,46.60200119,4.09999990
0,2023-02-19 12:00:00,0,6797,10.01900005,46.40900040,11.30000019
0,2023-02-19 12:00:00,0,6798,10.28299999,46.79999924,5.09999990
0,2023-02-19 12:00:00,0,6799,10.26099968,46.81700134,5.09999990
0,2023-02-19 12:00:00,0,6846,9.51700020,46.71699905,
0,2023-02-19 12:00:00,0,6848,9.50000000,46.96699905,
0,2023-02-19 12:00:00,0,6990,9.51799965,47.12699890,4.09999990
0,2023-02-19 12:00:00,0,7002,1.60000002,50.73300171,5.69999981
0,2023-02-19 12:00:00,0,7003,1.62300003,50.51399994,5.09999990
0,2023-02-19 12:00:00,0,7005,1.83399999,50.13600159,6.69999981
0,2023-02-19 12:00:00,0,7010,2.33299994,51.04999924,5.69999981
0,2023-02-19 12:00:00,0,7015,3.09800005,50.56999969,6.69999981
0,2023-02-19 12:00:00,0,7019,-1.26699996,49.70000076,2.59999990
0,2023-02-19 12:00:00,0,7020,-1.94000006,49.72499847,3.59999990
0,2023-02-19 12:00:00,0,7022,-1.50000000,49.65000153,5.69999981
0,2023-02-19 12:00:00,0,7024,-1.46700001,49.65000153,4.59999990
0,2023-02-19 12:00:00,0,7027,-0.44999999,49.18299866,4.59999990
0,2023-02-19 12:00:00,0,7028,0.06700000,49.50000000,2.09999990
0,2023-02-19 12:00:00,0,7029,-0.76700002,49.34999847,3.59999990
0,2023-02-19 12:00:00,0,7031,0.16700000,49.34999847,5.09999990
0,2023-02-19 12:00:00,0,7034,-1.79999995,49.36700058,4.09999990
0,2023-02-19 12:00:00,0,7037,1.18200004,49.38299942,3.59999990
0,2023-02-19 12:00:00,0,7038,1.22200000,49.02500153,5.09999990
0,2023-02-19 12:00:00,0,7040,1.10000002,49.93299866,3.59999990
0,2023-02-19 12:00:00,0,7046,0.09200000,49.53300095,3.59999990
0,2023-02-19 12:00:00,0,7055,2.12700009,49.44599915,5.09999990
0,2023-02-19 12:00:00,0,7061,3.20600009,49.81800079,6.19999981
0,2023-02-19 12:00:00,0,7072,4.15000010,49.21699905,5.09999990
0,2023-02-19 12:00:00,0,7075,4.64300013,49.78300095,4.09999990
0,2023-02-19 12:00:00,0,7093,6.24300003,48.97900009,4.09999990
0,2023-02-19 12:00:00,0,7100,-5.05000019,48.48300171,3.59999990
0,2023-02-19 12:00:00,0,7106,-4.15000010,48.53300095,1.50000000
0,2023-02-19 12:00:00,0,7109,-4.43300009,48.28300095,2.59999990
0,2023-02-19 12:00:00,0,7110,-4.38299990,48.45000076,3.09999990
0,2023-02-19 12:00:00,0,7116,-4.01700020,48.75000000,3.09999990
0,2023-02-19 12:00:00,0,7117,-3.47300005,48.82600021,3.09999990
0,2023-02-19 12:00:00,0,7118,-3.46700001,48.75000000,3.59999990
0,2023-02-19 12:00:00,0,7120,-2.84999990,48.53300095,2.59999990
0,2023-02-19 12:00:00,0,7125,-2.08299994,48.58300018,3.09999990
0,2023-02-19 12:00:00,0,7130,-1.73300004,48.06700134,2.59999990
0,2023-02-19 12:00:00,0,7133,-1.61699998,48.83300018,3.59999990
0,2023-02-19 12:00:00,0,7134,-0.75000000,48.03300095,3.09999990
0,2023-02-19 12:00:00,0,7139,0.11700000,48.45000076,2.09999990
0,2023-02-19 12:00:00,0,7140,1.38300002,48.06700134,3.09999990
0,2023-02-19 12:00:00,0,7143,1.50000000,48.46699905,2.59999990
0,2023-02-19 12:00:00,0,7145,2.00000000,48.76699829,3.09999990
0,2023-02-19 12:00:00,0,7146,2.11700010,48.75000000,4.59999990
0,2023-02-19 12:00:00,0,7147,2.20000005,48.76699829,5.69999981
0,2023-02-19 12:00:00,0,7149,2.38400006,48.71699905,4.59999990
0,2023-02-19 12:00:00,0,7150,2.43300009,48.96699905,4.09999990
0,2023-02-19 12:00:00,0,7153,2.68300009,48.61700058,5.09999990
0,2023-02-19 12:00:00,0,7156,2.33299994,48.81700134,3.59999990
0,2023-02-19 12:00:00,0,7157,2.53299999,49.01699829,4.59999990
0,2023-02-19 12:00:00,0,7168,4.01999998,48.32500076,5.09999990
0,2023-02-19 12:00:00,0,7180,6.22100019,48.68799973,3.09999990
0,2023-02-19 12:00:00,0,7181,5.96000004,48.58100128,5.69999981
0,2023-02-19 12:00:00,0,7190,7.63999987,48.54899979,4.59999990
0,2023-02-19 12:00:00,0,7197,7.40000010,47.93299866,5.09999990
0,2023-02-19 12:00:00,0,7201,-4.16699982,47.96699905,1.50000000
0,2023-02-19 12:00:00,0,7203,-3.50000000,47.65000153,1.00000000
0,2023-02-19 12:00:00,0,7205,-3.45000005,47.76699829,1.00000000
0,2023-02-19 12:00:00,0,7207,-3.21799994,47.29399872,2.09999990
0,2023-02-19 12:00:00,0,7217,-2.16700006,47.31700134,2.09999990
0,2023-02-19 12:00:00,0,7222,-1.60000002,47.15000153,1.50000000
0,2023-02-19 12:00:00,0,7230,-0.60000002,47.48300171,2.09999990
0,2023-02-19 12:00:00,0,7235,0.18300000,47.93299866,2.09999990
0,2023-02-19 12:00:00,0,7240,0.73299998,47.45000076,2.09999990
0,2023-02-19 12:00:00,0,7245,1.21700001,47.68299866,2.59999990
0,2023-02-19 12:00:00,0,7247,1.68299997,47.29999924,1.50000000
0,2023-02-19 12:00:00,0,7249,1.78299999,47.98300171,3.59999990
0,2023-02-19 12:00:00,0,7255,2.36700010,47.04999924,2.09999990
0,2023-02-19 12:00:00,0,7257,2.65000010,47.04999924,2.09999990
0,2023-02-19 12:00:00,0,7260,3.09999990,47.00000000,3.09999990
0,2023-02-19 12:00:00,0,7266,3.54999995,47.81700134,4.09999990
0,2023-02-19 12:00:00,0,7280,5.08300018,47.26699829,3.09999990
0,2023-02-19 12:00:00,0,7283,5.33300018,47.84999847,3.59999990
0,2023-02-19 12:00:00,0,7288,5.98299980,47.25000000,1.50000000
0,2023-02-19 12:00:00,0,7292,6.36399984,47.78699875,3.59999990
0,2023-02-19 12:00:00,0,7296,6.83300018,47.65000153,3.59999990
0,2023-02-19 12:00:00,0,7299,7.51000023,47.61399841,5.09999990
0,2023-02-19 12:00:00,0,7300,-2.33299994,46.70000076,1.50000000
0,2023-02-19 12:00:00,0,7306,-1.38300002,46.70000076,1.00000000
0,2023-02-19 12:00:00,0,7311,-1.56700003,46.25000000,
0,2023-02-19 12:00:00,0,7314,-1.41199994,46.04700089,1.00000000
0,2023-02-19 12:00:00,0,7316,-1.18299997,46.16699982,2.09999990
0,2023-02-19 12:00:00,0,7330,-0.40000001,46.31700134,0.50000000
0,2023-02-19 12:00:00,0,7335,0.31700000,46.59999847,1.00000000
0,2023-02-19 12:00:00,0,7354,1.73300004,46.86700058,2.09999990
0,2023-02-19 12:00:00,0,7361,1.95000005,46.18299866,1.00000000
0,2023-02-19 12:00:00,0,7374,3.40000010,46.16699982,1.00000000
0,2023-02-19 12:00:00,0,7379,4.01700020,46.41699982,2.59999990
0,2023-02-19 12:00:00,0,7385,4.80000019,46.29999924,3.59999990
0,2023-02-19 12:00:00,0,7386,5.42700005,47.04399872,2.59999990
0,2023-02-19 12:00:00,0,7412,-0.31700000,45.66699982,1.50000000
0,2023-02-19 12:00:00,0,7428,0.81699997,45.20000076,2.09999990
0,2023-02-19 12:00:00,0,7434,1.17499995,45.86100006,1.00000000
0,2023-02-19 12:00:00,0,7438,1.46700001,45.15000153,1.00000000
0,2023-02-19 12:00:00,0,7460,3.16700006,45.78300095,2.09999990
0,2023-02-19 12:00:00,0,7471,3.76699996,45.08300018,0.00000000
0,2023-02-19 12:00:00,0,7475,4.30000019,45.53300095,1.00000000
0,2023-02-19 12:00:00,0,7480,4.93300009,45.71699905,3.09999990
0,2023-02-19 12:00:00,0,7481,5.08300018,45.73300171,4.09999990
0,2023-02-19 12:00:00,0,7482,5.33300018,45.98300171,4.09999990
0,2023-02-19 12:00:00,0,7486,5.33300018,45.36700058,5.69999981
0,2023-02-19 12:00:00,0,7491,5.88299990,45.63299942,1.50000000
0,2023-02-19 12:00:00,0,7497,6.76700020,45.61700058,1.50000000
0,2023-02-19 12:00:00,0,10007,7.46700001,54.18299866,
0,2023-02-19 12:00:00,0,10015,7.90000010,54.18299866,5.00000000
0,2023-02-19 12:00:00,0,10020,8.41199970,55.01100159,6.00000000
0,2023-02-19 12:00:00,0,10022,8.94999981,54.78300095,6.00000000
0,2023-02-19 12:00:00,0,10028,8.60000038,54.33300018,4.00000000
0,2023-02-19 12:00:00,0,10033,9.50599957,54.82699966,7.00000000
0,2023-02-19 12:00:00,0,10035,9.54899979,54.52700043,4.00000000
0,2023-02-19 12:00:00,0,10037,9.52000046,54.45700073,5.00000000
0,2023-02-19 12:00:00,0,10038,9.53299999,54.31700134,5.00000000
0,2023-02-19 12:00:00,0,10042,10.01700020,54.63299942,5.00000000
0,2023-02-19 12:00:00,0,10044,10.26700020,54.50000000,6.00000000
0,2023-02-19 12:00:00,0,10046,10.14299965,54.37699890,6.00000000
0,2023-02-19 12:00:00,0,10055,11.06099987,54.52799988,8.00000000
0,2023-02-19 12:00:00,0,10091,13.43299961,54.68299866,9.00000000
0,2023-02-19 12:00:00,0,10093,13.47700024,54.36399841,7.00000000
0,2023-02-19 12:00:00,0,10097,13.90999985,54.24399948,11.00000000
0,2023-02-19 12:00:00,0,10113,7.15199995,53.71200180,3.00000000
0,2023-02-19 12:00:00,0,10124,8.12800026,53.86299896,6.00000000
0,2023-02-19 12:00:00,0,10126,7.66699982,53.54999924,3.00000000
0,2023-02-19 12:00:00,0,10129,8.58300018,53.53300095,5.00000000
0,2023-02-19 12:00:00,0,10130,9.01700020,54.06700134,5.00000000
0,2023-02-19 12:00:00,0,10131,8.69999981,53.86700058,6.00000000
0,2023-02-19 12:00:00,0,10136,8.65799999,53.76499939,6.00000000
0,2023-02-19 12:00:00,0,10139,9.13300037,53.45000076,4.00000000
0,2023-02-19 12:00:00,0,10142,9.56700039,53.98300171,3.00000000
0,2023-02-19 12:00:00,0,10146,9.88300037,53.73300171,6.00000000
0,2023-02-19 12:00:00,0,10147,9.98799992,53.63299942,6.00000000
0,2023-02-19 12:00:00,0,10150,10.35000038,54.16699982,5.00000000
0,2023-02-19 12:00:00,0,10152,10.88300037,54.08300018,5.00000000
0,2023-02-19 12:00:00,0,10156,10.69900036,53.80199814,5.00000000
0,2023-02-19 12:00:00,0,10161,11.19099998,54.00299835,6.00000000
0,2023-02-19 12:00:00,0,10162,11.38700008,53.64199829,6.00000000
0,2023-02-19 12:00:00,0,10168,12.10299969,53.60599899,7.00000000
0,2023-02-19 12:00:00,0,10170,12.08100033,54.18000031,9.00000000
0,2023-02-19 12:00:00,0,10172,12.27900028,53.91600037,9.00000000
0,2023-02-19 12:00:00,0,10180,12.71700001,54.33300018,7.00000000
0,2023-02-19 12:00:00,0,10184,13.39999962,54.09999847,8.00000000
0,2023-02-19 12:00:00,0,10193,14.06700039,53.75000000,6.00000000
0,2023-02-19 12:00:00,0,10200,7.23299980,53.38299942,3.00000000
0,2023-02-19 12:00:00,0,10210,7.90000010,53.06700134,1.00000000
0,2023-02-19 12:00:00,0,10224,8.79800034,53.04499817,4.00000000
0,2023-02-19 12:00:00,0,10235,9.79300022,52.95999908,4.00000000
0,2023-02-19 12:00:00,0,10238,9.92500019,52.81499863,2.00000000
0,2023-02-19 12:00:00,0,10246,10.18900013,52.91600037,5.00000000
0,2023-02-19 12:00:00,0,10249,10.68299961,53.38299942,5.00000000
0,2023-02-19 12:00:00,0,10253,11.13300037,52.96699905,4.00000000
0,2023-02-19 12:00:00,0,10261,11.73299980,52.88299942,6.00000000
0,2023-02-19 12:00:00,0,10264,11.93200016,53.32199860,6.00000000
0,2023-02-19 12:00:00,0,10267,12.41699982,52.93299866,6.00000000
0,2023-02-19 12:00:00,0,10268,12.66699982,53.51699829,6.00000000
0,2023-02-19 12:00:00,0,10281,13.30399990,53.59999847,9.00000000
0,2023-02-19 12:00:00,0,10282,13.41699982,53.31700134,6.00000000
0,2023-02-19 12:00:00,0,10289,13.93299961,53.31700134,8.00000000
0,2023-02-19 12:00:00,0,10291,13.98299980,53.03300095,8.00000000
0,2023-02-19 12:00:00,0,10304,7.31699991,52.71599960,2.00000000
0,2023-02-19 12:00:00,0,10309,6.93300009,52.08300018,2.00000000
0,2023-02-19 12:00:00,0,10310,8.28299999,52.11700058,
0,2023-02-19 12:00:00,0,10312,8.16699982,52.31700134,2.00000000
0,2023-02-19 12:00:00,0,10315,7.69999981,52.13299942,2.00000000
0,2023-02-19 12:00:00,0,10321,8.35000038,52.58300018,2.00000000
0,2023-02-19 12:00:00,0,10325,8.75199986,52.10400009,2.00000000
0,2023-02-19 12:00:00,0,10334,9.43299961,52.46699905,2.00000000
0,2023-02-19 12:00:00,0,10335,9.08300018,52.28300095,2.00000000
0,2023-02-19 12:00:00,0,10338,9.67800045,52.46400070,3.00000000
0,2023-02-19 12:00:00,0,10343,10.02999973,52.59600067,4.00000000
0,2023-02-19 12:00:00,0,10348,10.44600010,52.29100037,5.00000000
0,2023-02-19 12:00:00,0,10356,11.17599964,52.15999985,
0,2023-02-19 12:00:00,0,10359,11.39999962,52.51699829,5.00000000
0,2023-02-19 12:00:00,0,10361,11.58300018,52.10300064,3.00000000
0,2023-02-19 12:00:00,0,10365,12.16699982,52.38299942,6.00000000
0,2023-02-19 12:00:00,0,10368,12.46700001,52.11700058,5.00000000
0,2023-02-19 12:00:00,0,10376,13.50000000,52.06100082,4.00000000
0,2023-02-19 12:00:00,0,10379,13.06200027,52.38100052,7.00000000
0,2023-02-19 12:00:00,0,10381,13.30000019,52.45000076,6.00000000
0,2023-02-19 12:00:00,0,10384,13.39999962,52.46699905,8.00000000
0,2023-02-19 12:00:00,0,10385,13.53100014,52.38100052,6.00000000
0,2023-02-19 12:00:00,0,10393,14.11999989,52.20899963,4.00000000
0,2023-02-19 12:00:00,0,10396,14.55000019,52.54999924,7.00000000
0,2023-02-19 12:00:00,0,10400,6.76700020,51.29999924,6.00000000
0,2023-02-19 12:00:00,0,10410,6.96799994,51.40399933,4.00000000
0,2023-02-19 12:00:00,0,10418,7.65000010,51.25000000,6.00000000
0,2023-02-19 12:00:00,0,10424,7.88299990,51.58300018,2.00000000
0,2023-02-19 12:00:00,0,10427,8.48299980,51.18299866,8.00000000
0,2023-02-19 12:00:00,0,10430,8.83899975,51.78499985,2.00000000
0,2023-02-19 12:00:00,0,10433,9.26700020,51.86700058,3.00000000
0,2023-02-19 12:00:00,0,10435,9.11699963,51.50000000,2.00000000
0,2023-02-19 12:00:00,0,10439,9.27999973,51.11899948,2.00000000
0,2023-02-19 12:00:00,0,10441,9.36699963,51.28300095,3.00000000
0,2023-02-19 12:00:00,0,10442,9.80000019,51.96699905,3.00000000
0,2023-02-19 12:00:00,0,10444,9.94999981,51.50000000,3.00000000
0,2023-02-19 12:00:00,0,10449,10.31200027,51.39300156,4.00000000
0,2023-02-19 12:00:00,0,10452,10.60200024,51.72299957,2.00000000
0,2023-02-19 12:00:00,0,10453,10.61800003,51.79899979,7.00000000
0,2023-02-19 12:00:00,0,10454,10.76700020,51.84999847,4.00000000
0,2023-02-19 12:00:00,0,10458,11.13300037,51.65000153,3.00000000
0,2023-02-19 12:00:00,0,10460,11.30000019,51.36700058,3.00000000
0,2023-02-19 12:00:00,0,10469,12.23999977,51.43500137,5.00000000
0,2023-02-19 12:00:00,0,10471,12.44999981,51.31700134,3.00000000
0,2023-02-19 12:00:00,0,10474,12.64500046,51.88899994,5.00000000
0,2023-02-19 12:00:00,0,10476,13.16699982,51.76599884,6.00000000
0,2023-02-19 12:00:00,0,10480,13.10000038,51.29999924,5.00000000
0,2023-02-19 12:00:00,0,10488,13.75399971,51.12799835,6.00000000
0,2023-02-19 12:00:00,0,10490,13.56700039,51.65000153,8.00000000
0,2023-02-19 12:00:00,0,10495,14.25000000,51.45000076,7.00000000
0,2023-02-19 12:00:00,0,10496,14.31700039,51.78300095,4.00000000
0,2023-02-19 12:00:00,0,10499,14.94999981,51.16699982,4.00000000
0,2023-02-19 12:00:00,0,10500,6.03900003,50.95899963,
0,2023-02-19 12:00:00,0,10502,6.65999985,50.82899857,6.00000000
0,2023-02-19 12:00:00,0,10505,6.01700020,50.79999924,7.00000000
0,2023-02-19 12:00:00,0,10506,6.86700010,50.36700058,6.00000000
0,2023-02-19 12:00:00,0,10513,7.15000010,50.86700058,4.00000000
0,2023-02-19 12:00:00,0,10519,7.20400000,50.72900009,5.00000000
0,2023-02-19 12:00:00,0,10520,7.41699982,50.41699982,3.00000000
0,2023-02-19 12:00:00,0,10526,7.96000004,50.66199875,5.00000000
0,2023-02-19 12:00:00,0,10532,8.64999962,50.59999847,5.00000000
0,2023-02-19 12:00:00,0,10534,9.22500038,50.50799942,9.00000000
0,2023-02-19 12:00:00,0,10537,9.01700020,50.75000000,8.00000000
0,2023-02-19 12:00:00,0,10540,10.36699963,51.00000000,3.00000000
0,2023-02-19 12:00:00,0,10542,9.73799992,50.85200119,4.00000000
0,2023-02-19 12:00:00,0,10544,9.94299984,50.49700165,5.00000000
0,2023-02-19 12:00:00,0,10548,10.37699986,50.56200027,5.00000000
0,2023-02-19 12:00:00,0,10552,10.77000046,50.65399933,3.00000000
0,2023-02-19 12:00:00,0,10554,10.96700001,50.98300171,2.00000000
0,2023-02-19 12:00:00,0,10557,11.13300037,50.50000000,5.00000000
0,2023-02-19 12:00:00,0,10564,11.80000019,50.56700134,4.00000000
0,2023-02-19 12:00:00,0,10565,11.93299961,51.08300018,4.00000000
0,2023-02-19 12:00:00,0,10567,12.13300037,50.88299942,3.00000000
0,2023-02-19 12:00:00,0,10569,12.13000011,50.48199844,4.00000000
0,2023-02-19 12:00:00,0,10574,12.61100006,50.43099976,2.00000000
0,2023-02-19 12:00:00,0,10577,12.87199974,50.79100037,3.00000000
0,2023-02-19 12:00:00,0,10578,12.94999981,50.43299866,11.00000000
0,2023-02-19 12:00:00,0,10579,13.14700031,50.65100098,4.00000000
0,2023-02-19 12:00:00,0,10582,13.75000000,50.73300171,8.00000000
0,2023-02-19 12:00:00,0,10591,14.21700001,50.93299866,6.00000000
0,2023-02-19 12:00:00,0,10609,6.66699982,49.75000000,5.00000000
0,2023-02-19 12:00:00,0,10613,7.05900002,50.17399979,4.00000000
0,2023-02-19 12:00:00,0,10615,7.05000019,49.76699829,6.00000000
0,2023-02-19 12:00:00,0,10616,7.26700020,49.95000076,8.00000000
0,2023-02-19 12:00:00,0,10618,7.32600021,49.69300079,6.00000000
0,2023-02-19 12:00:00,0,10628,7.95499992,49.98600006,4.00000000
0,2023-02-19 12:00:00,0,10635,8.44699955,50.22200012,4.00000000
0,2023-02-19 12:00:00,0,10637,8.52099991,50.02600098,7.00000000
0,2023-02-19 12:00:00,0,10641,8.78600025,50.09000015,3.00000000
0,2023-02-19 12:00:00,0,10646,9.41699982,50.01699829,5.00000000
0,2023-02-19 12:00:00,0,10648,9.10000038,49.71699905,5.00000000
0,2023-02-19 12:00:00,0,10655,9.95699978,49.77000046,6.00000000
0,2023-02-19 12:00:00,0,10658,10.07900047,50.22399902,7.00000000
0,2023-02-19 12:00:00,0,10671,10.96700001,50.29999924,3.00000000
0,2023-02-19 12:00:00,0,10675,10.91699982,49.86700058,4.00000000
0,2023-02-19 12:00:00,0,10685,11.88300037,50.31700134,6.00000000
0,2023-02-19 12:00:00,0,10686,11.97399998,50.03099823,8.00000000
0,2023-02-19 12:00:00,0,10688,12.18299961,49.66699982,4.00000000
0,2023-02-19 12:00:00,0,10704,6.68699980,49.26399994,4.00000000
0,2023-02-19 12:00:00,0,10706,7.03299999,49.46699905,5.00000000
0,2023-02-19 12:00:00,0,10708,7.09999990,49.21699905,5.00000000
0,2023-02-19 12:00:00,0,10724,8.12100029,49.37599945,9.00000000
0,2023-02-19 12:00:00,0,10729,8.55799961,49.50600052,6.00000000
0,2023-02-19 12:00:00,0,10731,8.33300018,48.96699905,7.00000000
0,2023-02-19 12:00:00,0,10733,8.89999962,49.29999924,5.00000000
0,2023-02-19 12:00:00,0,10736,8.87300014,48.97200012,7.00000000
0,2023-02-19 12:00:00,0,10738,9.22399998,48.68799973,6.00000000
0,2023-02-19 12:00:00,0,10739,9.19999981,48.83300018,8.00000000
0,2023-02-19 12:00:00,0,10742,9.51700020,49.20000076,7.00000000
0,2023-02-19 12:00:00,0,10743,9.96700001,49.38899994,8.00000000
0,2023-02-19 12:00:00,0,10747,9.68299961,48.91699982,6.00000000
0,2023-02-19 12:00:00,0,10756,10.36699963,49.16699982,7.00000000
0,2023-02-19 12:00:00,0,10761,10.93299961,49.01699829,7.00000000
0,2023-02-19 12:00:00,0,10763,11.05500031,49.50299835,6.00000000
0,2023-02-19 12:00:00,0,10765,11.10000038,49.21699905,8.00000000
0,2023-02-19 12:00:00,0,10771,11.90200043,49.42800140,6.00000000
0,2023-02-19 12:00:00,0,10776,12.10200024,49.04199982,7.00000000
0,2023-02-19 12:00:00,0,10777,11.43299961,48.95000076,7.00000000
0,2023-02-19 12:00:00,0,10782,12.68299961,49.38299942,8.00000000
0,2023-02-19 12:00:00,0,10788,12.56000042,48.82799911,9.00000000
0,2023-02-19 12:00:00,0,10791,13.13300037,49.11700058,12.00000000
0,2023-02-19 12:00:00,0,10796,13.23900032,49.02799988,4.00000000
0,2023-02-19 12:00:00,0,10803,7.83400011,48.02299881,5.00000000
0,2023-02-19 12:00:00,0,10805,7.82800007,48.36500168,4.00000000
0,2023-02-19 12:00:00,0,10815,8.40900040,48.45399857,7.00000000
0,2023-02-19 12:00:00,0,10818,8.75500011,48.10499954,6.00000000
0,2023-02-19 12:00:00,0,10827,8.94999981,48.16699982,5.00000000
0,2023-02-19 12:00:00,0,10836,9.86499977,48.66600037,11.00000000
0,2023-02-19 12:00:00,0,10837,9.91699982,48.21699905,7.00000000
0,2023-02-19 12:00:00,0,10840,9.91699982,48.43299866,7.00000000
0,2023-02-19 12:00:00,0,10850,10.70600033,48.79199982,9.00000000
0,2023-02-19 12:00:00,0,10852,10.94200039,48.42499924,8.00000000
0,2023-02-19 12:00:00,0,10853,11.21500015,48.70899963,8.00000000
0,2023-02-19 12:00:00,0,10856,10.85000038,48.18299866,5.00000000
0,2023-02-19 12:00:00,0,10860,11.53600025,48.71099854,8.00000000
0,2023-02-19 12:00:00,0,10863,11.69999981,48.40000153,9.00000000
0,2023-02-19 12:00:00,0,10865,11.55000019,48.16699982,8.00000000
0,2023-02-19 12:00:00,0,10870,11.81700039,48.34999847,10.00000000
0,2023-02-19 12:00:00,0,10872,12.53899956,48.65900040,13.00000000
0,2023-02-19 12:00:00,0,10875,12.50199986,48.27899933,10.00000000
0,2023-02-19 12:00:00,0,10895,13.35000038,48.54999924,10.00000000
0,2023-02-19 12:00:00,0,10908,8.00000000,47.86700058,11.00000000
0,2023-02-19 12:00:00,0,10929,9.13099957,47.69499969,7.00000000
0,2023-02-19 12:00:00,0,10945,10.03299999,47.79999924,6.00000000
0,2023-02-19 12:00:00,0,10946,10.33500004,47.72299957,4.00000000
0,2023-02-19 12:00:00,0,10948,10.27600002,47.39799881,4.00000000
0,2023-02-19 12:00:00,0,10954,10.86699963,47.83399963,10.00000000
0,2023-02-19 12:00:00,0,10961,10.98499966,47.42100143,11.00000000
0,2023-02-19 12:00:00,0,10962,11.01700020,47.79999924,8.00000000
0,2023-02-19 12:00:00,0,10963,11.06700039,47.48300171,4.00000000
0,2023-02-19 12:00:00,0,10982,12.53999996,47.88399887,7.00000000
0,2023-02-19 12:00:00,0,11001,13.66699982,48.09999847,12.00000000
0,2023-02-19 12:00:00,0,11008,14.00399971,48.56700134,9.00000000
0,2023-02-19 12:00:00,0,11010,14.18299961,48.23300171,10.00000000
0,2023-02-19 12:00:00,0,11012,14.13099957,48.05500031,12.00000000
0,2023-02-19 12:00:00,0,11018,14.89999962,48.11700058,7.00000000
0,2023-02-19 12:00:00,0,11025,14.88300037,48.70000076,7.00000000
0,2023-02-19 12:00:00,0,11051,13.03299999,48.21699905,6.00000000
0,2023-02-19 12:00:00,0,11053,13.48299980,48.21699905,4.00000000
0,2023-02-19 12:00:00,0,11055,13.43299961,48.46699905,5.00000000
0,2023-02-19 12:00:00,0,11059,14.06700039,48.16699982,9.00000000
0,2023-02-19 12:00:00,0,11060,14.28499985,48.29600143,3.00000000
0,2023-02-19 12:00:00,0,11101,9.74600029,47.49900055,2.00000000
0,2023-02-19 12:00:00,0,11105,9.61699963,47.26699829,5.00000000
0,2023-02-19 12:00:00,0,11110,10.23299980,47.13299942,8.00000000
0,2023-02-19 12:00:00,0,11112,10.31700039,46.98300171,2.00000000
0,2023-02-19 12:00:00,0,11119,11.18299961,47.31700134,2.00000000
0,2023-02-19 12:00:00,0,11120,11.35000038,47.26699829,4.00000000
0,2023-02-19 12:00:00,0,11121,11.35000038,47.25000000,2.00000000
0,2023-02-19 12:00:00,0,11126,11.46700001,47.21699905,9.00000000
0,2023-02-19 12:00:00,0,11127,11.02400017,46.86700058,6.00000000
0,2023-02-19 12:00:00,0,11129,11.51700020,47.00000000,3.00000000
0,2023-02-19 12:00:00,0,11130,12.16699982,47.58300018,5.00000000
0,2023-02-19 12:00:00,0,11136,12.18299961,47.23300171,3.00000000
0,2023-02-19 12:00:00,0,11138,12.63300037,47.13299942,3.00000000
0,2023-02-19 12:00:00,0,11140,12.69999981,47.58300018,1.00000000
0,2023-02-19 12:00:00,0,11141,13.21700001,47.40000153,1.00000000
0,2023-02-19 12:00:00,0,11148,13.64999962,47.09999847,12.00000000
0,2023-02-19 12:00:00,0,11149,13.56700039,47.25000000,7.00000000
0,2023-02-19 12:00:00,0,11150,13.00899982,47.78900146,6.00000000
0,2023-02-19 12:00:00,0,11152,13.10000038,47.98300171,6.00000000
0,2023-02-19 12:00:00,0,11153,13.34700012,47.85100174,5.00000000
0,2023-02-19 12:00:00,0,11155,13.71800041,47.81700134,12.00000000
0,2023-02-19 12:00:00,0,11157,14.13799953,47.53300095,6.00000000
0,2023-02-19 12:00:00,0,11161,14.94999981,47.51699829,4.00000000
0,2023-02-19 12:00:00,0,11201,12.41699982,46.75000000,4.00000000
0,2023-02-19 12:00:00,0,11204,12.81700039,46.83300018,1.00000000
0,2023-02-19 12:00:00,0,11208,13.43299961,47.38299942,1.00000000
0,2023-02-19 12:00:00,0,11213,13.88300037,46.61700058,1.00000000
0,2023-02-19 12:00:00,0,11214,14.91699982,46.93299866,2.00000000
0,2023-02-19 12:00:00,0,11220,14.41699982,47.06700134,0.00000000
0,2023-02-19 12:00:00,0,11225,14.18299961,46.84999847,4.00000000
0,2023-02-19 12:00:00,0,11227,14.10000038,46.71699905,1.00000000
0,2023-02-19 12:00:00,0,11229,14.83300018,46.76699829,1.00000000
0,2023-02-19 12:00:00,0,11231,14.33699989,46.64300156,1.00000000
0,2023-02-19 12:00:00,0,11232,14.76700020,46.56700134,1.00000000
0,2023-02-19 12:00:00,0,11265,13.66699982,46.59999847,6.00000000
0,2023-02-19 12:00:00,0,11266,11.69999981,47.50000000,5.00000000
0,2023-02-19 12:00:00,0,11272,13.48299980,46.78300095,1.00000000
0,2023-02-19 12:00:00,0,11275,13.85000038,46.73300171,2.00000000
0,2023-02-19 12:00:00,0,11280,14.18299961,47.11700058,5.00000000
0,2023-02-19 12:00:00,0,11301,9.85000038,47.45000076,4.00000000
0,2023-02-19 12:00:00,0,11302,9.73299980,47.43299866,1.00000000
0,2023-02-19 12:00:00,0,11304,9.73299980,47.09999847,3.00000000
0,2023-02-19 12:00:00,0,11308,10.18299961,47.25000000,4.00000000
0,2023-02-19 12:00:00,0,11312,10.18299961,46.96699905,4.00000000
0,2023-02-19 12:00:00,0,11314,10.73299980,47.50000000,6.00000000
0,2023-02-19 12:00:00,0,11316,10.88300037,46.93299866,5.00000000
0,2023-02-19 12:00:00,0,11318,10.86200047,46.91299820,4.00000000
0,2023-02-19 12:00:00,0,11330,11.85200024,47.16299820,1.00000000
0,2023-02-19 12:00:00,0,11331,14.31700039,46.63299942,2.00000000
0,2023-02-19 12:00:00,0,11337,12.64599991,47.59799957,7.00000000
0,2023-02-19 12:00:00,0,11340,12.73299980,47.33300018,9.00000000
0,2023-02-19 12:00:00,0,11343,12.95899963,47.05400085,6.00000000
0,2023-02-19 12:00:00,0,11346,13.00000000,47.21699905,6.00000000
0,2023-02-19 12:00:00,0,11349,13.61699963,47.06700134,2.00000000
0,2023-02-19 12:00:00,0,11350,13.05399990,47.79100037,2.00000000
0,2023-02-19 12:00:00,0,11362,14.76700020,47.41699982,10.00000000
0,2023-02-19 12:00:00,0,11365,14.76700020,47.20000076,12.00000000
0,2023-02-19 12:00:00,0,11366,12.64999962,47.38299942,4.00000000
0,2023-02-19 12:00:00,0,11406,12.38300037,50.06700134,3.00000000
0,2023-02-19 12:00:00,0,11414,12.91699982,50.20000076,6.00000000
0,2023-02-19 12:00:00,0,11423,12.68299961,49.66699982,7.00000000
0,2023-02-19 12:00:00,0,11438,13.33300018,50.38299942,5.00000000
0,2023-02-19 12:00:00,0,11450,13.38300037,49.76699829,5.00000000
0,2023-02-19 12:00:00,0,11457,13.61699963,49.06700134,6.00000000
0,2023-02-19 12:00:00,0,11464,13.93299961,50.54999924,7.00000000
0,2023-02-19 12:00:00,0,11487,13.83300018,49.46699905,9.00000000
0,2023-02-19 12:00:00,0,11502,14.03299999,50.68299866,3.00000000
0,2023-02-19 12:00:00,0,11509,14.16699982,50.46699905,6.00000000
0,2023-02-19 12:00:00,0,11518,14.25000000,50.09999847,7.00000000
0,2023-02-19 12:00:00,0,11520,14.44699955,50.00799942,4.00000000
0,2023-02-19 12:00:00,0,11538,14.35000038,49.20000076,10.00000000
0,2023-02-19 12:00:00,0,11546,14.46700001,48.95000076,8.00000000
0,2023-02-19 12:00:00,0,11567,14.53299999,50.11700058,6.00000000
0,2023-02-19 12:00:00,0,12200,14.23299980,53.91699982,9.00000000
0,2023-02-19 12:00:00,0,12205,14.61699963,53.40000153,6.00000000
0,2023-02-19 12:00:00,0,12310,14.60000038,52.34999847,6.00000000
0,2023-02-19 12:00:00,0,14006,13.83300018,46.26699829,1.00000000
0,2023-02-19 12:00:00,0,14007,13.71700001,46.49800110,
0,2023-02-19 12:00:00,0,14008,13.85000038,46.38299942,10.00000000
0,2023-02-19 12:00:00,0,14009,13.89999962,46.03300095,0.00000000
0,2023-02-19 12:00:00,0,14010,14.18299961,46.36700058,2.00000000
0,2023-02-19 12:00:00,0,14012,14.36699963,46.09999847,3.00000000
0,2023-02-19 12:00:00,0,14014,14.46700001,46.21699905,0.00000000
0,2023-02-19 12:00:00,0,14015,14.51700020,46.06700134,3.00000000
0,2023-02-19 12:00:00,0,14105,13.61699963,45.48300171,2.00000000
0,2023-02-19 12:00:00,0,14106,13.61699963,45.90000153,1.00000000
0,2023-02-19 12:00:00,0,14112,14.19999981,45.76699829,3.00000000
0,2023-02-19 12:00:00,0,14118,14.85000038,45.65000153,2.00000000
0,2023-02-19 12:00:00,0,14216,14.44999981,45.33300018,1.00000000
0,2023-02-19 12:00:00,0,14219,14.63300037,45.59999847,4.00000000
0,2023-02-19 12:00:00,0,14308,13.93299961,45.23300171,1.00000000
0,2023-02-19 12:00:00,0,14317,14.58300018,45.21699905,1.00000000
0,2023-02-19 12:00:00,0,16008,10.53400040,46.76200104,3.59999990
0,2023-02-19 12:00:00,0,16014,11.43299961,46.88299942,
0,2023-02-19 12:00:00,0,16020,11.33300018,46.46699905,2.09999990
0,2023-02-19 12:00:00,0,16021,11.78699970,46.29800034,6.69999981
0,2023-02-19 12:00:00,0,16022,11.03400040,46.15999985,2.09999990
0,2023-02-19 12:00:00,0,16033,12.22000027,46.72999954,2.09999990
0,2023-02-19 12:00:00,0,16036,12.60000038,46.03300095,
0,2023-02-19 12:00:00,0,16040,13.58300018,46.50000000,
0,2023-02-19 12:00:00,0,16045,13.05000019,45.98300171,0.50000000
0,2023-02-19 12:00:00,0,16052,7.70599985,45.93500137,12.89999962
0,2023-02-19 12:00:00,0,16054,7.34999990,45.73300171,7.19999981
0,2023-02-19 12:00:00,0,16059,7.65000010,45.21699905,0.50000000
0,2023-02-19 12:00:00,0,16061,7.73199987,45.03300095,4.59999990
0,2023-02-19 12:00:00,0,16064,8.66699982,45.51699829,
0,2023-02-19 12:00:00,0,16066,8.73299980,45.61700058,3.09999990
0,2023-02-19 12:00:00,0,16076,9.69999981,45.66699982,7.19999981
0,2023-02-19 12:00:00,0,16080,9.28299999,45.45000076,4.59999990
0,2023-02-19 12:00:00,0,16088,10.28100014,45.42100143,2.59999990
0,2023-02-19 12:00:00,0,16089,10.55000019,45.46699905,1.50000000
0,2023-02-19 12:00:00,0,16090,10.86699963,45.38299942,1.50000000
0,2023-02-19 12:00:00,0,16098,12.10700035,45.68399811,0.00000000
0,2023-02-19 12:00:00,0,16099,12.18299961,45.65000153,0.00000000
0,2023-02-19 12:00:00,0,16101,12.38300037,45.43299866,0.00000000
0,2023-02-19 12:00:00,0,16105,12.33300018,45.50000000,1.50000000
0,2023-02-19 12:00:00,0,16108,13.48299980,45.81700134,0.50000000
0,2023-02-19 12:00:00,0,16110,13.75500011,45.67699814,0.50000000
0,2023-02-19 12:00:00,0,99001,-3.48300004,50.39899826,1.50000000
0,2023-02-19 12:00:00,0,99003,-4.72700024,58.16799927,
0,2023-02-19 12:00:00,0,99005,-4.23799992,56.93999863,
0,2023-02-19 12:00:00,0,99006,-5.44000006,56.45000076,6.19999981
0,2023-02-19 12:00:00,0,99008,0.44800001,51.28799820,4.09999990
0,2023-02-19 12:00:00,0,99010,-2.39000010,57.44300079,
0,2023-02-19 12:00:00,0,99014,-6.11100006,54.29700089,4.09999990
0,2023-02-19 12:00:00,0,99015,-6.18400002,54.07699966,3.09999990
0,2023-02-19 12:00:00,0,99016,-3.92199993,58.22999954,2.59999990
0,2023-02-19 12:00:00,0,99017,-1.58299994,50.66299820,2.09999990
0,2023-02-19 12:00:00,0,99018,-5.58400011,54.67399979,5.69999981
0,2023-02-19 12:00:00,0,99020,-4.66099977,56.41899872,
0,2023-02-19 12:00:00,0,99024,-3.87500000,55.86100006,10.30000019
0,2023-02-19 12:00:00,0,99025,-1.25100005,52.83599854,4.09999990
0,2023-02-19 12:00:00,0,99049,-1.58599997,54.76800156,
0,2023-02-19 12:00:00,0,99057,-0.59600002,52.01399994,
0,2023-02-19 12:00:00,0,99059,-2.05999994,52.09999847,
0,2023-02-19 12:00:00,0,99060,-2.47000003,53.84500122,
0,2023-02-19 12:00:00,0,99062,-1.92799997,52.45600128,
0,2023-02-19 12:00:00,0,99063,-2.17899990,53.60900116,2.59999990
0,2023-02-19 12:00:00,0,99069,-1.68499994,55.21200180,
0,2023-02-19 12:00:00,0,99070,-1.53600001,52.42399979,3.09999990
0,2023-02-19 12:00:00,0,99077,-1.31900001,53.86899948,5.69999981
0,2023-02-19 12:00:00,0,99078,-0.23700000,52.40200043,2.09999990
0,2023-02-19 12:00:00,0,99079,-1.39499998,50.89199829,2.59999990
0,2023-02-19 12:00:00,0,99080,-0.46700001,51.31100082,3.09999990
0,2023-02-19 12:00:00,0,99081,-3.90400004,50.76900101,4.59999990
0,2023-02-19 12:00:00,0,99086,-5.74800014,54.66899872,
0,2023-02-19 12:00:00,0,99088,-4.56500006,55.47700119,
0,2023-02-19 12:00:00,0,99089,-3.39700007,57.01100159,
0,2023-02-19 12:00:00,0,99090,-3.95000005,54.92599869,
0,2023-02-19 12:00:00,0,99092,-5.30600023,57.61299896,
0,2023-02-19 12:00:00,0,99093,-2.26999998,52.99900055,
0,2023-02-19 12:00:00,0,99094,-3.97700000,50.70299911,
0,2023-02-19 12:00:00,0,99095,-0.29400000,51.48199844,4.59999990
0,2023-02-19 12:00:00,0,99096,0.04100000,51.66400146,
0,2023-02-19 12:00:00,0,99107,-1.49100006,53.38100052,
0,2023-02-19 12:00:00,0,99113,-2.70499992,53.77399826,
0,2023-02-19 12:00:00,0,99114,-5.82999992,54.60300064,
0,2023-02-19 12:00:00,0,99116,-0.64300001,54.10499954,
0,2023-02-19 12:00:00,0,99118,0.67100000,52.45899963,
0,2023-02-19 12:00:00,0,99119,-0.85000002,51.17800140,
0,2023-02-19 12:00:00,0,99121,-6.25500011,55.04800034,
0,2023-02-19 12:00:00,0,99122,1.29100001,52.93399811,
0,2023-02-19 12:00:00,0,99123,0.10000000,52.24499893,
0,2023-02-19 12:00:00,0,99124,0.56599998,52.26100159,
0,2023-02-19 12:00:00,0,99125,-4.37300014,57.45899963,
0,2023-02-19 12:00:00,0,99126,0.46000001,51.07699966,
0,2023-02-19 12:00:00,0,99127,0.42899999,51.73400116,
0,2023-02-19 12:00:00,0,99128,-2.22099996,51.60699844,
0,2023-02-19 12:00:00,0,99130,-5.83199978,54.24499893,
0,2023-02-19 12:00:00,0,99131,-6.96600008,54.88600159,
0,2023-02-19 12:00:00,0,99132,-4.48600006,57.32799911,
0,2023-02-19 12:00:00,0,99135,-4.90799999,55.74900055,
0,2023-02-19 12:00:00,0,99136,0.65200001,52.82400131,
0,2023-02-19 12:00:00,0,99137,-3.45900011,54.64899826,
0,2023-02-19 12:00:00,0,99141,-1.95400000,51.94800186,
0,2023-02-19 12:00:00,0,99142,-0.42300001,54.27299881,
0,2023-02-19 12:00:00,0,99143,-3.08100009,54.61999893,
0,2023-02-19 12:00:00,0,99144,-7.56099987,54.18899918,
0,2023-02-19 12:00:00,0,99145,-3.22000003,57.03699875,
0,2023-02-19 12:00:00,0,99146,-1.93499994,52.24800110,
0,2023-02-19 12:00:00,0,99147,-5.65700006,54.57199860,
0,2023-02-19 12:00:00,0,99148,1.27999997,52.16299820,
0,2023-02-19 12:00:00,0,99149,-1.64100003,52.73699951,
0,2023-02-19 12:00:00,0,99150,-4.01999998,52.43199921,
0,2023-02-19 12:00:00,0,99151,-0.88400000,53.40599823,
0,2023-02-19 12:00:00,0,99153,-5.01599979,58.06299973,
0,2023-02-19 12:00:00,0,99155,-2.42799997,52.77799988,
0,2023-02-19 12:00:00,0,99157,-1.33500004,51.00899887,
0,2023-02-19 12:00:00,0,99158,-1.39600003,52.62300110,
0,2023-02-19 12:00:00,0,99159,-1.95899999,50.61399841,
0,2023-02-19 12:00:00,0,99160,-3.18899989,51.48799896,
0,2023-02-19 12:00:00,0,99161,0.62800002,52.09099960,
0,2023-02-19 12:00:00,0,99162,-1.39400005,53.62799835,
0,2023-02-19 12:00:00,0,99163,-4.15799999,52.91500092,
0,2023-02-19 12:00:00,0,99164,-2.95000005,52.59000015,
0,2023-02-19 12:00:00,0,99166,-1.40600002,51.99800110,
0,2023-02-19 12:00:00,0,99167,-2.10100007,54.30799866,
0,2023-02-19 12:00:00,0,99168,-6.89699984,57.77999878,
0,2023-02-19 12:00:00,0,99169,-2.76699996,53.85400009,
0,2023-02-19 12:00:00,0,99170,-3.45199990,52.21599960,
0,2023-02-19 12:00:00,0,99171,-1.77400005,53.81399918,
0,2023-02-19 12:00:00,0,99172,-2.77800012,54.25899887,
0,2023-02-19 12:00:00,0,99173,-1.78199995,54.47299957,
0,2023-02-19 12:00:00,0,99174,-4.67899990,51.98899841,
0,2023-02-19 12:00:00,0,99175,-6.00500011,54.81700134,
0,2023-02-19 12:00:00,0,99176,-2.92300010,51.71400070,
0,2023-02-19 12:00:00,0,99177,-1.77100003,54.06999969,
0,2023-02-19 12:00:00,0,99178,-0.65899998,53.63700104,
0,2023-02-19 12:00:00,0,99179,-2.52600002,53.08599854,
0,2023-02-19 12:00:00,0,99180,-3.21199989,55.96699905,
0,2023-02-19 12:00:00,0,99182,0.59600002,51.14199829,
0,2023-02-19 12:00:00,0,99183,-0.93800002,51.44100189,
0,2023-02-19 12:00:00,0,99184,-4.92199993,51.86000061,
0,2023-02-19 12:00:00,0,99185,-0.49399999,50.93799973,
0,2023-02-19 12:00:00,0,99186,-2.57999992,55.23400116,
0,2023-02-19 12:00:00,0,99187,-2.85999990,54.07600021,
0,2023-02-19 12:00:00,0,99188,-6.51200008,55.23400116,
0,2023-02-19 12:00:00,0,99189,-1.60500002,52.20600128,
0,2023-02-19 12:00:00,0,99190,-4.54600000,50.82899857,
0,2023-02-19 12:00:00,0,99191,-5.37500000,57.18099976,
0,2023-02-19 12:00:00,0,99192,-1.01300001,52.04199982,
0,2023-02-19 12:00:00,0,99193,-4.95800018,54.74100113,
0,2023-02-19 12:00:00,0,99194,-3.91599989,52.27199936,
0,2023-02-19 12:00:00,0,99195,-3.48900008,51.92399979,
0,2023-02-19 12:00:00,0,99196,-1.91799998,55.52999878,
0,2023-02-19 12:00:00,0,99207,-2.58599997,51.91099930,2.09999990
0,2023-02-19 12:00:00,0,99212,-1.16799998,50.83599854,3.09999990
0,2023-02-19 12:00:00,0,99214,-0.29800001,53.76599884,
0,2023-02-19 12:00:00,0,99225,-6.65000010,54.35200119,4.09999990
0,2023-02-19 12:00:00,0,99227,1.33500004,51.34600067,5.09999990
0,2023-02-19 12:00:00,0,99228,-2.25900006,57.17599869,
0,2023-02-19 12:00:00,0,99229,-0.77800000,51.28400040,
0,2023-02-19 12:00:00,0,99230,-0.42199999,52.10499954,
0,2023-02-19 12:00:00,0,99430,-0.34099999,51.42200089,2.59999990
0,2023-02-19 12:00:00,0,99431,-0.64300001,51.50699997,2.59999990
0,2023-02-19 12:00:00,0,99432,-0.49700001,51.39899826,2.59999990
0,2023-02-19 12:00:00,0,99433,-0.49599999,51.51200104,2.59999990
0,2023-02-19 12:00:00,0,99434,-0.17900001,51.47000122,3.59999990
0,2023-02-19 12:00:00,0,99442,-4.93900013,51.60100174,5.69999981
0,2023-02-19 12:00:00,0,99445,-0.92100000,53.01699829,5.09999990
0,2023-02-19 12:00:00,0,99446,-1.75800002,51.24399948,3.59999990
0,2023-02-19 12:00:00,0,99449,-5.00000000,51.63999939,5.09999990
0,2023-02-19 12:00:00,0,99450,-5.22599983,50.00199890,4.09999990
0,2023-02-19 12:00:00,0,99451,-2.30999994,52.63999939,4.09999990
0,2023-02-19 12:00:00,0,99452,-3.05200005,53.58300018,6.69999981
0,2023-02-19 12:00:00,0,99453,-0.56900001,52.96099854,7.19999981
0,2023-02-19 12:00:00,0,99454,-2.53500009,52.87699890,3.09999990
0,2023-02-19 12:00:00,0,99456,-2.93300009,50.96099854,5.09999990
0,2023-02-19 12:00:00,0,99457,-3.20199990,51.20100021,6.69999981
0,2023-02-19 12:00:00,0,99458,-1.69299996,51.13499832,3.59999990
0,2023-02-19 12:00:00,0,99459,-1.94500005,51.23099899,3.09999990
0,2023-02-19 12:00:00,0,99460,-3.96099997,57.82400131,4.59999990
0,2023-02-19 12:00:00,0,99461,-4.78299999,51.63899994,5.69999981
0,2023-02-19 12:00:00,0,99463,-0.84100002,60.82699966,
0,2023-02-19 12:00:00,0,99464,-1.76699996,55.41799927,5.09999990
0,2023-02-19 12:00:00,0,99465,-1.81099999,57.45899963,
