attrs,values
units,"m s-1"
model_var,""
dtime_units,"hour"
level_type,"isobaric"
time_type,"UT"
time_bounds,"[0, 0]"
level,time,dtime,id,lon,lat,wind_speed,percentile
0,2023-02-17 06:00:00,6,1,0.69559997,51.57139969,7.90179014,50.00000000
0,2023-02-17 06:00:00,6,2,-0.36829999,51.87440109,7.69648981,50.00000000
0,2023-02-17 06:00:00,6,3,-1.35669994,50.95029831,5.77213001,50.00000000
0,2023-02-17 06:00:00,6,4,0.02950000,51.32149887,6.98543978,50.00000000
0,2023-02-17 06:00:00,6,5,0.05800000,51.50479889,6.55818987,50.00000000
0,2023-02-17 06:00:00,6,6,0.93919998,50.95610046,7.60947990,50.00000000
0,2023-02-17 06:00:00,6,7,-0.62669998,52.07030106,8.32985973,50.00000000
0,2023-02-17 06:00:00,6,8,-5.87699986,54.61299896,5.36459017,50.00000000
0,2023-02-17 06:00:00,6,9,-1.74810004,52.45389938,8.15128994,50.00000000
0,2023-02-17 06:00:00,6,11,-2.71919990,51.38280106,8.10291004,50.00000000
0,2023-02-17 06:00:00,6,12,0.17500000,52.20500183,7.91744995,50.00000000
0,2023-02-17 06:00:00,6,14,-2.80920005,54.93750000,9.25347042,50.00000000
0,2023-02-17 06:00:00,6,15,-2.30559993,52.63999939,8.86686993,50.00000000
0,2023-02-17 06:00:00,6,17,-3.02579999,56.45249939,13.01583958,50.00000000
0,2023-02-17 06:00:00,6,18,-1.32669997,52.83110046,8.65359974,50.00000000
0,2023-02-17 06:00:00,6,19,-3.41389990,50.73440170,6.21678019,50.00000000
0,2023-02-17 06:00:00,6,22,-0.34720001,53.57970047,8.79174042,50.00000000
0,2023-02-17 06:00:00,6,23,-4.04750013,57.54240036,8.13706970,50.00000000
0,2023-02-17 06:00:00,6,24,0.56110001,52.40940094,7.56567001,50.00000000
0,2023-02-17 06:00:00,6,25,-1.66059995,53.86579895,10.44207001,50.00000000
0,2023-02-17 06:00:00,6,26,-2.84999990,53.33359909,9.89247990,50.00000000
0,2023-02-17 06:00:00,6,28,0.48830000,52.36080170,7.89622021,50.00000000
0,2023-02-17 06:00:00,6,29,-1.69169998,55.03749847,12.20771027,50.00000000
0,2023-02-17 06:00:00,6,30,1.28279996,52.67610168,7.54042006,50.00000000
0,2023-02-17 06:00:00,6,32,-4.58669996,55.50780106,8.43910980,50.00000000
0,2023-02-17 06:00:00,6,33,-1.29920006,60.43220139,10.62395000,50.00000000
0,2023-02-17 06:00:00,6,34,-1.38859999,53.39440155,6.66339016,50.00000000
0,2023-02-17 06:00:00,6,37,-1.42349994,54.51250076,7.99468994,50.00000000
0,2023-02-17 06:00:00,6,50,-0.12000000,52.34999847,8.47706032,50.00000000
0,2023-02-17 06:00:00,6,51,-2.16000009,55.25000000,11.79675961,50.00000000
0,2023-02-17 06:00:00,6,52,-4.87209988,58.61750031,15.60960960,50.00000000
0,2023-02-17 06:00:00,6,53,-2.28640008,51.43920135,9.02476025,50.00000000
0,2023-02-17 06:00:00,6,63,-4.32999992,53.09999847,5.79259014,50.00000000
0,2023-02-17 06:00:00,6,69,-5.23000002,50.00000000,7.57229996,50.00000000
0,2023-02-17 06:00:00,6,98,-2.88540006,53.74459839,9.67770958,50.00000000
0,2023-02-17 06:00:00,6,111,1.72000003,52.63000107,7.76331997,50.00000000
0,2023-02-17 06:00:00,6,127,-1.32040000,51.83560181,7.65000010,50.00000000
0,2023-02-17 06:00:00,6,134,-1.77999997,51.68000031,8.83183956,50.00000000
0,2023-02-17 06:00:00,6,139,-0.73710001,51.79119873,8.28604984,50.00000000
0,2023-02-17 06:00:00,6,201,-3.23289990,54.10639954,8.87975025,50.00000000
0,2023-02-17 06:00:00,6,203,-4.94589996,56.28239822,9.35354042,50.00000000
0,2023-02-17 06:00:00,6,204,-0.22480001,52.72639847,8.32898998,50.00000000
0,2023-02-17 06:00:00,6,205,-0.10620000,52.50410080,8.35741043,50.00000000
0,2023-02-17 06:00:00,6,206,0.10820000,52.83789825,8.38072968,50.00000000
0,2023-02-17 06:00:00,6,207,-0.02400000,52.43470001,8.59070015,50.00000000
0,2023-02-17 06:00:00,6,208,-4.85449982,57.13069916,9.75977039,50.00000000
0,2023-02-17 06:00:00,6,209,-4.13000011,58.04999924,11.08854008,50.00000000
0,2023-02-17 06:00:00,6,210,-1.37860000,54.66429901,9.37308025,50.00000000
0,2023-02-17 06:00:00,6,211,-2.83010006,55.67060089,11.92381954,50.00000000
0,2023-02-17 06:00:00,6,212,-1.75950003,54.74380112,13.39185047,50.00000000
0,2023-02-17 06:00:00,6,213,-2.51620007,55.90069962,13.84652042,50.00000000
0,2023-02-17 06:00:00,6,216,-4.81160021,55.68460083,8.44149017,50.00000000
0,2023-02-17 06:00:00,6,217,-0.64260000,53.62699890,8.50094986,50.00000000
0,2023-02-17 06:00:00,6,220,1.66719997,52.71260071,7.97989988,50.00000000
0,2023-02-17 06:00:00,6,222,-3.60019994,52.54940033,9.41625023,50.00000000
0,2023-02-17 06:00:00,6,223,-5.55870008,55.63779831,8.78958988,50.00000000
0,2023-02-17 06:00:00,6,224,-1.30159998,54.69319916,10.09558964,50.00000000
0,2023-02-17 06:00:00,6,225,-1.68460000,54.84700012,13.11826992,50.00000000
0,2023-02-17 06:00:00,6,226,-3.57399988,54.59460068,9.55751991,50.00000000
0,2023-02-17 06:00:00,6,228,-5.09399986,54.87549973,8.16388035,50.00000000
0,2023-02-17 06:00:00,6,229,0.10190000,53.66880035,9.15019035,50.00000000
0,2023-02-17 06:00:00,6,230,-1.93770003,53.78160095,14.28713036,50.00000000
0,2023-02-17 06:00:00,6,231,-3.48000002,57.45000076,11.87893963,50.00000000
0,2023-02-17 06:00:00,6,232,-3.03180003,53.45809937,10.11742020,50.00000000
0,2023-02-17 06:00:00,6,233,-3.87879992,52.40940094,7.61246014,50.00000000
0,2023-02-17 06:00:00,6,234,-4.40939999,53.40719986,6.83184004,50.00000000
0,2023-02-17 06:00:00,6,235,-3.68330002,54.75000000,9.66114998,50.00000000
0,2023-02-17 06:00:00,6,237,-1.68789995,53.53789902,13.13057995,50.00000000
0,2023-02-17 06:00:00,6,238,1.78690004,52.64250183,9.37755013,50.00000000
0,2023-02-17 06:00:00,6,240,0.14810000,52.58000183,8.14323044,50.00000000
0,2023-02-17 06:00:00,6,242,-1.80239999,54.75830078,13.54553986,50.00000000
0,2023-02-17 06:00:00,6,243,-4.22370005,57.47790146,7.13464022,50.00000000
0,2023-02-17 06:00:00,6,244,-4.25890017,55.86370087,8.55280972,50.00000000
0,2023-02-17 06:00:00,6,245,-1.59700000,54.97700119,10.90324974,50.00000000
0,2023-02-17 06:00:00,6,246,-5.87699986,54.61299896,5.36459017,50.00000000
0,2023-02-17 06:00:00,6,247,-1.89649999,52.47969818,8.20823002,50.00000000
0,2023-02-17 06:00:00,6,248,-2.24110007,53.47629929,8.56027985,50.00000000
0,2023-02-17 06:00:00,6,249,-2.58969998,51.45370102,7.61651993,50.00000000
0,2023-02-17 06:00:00,6,250,-0.10800000,51.52099991,6.20813990,50.00000000
0,2023-02-17 06:00:00,6,251,-3.52999997,50.72190094,6.39514017,50.00000000
0,2023-02-17 06:00:00,6,253,-5.57800007,55.57120132,8.88257027,50.00000000
0,2023-02-17 06:00:00,6,254,-4.12430000,55.36460114,10.62852955,50.00000000
0,2023-02-17 06:00:00,6,255,-5.15689993,56.03179932,8.93118000,50.00000000
0,2023-02-17 06:00:00,6,256,-2.85150003,55.80599976,12.39068985,50.00000000
0,2023-02-17 06:00:00,6,257,-3.92059994,55.55459976,10.89702988,50.00000000
0,2023-02-17 06:00:00,6,258,-6.10340023,54.80599976,6.09989977,50.00000000
0,2023-02-17 06:00:00,6,259,-6.81820011,55.01739883,5.64019012,50.00000000
0,2023-02-17 06:00:00,6,260,-2.15479994,53.75030136,12.59025955,50.00000000
0,2023-02-17 06:00:00,6,261,-5.03380013,50.35200119,7.15021992,50.00000000
0,2023-02-17 06:00:00,6,262,-6.25629997,55.02989960,6.03346014,50.00000000
0,2023-02-17 06:00:00,6,263,-8.01469994,54.43849945,4.10311985,50.00000000
0,2023-02-17 06:00:00,6,264,-3.75149989,55.77000046,9.93146038,50.00000000
0,2023-02-17 06:00:00,6,265,-4.33220005,57.80170059,12.14435959,50.00000000
0,2023-02-17 06:00:00,6,266,-3.66350007,56.24489975,10.57796955,50.00000000
0,2023-02-17 06:00:00,6,267,0.15140000,52.58610153,8.14323044,50.00000000
0,2023-02-17 06:00:00,6,268,-4.24490023,55.68569946,9.66018963,50.00000000
0,2023-02-17 06:00:00,6,269,-4.05859995,55.22249985,9.60441971,50.00000000
0,2023-02-17 06:00:00,6,270,-7.98880005,54.70009995,4.17268991,50.00000000
0,2023-02-17 06:00:00,6,271,-3.41939998,52.45159912,7.76331997,50.00000000
0,2023-02-17 06:00:00,6,272,-5.27220011,56.38299942,9.20553970,50.00000000
0,2023-02-17 06:00:00,6,273,-6.45499992,57.42900085,8.38813972,50.00000000
0,2023-02-17 06:00:00,6,274,-3.44330001,58.29999924,12.38683987,50.00000000
0,2023-02-17 06:00:00,6,275,-2.63700008,57.66099930,12.69771004,50.00000000
0,2023-02-17 06:00:00,6,276,-4.06479979,56.26350021,10.33813953,50.00000000
0,2023-02-17 06:00:00,6,277,-3.37129998,57.53720093,10.34751987,50.00000000
0,2023-02-17 06:00:00,6,278,-3.45679998,58.42940140,11.51045990,50.00000000
0,2023-02-17 06:00:00,6,279,-3.75079989,52.40499878,9.23301029,50.00000000
0,2023-02-17 06:00:00,6,280,-3.65919995,55.18629837,7.82708979,50.00000000
0,2023-02-17 06:00:00,6,281,-3.35630012,56.67940140,10.51854992,50.00000000
0,2023-02-17 06:00:00,6,282,-4.10220003,56.07540131,10.46864986,50.00000000
0,2023-02-17 06:00:00,6,283,-4.09410000,57.32500076,9.53738976,50.00000000
0,2023-02-17 06:00:00,6,284,-2.64429998,57.41189957,12.21784973,50.00000000
0,2023-02-17 06:00:00,6,285,-4.72300005,55.24580002,8.49775982,50.00000000
0,2023-02-17 06:00:00,6,286,-2.69300008,57.45019913,10.93167973,50.00000000
0,2023-02-17 06:00:00,6,287,-3.21630001,55.11270142,9.30937004,50.00000000
0,2023-02-17 06:00:00,6,288,-2.68939996,59.18960190,15.65470028,50.00000000
0,2023-02-17 06:00:00,6,289,-5.67910004,55.49380112,8.17924023,50.00000000
0,2023-02-17 06:00:00,6,294,-7.02440023,54.96319962,5.33455992,50.00000000
0,2023-02-17 06:00:00,6,301,-7.61670017,54.15850067,3.59074998,50.00000000
0,2023-02-17 06:00:00,6,303,-7.11269999,54.50270081,4.94184017,50.00000000
0,2023-02-17 06:00:00,6,307,-4.88299990,57.71699905,10.25263977,50.00000000
0,2023-02-17 06:00:00,6,311,-4.02169991,52.30469894,7.94388008,50.00000000
0,2023-02-17 06:00:00,6,313,-1.41639996,54.76290131,10.14393044,50.00000000
0,2023-02-17 06:00:00,6,314,-3.17759991,54.18830109,9.23711967,50.00000000
0,2023-02-17 06:00:00,6,315,-3.13240004,55.71070099,10.68097019,50.00000000
0,2023-02-17 06:00:00,6,316,-3.55520010,54.65560150,8.70923996,50.00000000
0,2023-02-17 06:00:00,6,317,-3.54299998,54.67480087,9.96345997,50.00000000
0,2023-02-17 06:00:00,6,341,-1.43350005,54.83179855,10.14696026,50.00000000
0,2023-02-17 06:00:00,6,342,-1.44140005,54.77590179,9.93710995,50.00000000
0,2023-02-17 06:00:00,6,343,-1.37629998,54.66680145,9.37308025,50.00000000
0,2023-02-17 06:00:00,6,344,-3.38019991,55.15470123,7.33971977,50.00000000
0,2023-02-17 06:00:00,6,348,1.13999999,51.45000076,9.36347008,50.00000000
0,2023-02-17 06:00:00,6,349,0.95969999,50.91339874,11.14449978,50.00000000
0,2023-02-17 06:00:00,6,350,-1.18110001,54.63550186,8.67043972,50.00000000
0,2023-02-17 06:00:00,6,351,-2.91779995,54.03049850,9.74450970,50.00000000
0,2023-02-17 06:00:00,6,352,-3.13170004,51.20709991,9.24717999,50.00000000
0,2023-02-17 06:00:00,6,353,-4.89650011,55.72019958,7.99750996,50.00000000
0,2023-02-17 06:00:00,6,355,-2.40799999,55.96799850,14.09646034,50.00000000
0,2023-02-17 06:00:00,6,356,-0.23029999,52.93460083,8.29763031,50.00000000
0,2023-02-17 06:00:00,6,357,-3.67389989,52.63790131,6.79371977,50.00000000
0,2023-02-17 06:00:00,6,358,-4.54589987,50.64799881,7.19189978,50.00000000
0,2023-02-17 06:00:00,6,359,-3.07850003,54.87300110,9.59768963,50.00000000
0,2023-02-17 06:00:00,6,362,-1.68799996,54.82049942,13.07444954,50.00000000
0,2023-02-17 06:00:00,6,363,-0.92379999,53.72679901,8.61499023,50.00000000
0,2023-02-17 06:00:00,6,364,-1.44180000,54.71879959,9.78120995,50.00000000
0,2023-02-17 06:00:00,6,365,-3.50189996,54.63090134,8.73163033,50.00000000
0,2023-02-17 06:00:00,6,366,-1.48969996,55.13499832,13.66779995,50.00000000
0,2023-02-17 06:00:00,6,368,-3.68630004,58.60409927,14.05327034,50.00000000
0,2023-02-17 06:00:00,6,383,-3.50000000,54.42100143,8.65087032,50.00000000
0,2023-02-17 06:00:00,6,384,-2.20099998,51.86159897,7.50478983,50.00000000
0,2023-02-17 06:00:00,6,385,-1.61940002,52.50809860,8.42395973,50.00000000
0,2023-02-17 06:00:00,6,386,-1.20459998,53.70529938,8.58335018,50.00000000
0,2023-02-17 06:00:00,6,387,-1.04920006,53.20059967,7.76041985,50.00000000
0,2023-02-17 06:00:00,6,388,-1.13220000,53.22650146,7.88205004,50.00000000
0,2023-02-17 06:00:00,6,389,-1.06110001,53.41370010,7.84946012,50.00000000
0,2023-02-17 06:00:00,6,390,-1.64900005,55.24000168,12.41658974,50.00000000
0,2023-02-17 06:00:00,6,391,-2.44700003,53.53200150,10.27754021,50.00000000
0,2023-02-17 06:00:00,6,392,-1.38499999,52.99800110,9.24188995,50.00000000
0,2023-02-17 06:00:00,6,393,-1.38150001,52.69350052,8.65579987,50.00000000
0,2023-02-17 06:00:00,6,394,-1.69079995,53.27330017,13.48287010,50.00000000
0,2023-02-17 06:00:00,6,395,-3.89590001,55.52199936,11.02692032,50.00000000
0,2023-02-17 06:00:00,6,396,-3.82640004,55.61240005,10.19402981,50.00000000
0,2023-02-17 06:00:00,6,397,-3.89479995,55.52209854,11.02692032,50.00000000
0,2023-02-17 06:00:00,6,398,-4.28299999,55.37829971,9.56334019,50.00000000
0,2023-02-17 06:00:00,6,399,-4.40899992,55.45380020,9.21953964,50.00000000
0,2023-02-17 06:00:00,6,400,-4.37659979,55.33319855,9.56886959,50.00000000
0,2023-02-17 06:00:00,6,401,-3.83699989,55.59299850,9.91536045,50.00000000
0,2023-02-17 06:00:00,6,402,-3.15319991,55.82630157,10.65231991,50.00000000
0,2023-02-17 06:00:00,6,403,-3.98690009,55.54079819,10.92438030,50.00000000
0,2023-02-17 06:00:00,6,404,-3.41310000,56.11669922,10.27132034,50.00000000
0,2023-02-17 06:00:00,6,405,-3.88870001,51.69390106,6.22608995,50.00000000
0,2023-02-17 06:00:00,6,406,-3.61350012,51.73149872,6.47777987,50.00000000
0,2023-02-17 06:00:00,6,407,-4.01020002,50.40959930,5.82180977,50.00000000
0,2023-02-17 06:00:00,6,408,-0.82160002,54.55619812,12.48169041,50.00000000
0,2023-02-17 06:00:00,6,409,-7.38000011,54.59000015,4.33273983,50.00000000
0,2023-02-17 06:00:00,6,414,-0.19820000,53.94789886,10.19433975,50.00000000
0,2023-02-17 06:00:00,6,415,-0.08600000,53.81370163,9.04187012,50.00000000
0,2023-02-17 06:00:00,6,416,-4.87260008,55.07630157,8.34002018,50.00000000
0,2023-02-17 06:00:00,6,417,-1.55980003,55.20460129,12.29354954,50.00000000
0,2023-02-17 06:00:00,6,418,-3.27060008,58.40819931,11.59278965,50.00000000
0,2023-02-17 06:00:00,6,419,-4.96029997,50.47219849,6.95001984,50.00000000
0,2023-02-17 06:00:00,6,420,-3.14569998,59.11489868,13.42757034,50.00000000
0,2023-02-17 06:00:00,6,421,-3.66300011,51.68000031,6.63675022,50.00000000
0,2023-02-17 06:00:00,6,422,0.80350000,50.96009827,7.52304983,50.00000000
0,2023-02-17 06:00:00,6,423,-4.43359995,53.36220169,6.55284977,50.00000000
0,2023-02-17 06:00:00,6,424,-3.65070009,53.38109970,10.55457020,50.00000000
0,2023-02-17 06:00:00,6,425,-4.20289993,55.29380035,9.53374958,50.00000000
0,2023-02-17 06:00:00,6,426,6.47489977,48.84550095,5.69148016,50.00000000
0,2023-02-17 06:00:00,6,427,3.81089997,49.70009995,6.37479019,50.00000000
0,2023-02-17 06:00:00,6,428,4.04440022,49.67839813,6.40946007,50.00000000
0,2023-02-17 06:00:00,6,429,-2.04719996,46.94929886,3.57977009,50.00000000
0,2023-02-17 06:00:00,6,430,6.51420021,49.17070007,6.53832006,50.00000000
0,2023-02-17 06:00:00,6,431,0.93580002,49.81209946,8.02435017,50.00000000
0,2023-02-17 06:00:00,6,432,2.29320002,49.65430069,6.97010994,50.00000000
0,2023-02-17 06:00:00,6,433,1.49689996,49.83990097,8.12835979,50.00000000
0,2023-02-17 06:00:00,6,434,-4.13329983,48.18000031,5.22384024,50.00000000
0,2023-02-17 06:00:00,6,436,4.19469976,48.89419937,5.53185987,50.00000000
0,2023-02-17 06:00:00,6,437,-1.45039999,46.41979980,2.78413010,50.00000000
0,2023-02-17 06:00:00,6,438,2.06870008,47.00569916,4.59435987,50.00000000
0,2023-02-17 06:00:00,6,439,1.32939994,47.92919922,4.62553978,50.00000000
0,2023-02-17 06:00:00,6,440,2.05049992,49.58900070,7.40274000,50.00000000
0,2023-02-17 06:00:00,6,441,1.25479996,49.95180130,8.58537006,50.00000000
0,2023-02-17 06:00:00,6,442,-2.41429996,48.42150116,4.43403006,50.00000000
0,2023-02-17 06:00:00,6,443,5.43900013,48.69789886,6.33121014,50.00000000
0,2023-02-17 06:00:00,6,444,1.90779996,48.16149902,5.21659994,50.00000000
0,2023-02-17 06:00:00,6,445,0.10980000,45.81760025,2.69891000,50.00000000
0,2023-02-17 06:00:00,6,446,-0.93300003,53.61700058,8.37456989,50.00000000
0,2023-02-17 06:00:00,6,447,-4.13570023,51.68339920,6.28046989,50.00000000
0,2023-02-17 06:00:00,6,448,-3.56620002,51.70320129,7.90465021,50.00000000
0,2023-02-17 06:00:00,6,449,-4.96439981,51.79320145,6.75092983,50.00000000
0,2023-02-17 06:00:00,6,450,-3.33859992,53.04109955,6.25725985,50.00000000
0,2023-02-17 06:00:00,6,451,-4.18260002,53.20959854,6.01741982,50.00000000
0,2023-02-17 06:00:00,6,452,-5.21799994,56.21889877,9.78798962,50.00000000
0,2023-02-17 06:00:00,6,454,10.27099991,52.17499924,9.48525047,50.00000000
0,2023-02-17 06:00:00,6,455,10.36400032,52.61700058,9.39393044,50.00000000
0,2023-02-17 06:00:00,6,456,9.50000000,53.12599945,9.29119015,50.00000000
0,2023-02-17 06:00:00,6,458,-2.25699997,55.90480042,12.77563953,50.00000000
0,2023-02-17 06:00:00,6,459,-0.47999999,52.24000168,8.57003975,50.00000000
0,2023-02-17 06:00:00,6,460,1.28999996,52.06000137,7.77801991,50.00000000
0,2023-02-17 06:00:00,6,461,-1.40999997,51.11000061,6.73821020,50.00000000
0,2023-02-17 06:00:00,6,462,-1.25999999,51.06000137,6.33016014,50.00000000
0,2023-02-17 06:00:00,6,463,-0.57999998,51.61000061,7.89343023,50.00000000
0,2023-02-17 06:00:00,6,464,-4.28809977,55.86090088,8.23301029,50.00000000
0,2023-02-17 06:00:00,6,465,-4.29379988,55.85829926,8.23301029,50.00000000
0,2023-02-17 06:00:00,6,466,-3.75900006,56.57569885,9.67784023,50.00000000
0,2023-02-17 06:00:00,6,467,-3.61109996,55.39619827,8.97128010,50.00000000
0,2023-02-17 06:00:00,6,468,-7.85160017,54.86640167,4.64152002,50.00000000
0,2023-02-17 06:00:00,6,470,-2.64910007,57.66510010,12.69771004,50.00000000
0,2023-02-17 06:00:00,6,471,-6.46540022,57.43920135,8.53316975,50.00000000
0,2023-02-17 06:00:00,6,472,-3.23740005,58.46020126,11.77929020,50.00000000
0,2023-02-17 06:00:00,6,473,-4.43860006,57.71549988,10.44723034,50.00000000
0,2023-02-17 06:00:00,6,474,-5.28240013,56.37990189,9.20553970,50.00000000
0,2023-02-17 06:00:00,6,475,-3.43059993,56.30619812,11.45909023,50.00000000
0,2023-02-17 06:00:00,6,476,-3.35840011,54.85810089,8.97550964,50.00000000
0,2023-02-17 06:00:00,6,477,-1.79799998,54.75510025,13.45368004,50.00000000
0,2023-02-17 06:00:00,6,478,-2.63840008,54.33369827,8.73663044,50.00000000
0,2023-02-17 06:00:00,6,479,-3.13649988,54.24710083,9.13008976,50.00000000
0,2023-02-17 06:00:00,6,480,-1.91509998,54.88249969,13.73733044,50.00000000
0,2023-02-17 06:00:00,6,481,0.23379999,53.14410019,8.01449013,50.00000000
0,2023-02-17 06:00:00,6,482,-4.34060001,53.37670135,6.77706003,50.00000000
0,2023-02-17 06:00:00,6,483,-3.57870007,52.36249924,9.10851955,50.00000000
0,2023-02-17 06:00:00,6,484,-2.28819990,53.76509857,10.83228970,50.00000000
0,2023-02-17 06:00:00,6,485,-1.64760005,53.99679947,10.78227997,50.00000000
0,2023-02-17 06:00:00,6,486,-3.96650004,52.46369934,6.90635014,50.00000000
0,2023-02-17 06:00:00,6,487,-3.47440004,51.56449890,6.42934990,50.00000000
0,2023-02-17 06:00:00,6,488,-1.14010000,53.11690140,8.85653019,50.00000000
0,2023-02-17 06:00:00,6,489,-3.44799995,55.53939819,9.86933041,50.00000000
0,2023-02-17 06:00:00,6,490,-0.28230000,54.00439835,8.60871983,50.00000000
0,2023-02-17 06:00:00,6,491,-3.43510008,52.58229828,8.57808971,50.00000000
0,2023-02-17 06:00:00,6,492,-1.25430000,54.49110031,8.14622974,50.00000000
0,2023-02-17 06:00:00,6,493,-1.17799997,52.50049973,8.73523998,50.00000000
0,2023-02-17 06:00:00,6,494,-2.11400008,57.31549835,12.95468044,50.00000000
0,2023-02-17 06:00:00,6,501,-1.46959996,53.38240051,6.49666023,50.00000000
0,2023-02-17 06:00:00,6,503,-3.57419991,55.23899841,8.74287033,50.00000000
0,2023-02-17 06:00:00,6,504,-2.08780003,57.18610001,12.41026020,50.00000000
0,2023-02-17 06:00:00,6,505,10.09119987,53.67350006,8.83269024,50.00000000
0,2023-02-17 06:00:00,6,508,6.78840017,53.45159912,14.61779022,50.00000000
0,2023-02-17 06:00:00,6,509,4.38399982,51.66550064,9.57651043,50.00000000
0,2023-02-17 06:00:00,6,513,-2.24799991,53.66199875,11.18099976,50.00000000
0,2023-02-17 06:00:00,6,514,-3.48399997,53.10900116,7.55015993,50.00000000
0,2023-02-17 06:00:00,6,515,-3.94280005,55.70169830,9.72338963,50.00000000
0,2023-02-17 06:00:00,6,516,-3.51239991,51.69110107,7.68025017,50.00000000
0,2023-02-17 06:00:00,6,517,-2.57739997,57.62689972,12.00045967,50.00000000
0,2023-02-17 06:00:00,6,518,-9.38189983,51.62979889,5.92001009,50.00000000
0,2023-02-17 06:00:00,6,519,-4.22970009,55.77059937,9.42932987,50.00000000
0,2023-02-17 06:00:00,6,520,-1.89760005,54.91260147,12.92461967,50.00000000
0,2023-02-17 06:00:00,6,521,-0.09800000,52.51100159,8.33168030,50.00000000
0,2023-02-17 06:00:00,6,522,-1.76830006,54.76470184,13.05957985,50.00000000
0,2023-02-17 06:00:00,6,523,-2.00850010,55.15710068,12.66819954,50.00000000
0,2023-02-17 06:00:00,6,531,-2.91589999,54.02780151,9.88175011,50.00000000
0,2023-02-17 06:00:00,6,532,1.61889994,52.21179962,9.26889992,50.00000000
0,2023-02-17 06:00:00,6,533,0.96399999,50.91339874,11.14449978,50.00000000
0,2023-02-17 06:00:00,6,534,-1.71980000,52.45389938,8.13477039,50.00000000
0,2023-02-17 06:00:00,6,537,-2.78629994,53.88859940,9.55681992,50.00000000
0,2023-02-17 06:00:00,6,538,-6.55240011,52.62210083,4.32019997,50.00000000
0,2023-02-17 06:00:00,6,539,-9.15820026,52.10770035,5.00941992,50.00000000
0,2023-02-17 06:00:00,6,540,-8.93789959,51.81169891,5.84786987,50.00000000
0,2023-02-17 06:00:00,6,541,-3.07879996,55.18420029,9.63667011,50.00000000
0,2023-02-17 06:00:00,6,542,-3.12350011,58.43700027,12.22998047,50.00000000
0,2023-02-17 06:00:00,6,543,-3.45910001,52.92229843,7.23542976,50.00000000
0,2023-02-17 06:00:00,6,545,7.65829992,49.96879959,8.00605011,50.00000000
0,2023-02-17 06:00:00,6,553,-2.61139989,55.96500015,12.59978962,50.00000000
0,2023-02-17 06:00:00,6,554,-3.78160000,55.86650085,10.53009987,50.00000000
0,2023-02-17 06:00:00,6,555,-1.55400002,55.11149979,12.11402988,50.00000000
0,2023-02-17 06:00:00,6,556,-1.02670002,53.07249832,8.64620972,50.00000000
0,2023-02-17 06:00:00,6,557,-1.26220000,52.62960052,8.67374992,50.00000000
0,2023-02-17 06:00:00,6,558,-1.09909999,52.29539871,8.51247025,50.00000000
0,2023-02-17 06:00:00,6,559,0.13020000,53.23989868,8.16032028,50.00000000
0,2023-02-17 06:00:00,6,560,1.48810005,52.29629898,8.23828030,50.00000000
0,2023-02-17 06:00:00,6,561,-5.15780020,50.28260040,7.52442980,50.00000000
0,2023-02-17 06:00:00,6,562,-0.52859998,54.15100098,10.29133987,50.00000000
0,2023-02-17 06:00:00,6,563,-1.33109999,53.61569977,8.50024033,50.00000000
0,2023-02-17 06:00:00,6,564,-1.75940001,55.49969864,12.58102989,50.00000000
0,2023-02-17 06:00:00,6,565,0.91769999,51.71799850,8.80828953,50.00000000
0,2023-02-17 06:00:00,6,566,-0.86699998,53.66770172,8.59360027,50.00000000
0,2023-02-17 06:00:00,6,567,-3.47399998,52.95550156,7.98470020,50.00000000
0,2023-02-17 06:00:00,6,568,-0.02360000,52.53390121,8.16578007,50.00000000
0,2023-02-17 06:00:00,6,569,-5.20289993,50.04479980,7.09165001,50.00000000
0,2023-02-17 06:00:00,6,570,-4.38700008,50.49850082,6.45881987,50.00000000
0,2023-02-17 06:00:00,6,571,-1.43869996,54.77970123,10.01338959,50.00000000
0,2023-02-17 06:00:00,6,572,-3.16939998,54.77379990,9.97426987,50.00000000
0,2023-02-17 06:00:00,6,573,-1.41540003,54.83050156,10.44225025,50.00000000
0,2023-02-17 06:00:00,6,574,-1.23800004,53.31159973,8.61293030,50.00000000
0,2023-02-17 06:00:00,6,575,-2.84759998,53.89820099,9.51074982,50.00000000
0,2023-02-17 06:00:00,6,576,-0.12070000,52.46210098,8.32376003,50.00000000
0,2023-02-17 06:00:00,6,577,-5.14060020,50.17559814,6.90796995,50.00000000
0,2023-02-17 06:00:00,6,578,-0.60329998,53.84799957,9.14900970,50.00000000
0,2023-02-17 06:00:00,6,579,-1.40680003,54.83259964,10.51152992,50.00000000
0,2023-02-17 06:00:00,6,580,-4.86259985,50.47930145,6.85438013,50.00000000
0,2023-02-17 06:00:00,6,581,-0.17160000,52.55659866,8.17658043,50.00000000
0,2023-02-17 06:00:00,6,582,1.12559998,52.33349991,8.17300987,50.00000000
0,2023-02-17 06:00:00,6,583,-4.16900015,58.51559830,11.81910038,50.00000000
0,2023-02-17 06:00:00,6,584,-9.24090004,53.28689957,3.17550993,50.00000000
0,2023-02-17 06:00:00,6,599,-0.75239998,53.60390091,8.41874981,50.00000000
0,2023-02-17 06:00:00,6,600,-7.10750008,53.99940109,4.75064993,50.00000000
0,2023-02-17 06:00:00,6,601,-9.12129974,52.40119934,5.32130003,50.00000000
0,2023-02-17 06:00:00,6,602,-0.85299999,53.11800003,8.12901020,50.00000000
0,2023-02-17 06:00:00,6,603,-0.83730000,53.17060089,8.29932022,50.00000000
0,2023-02-17 06:00:00,6,604,-0.52700001,53.99390030,9.79580021,50.00000000
0,2023-02-17 06:00:00,6,605,-0.16450000,53.86849976,9.26616955,50.00000000
0,2023-02-17 06:00:00,6,606,-0.16689999,53.56069946,8.91388988,50.00000000
0,2023-02-17 06:00:00,6,607,-1.06060004,53.08919907,8.83948040,50.00000000
0,2023-02-17 06:00:00,6,608,-0.78869998,53.84889984,8.72924042,50.00000000
0,2023-02-17 06:00:00,6,609,-0.77130002,53.75770187,8.77810955,50.00000000
0,2023-02-17 06:00:00,6,610,-0.80629998,53.81200027,8.75094986,50.00000000
0,2023-02-17 06:00:00,6,611,-1.37450004,54.79449844,10.37341022,50.00000000
0,2023-02-17 06:00:00,6,612,-1.61629999,54.55540085,8.99946976,50.00000000
0,2023-02-17 06:00:00,6,613,-1.74839997,54.84970093,13.53851986,50.00000000
0,2023-02-17 06:00:00,6,614,-6.04860020,54.82949829,6.54889011,50.00000000
0,2023-02-17 06:00:00,6,615,-3.97930002,55.66830063,10.29701996,50.00000000
0,2023-02-17 06:00:00,6,616,-3.65459991,55.78350067,10.06525993,50.00000000
0,2023-02-17 06:00:00,6,617,-3.89890003,55.91859818,10.23239040,50.00000000
0,2023-02-17 06:00:00,6,618,-2.95760012,56.38629913,10.85651016,50.00000000
0,2023-02-17 06:00:00,6,619,-3.98469996,55.66609955,10.29701996,50.00000000
0,2023-02-17 06:00:00,6,620,-4.61049986,50.68650055,7.12149000,50.00000000
0,2023-02-17 06:00:00,6,621,-4.69540024,50.47900009,6.21274996,50.00000000
0,2023-02-17 06:00:00,6,622,-4.44939995,50.43600082,6.12914991,50.00000000
0,2023-02-17 06:00:00,6,623,-4.40500021,50.82910156,6.54292011,50.00000000
0,2023-02-17 06:00:00,6,624,-4.34740019,50.85219955,6.74047995,50.00000000
0,2023-02-17 06:00:00,6,625,-4.36770010,50.39989853,5.97631979,50.00000000
0,2023-02-17 06:00:00,6,626,-5.00780010,51.72380066,6.84333992,50.00000000
0,2023-02-17 06:00:00,6,627,-5.05819988,51.72520065,6.95417023,50.00000000
0,2023-02-17 06:00:00,6,628,-3.33520007,51.77149963,7.02901983,50.00000000
0,2023-02-17 06:00:00,6,629,-1.25109994,52.47409821,8.42183971,50.00000000
0,2023-02-17 06:00:00,6,630,0.19589999,51.47900009,7.29808998,50.00000000
0,2023-02-17 06:00:00,6,631,-0.14749999,52.29809952,8.40688038,50.00000000
0,2023-02-17 06:00:00,6,632,-1.27719998,52.17890167,8.78487015,50.00000000
0,2023-02-17 06:00:00,6,633,9.97739983,53.56019974,8.67492962,50.00000000
0,2023-02-17 06:00:00,6,634,-3.28299999,53.98300171,10.48091030,50.00000000
0,2023-02-17 06:00:00,6,635,-4.53299999,53.25000000,6.29939985,50.00000000
0,2023-02-17 06:00:00,6,636,1.88300002,51.93000031,11.03026009,50.00000000
0,2023-02-17 06:00:00,6,637,0.43610001,53.12749863,9.71716976,50.00000000
0,2023-02-17 06:00:00,6,638,-2.98609996,53.17449951,8.23974037,50.00000000
0,2023-02-17 06:00:00,6,639,-2.57579994,51.52140045,7.71121979,50.00000000
0,2023-02-17 06:00:00,6,640,-1.53149998,54.29679871,6.93688011,50.00000000
0,2023-02-17 06:00:00,6,641,-3.40000010,51.40999985,8.40172958,50.00000000
0,2023-02-17 06:00:00,6,642,-5.28240013,56.37990189,9.20553970,50.00000000
0,2023-02-17 06:00:00,6,643,-4.45749998,57.72290039,10.44723034,50.00000000
0,2023-02-17 06:00:00,6,644,-4.17030001,55.28559875,10.49761009,50.00000000
0,2023-02-17 06:00:00,6,645,-4.74550009,55.24089813,8.49775982,50.00000000
0,2023-02-17 06:00:00,6,646,-4.13780022,55.57619858,10.55338955,50.00000000
0,2023-02-17 06:00:00,6,647,-0.24969999,52.06000137,7.93309021,50.00000000
0,2023-02-17 06:00:00,6,648,-6.82639980,55.10089874,5.68863010,50.00000000
0,2023-02-17 06:00:00,6,649,0.73439997,52.62860107,8.21352959,50.00000000
0,2023-02-17 06:00:00,6,650,1.11099994,52.69160080,8.08596992,50.00000000
0,2023-02-17 06:00:00,6,651,-3.86730003,56.03099823,8.80700970,50.00000000
0,2023-02-17 06:00:00,6,652,-3.73720002,55.87189865,10.45915031,50.00000000
0,2023-02-17 06:00:00,6,653,7.98859978,50.41059875,6.27887011,50.00000000
0,2023-02-17 06:00:00,6,654,8.79790020,53.43439865,9.56793022,50.00000000
0,2023-02-17 06:00:00,6,656,-4.77740002,54.90499878,7.98929024,50.00000000
0,2023-02-17 06:00:00,6,660,-7.25880003,54.91419983,5.17760992,50.00000000
0,2023-02-17 06:00:00,6,661,4.41900015,52.60599899,13.92325974,50.00000000
0,2023-02-17 06:00:00,6,662,2.96900010,51.55599976,13.15979958,50.00000000
0,2023-02-17 06:00:00,6,663,4.23099995,51.51300049,9.19589996,50.00000000
0,2023-02-17 06:00:00,6,664,4.36339998,51.23199844,7.39827013,50.00000000
0,2023-02-17 06:00:00,6,665,-2.02889991,55.63339996,11.39465046,50.00000000
0,2023-02-17 06:00:00,6,666,-1.16610003,54.59099960,8.07304955,50.00000000
0,2023-02-17 06:00:00,6,667,-2.99119997,53.39709854,9.25234032,50.00000000
0,2023-02-17 06:00:00,6,668,9.27079964,54.74729919,11.12026978,50.00000000
0,2023-02-17 06:00:00,6,669,9.49880028,54.11940002,11.26613998,50.00000000
0,2023-02-17 06:00:00,6,670,9.45499992,54.38510132,10.88932037,50.00000000
0,2023-02-17 06:00:00,6,671,2.28909993,48.83190155,4.81871986,50.00000000
0,2023-02-17 06:00:00,6,672,-6.22730017,54.87889862,5.03754997,50.00000000
0,2023-02-17 06:00:00,6,673,0.23840000,53.31999969,8.85412025,50.00000000
0,2023-02-17 06:00:00,6,674,-2.71289992,51.50870132,7.76609993,50.00000000
0,2023-02-17 06:00:00,6,675,-3.10220003,51.50579834,6.95882988,50.00000000
0,2023-02-17 06:00:00,6,676,0.16480000,51.51599884,7.16117001,50.00000000
0,2023-02-17 06:00:00,6,677,-1.03460002,52.80879974,8.43533039,50.00000000
0,2023-02-17 06:00:00,6,678,-2.89829993,56.48519897,11.30447006,50.00000000
0,2023-02-17 06:00:00,6,679,-4.16559982,55.73749924,9.82905960,50.00000000
0,2023-02-17 06:00:00,6,680,0.08340000,53.43299866,8.78236008,50.00000000
0,2023-02-17 06:00:00,6,681,-4.27379990,50.92399979,7.19317007,50.00000000
0,2023-02-17 06:00:00,6,682,-0.98559999,51.41870117,8.13216019,50.00000000
0,2023-02-17 06:00:00,6,683,-2.26780009,51.70209885,7.73710012,50.00000000
0,2023-02-17 06:00:00,6,684,-2.58240008,51.25450134,8.29380989,50.00000000
0,2023-02-17 06:00:00,6,685,1.65439999,52.70999908,7.96335983,50.00000000
0,2023-02-17 06:00:00,6,686,0.68339998,52.65679932,8.46455956,50.00000000
0,2023-02-17 06:00:00,6,687,-1.08829999,53.29539871,7.41795015,50.00000000
0,2023-02-17 06:00:00,6,688,-1.96519995,51.71490097,7.94680977,50.00000000
0,2023-02-17 06:00:00,6,689,-0.16960000,51.15340042,6.35315990,50.00000000
0,2023-02-17 06:00:00,6,690,-0.61919999,51.18209839,6.47338009,50.00000000
0,2023-02-17 06:00:00,6,691,-0.20020001,51.79690170,7.70141983,50.00000000
0,2023-02-17 06:00:00,6,692,-0.23980001,51.52460098,6.47007990,50.00000000
0,2023-02-17 06:00:00,6,693,-0.05280000,51.47980118,6.41039991,50.00000000
0,2023-02-17 06:00:00,6,694,-1.33910000,52.06330109,8.57971001,50.00000000
0,2023-02-17 06:00:00,6,695,-1.23800004,51.74980164,7.74141979,50.00000000
0,2023-02-17 06:00:00,6,696,-0.97369999,51.45370102,8.12870026,50.00000000
0,2023-02-17 06:00:00,6,697,-1.73389995,51.41830063,8.48875046,50.00000000
0,2023-02-17 06:00:00,6,698,-0.81169999,51.81549835,8.45818996,50.00000000
0,2023-02-17 06:00:00,6,699,-1.09119999,51.26490021,7.93569994,50.00000000
0,2023-02-17 06:00:00,6,700,-1.72220004,51.92729950,8.13302994,50.00000000
0,2023-02-17 06:00:00,6,701,-0.08010000,51.65290070,6.86447001,50.00000000
0,2023-02-17 06:00:00,6,702,0.15400000,51.86380005,7.86598015,50.00000000
0,2023-02-17 06:00:00,6,703,-0.19210000,51.45500183,6.35098982,50.00000000
0,2023-02-17 06:00:00,6,704,-0.00120000,51.54100037,6.23729992,50.00000000
0,2023-02-17 06:00:00,6,705,0.09630000,51.37110138,7.06312990,50.00000000
0,2023-02-17 06:00:00,6,706,-0.48690000,51.37469864,6.54585981,50.00000000
0,2023-02-17 06:00:00,6,707,-0.55620003,51.59320068,7.70907021,50.00000000
0,2023-02-17 06:00:00,6,708,-4.21579981,55.31679916,9.62436008,50.00000000
0,2023-02-17 06:00:00,6,709,-0.23330000,53.73740005,8.46115971,50.00000000
0,2023-02-17 06:00:00,6,710,-2.30890012,53.23659897,9.35074997,50.00000000
0,2023-02-17 06:00:00,6,711,0.03740000,52.16699982,8.16308975,50.00000000
0,2023-02-17 06:00:00,6,712,-1.09249997,53.59080124,8.14400959,50.00000000
0,2023-02-17 06:00:00,6,713,-3.37910008,54.75249863,9.17753983,50.00000000
0,2023-02-17 06:00:00,6,714,-1.16120005,52.38130188,8.54553986,50.00000000
0,2023-02-17 06:00:00,6,715,8.79790020,53.43439865,9.56793022,50.00000000
0,2023-02-17 06:00:00,6,717,9.27079964,54.74729919,11.12026978,50.00000000
0,2023-02-17 06:00:00,6,718,9.49880028,54.11940002,11.26613998,50.00000000
0,2023-02-17 06:00:00,6,719,9.45499992,54.38510132,10.88932037,50.00000000
0,2023-02-17 06:00:00,6,720,0.29300001,53.64400101,10.60367966,50.00000000
0,2023-02-17 06:00:00,6,721,-4.25000000,55.84899902,8.55280972,50.00000000
0,2023-02-17 06:00:00,6,722,-0.21170001,51.48749924,6.41954994,50.00000000
0,2023-02-17 06:00:00,6,723,-3.36899996,55.94110107,10.26772976,50.00000000
0,2023-02-17 06:00:00,6,724,0.00850000,51.76179886,7.33058023,50.00000000
0,2023-02-17 06:00:00,6,725,-0.22890000,50.82920074,6.69753981,50.00000000
0,2023-02-17 06:00:00,6,726,-0.10610000,50.81169891,9.89951992,50.00000000
0,2023-02-17 06:00:00,6,727,0.00970000,51.49729919,6.45446014,50.00000000
0,2023-02-17 06:00:00,6,728,-0.19560000,52.55099869,8.06851959,50.00000000
0,2023-02-17 06:00:00,6,729,-3.18829989,55.95330048,10.33069992,50.00000000
0,2023-02-17 06:00:00,6,730,-4.94430017,58.27909851,9.76906013,50.00000000
0,2023-02-17 06:00:00,6,731,-4.99009991,56.98339844,9.79965973,50.00000000
0,2023-02-17 06:00:00,6,732,-4.41639996,57.18410110,8.21374989,50.00000000
0,2023-02-17 06:00:00,6,733,-5.49510002,56.68759918,9.13887024,50.00000000
0,2023-02-17 06:00:00,6,734,-3.69169998,53.45080185,10.65985966,50.00000000
0,2023-02-17 06:00:00,6,735,-3.46210003,53.35210037,10.34823036,50.00000000
0,2023-02-17 06:00:00,6,736,9.98610020,53.56079865,8.67492962,50.00000000
0,2023-02-17 06:00:00,6,737,9.99110031,53.63029861,8.69320011,50.00000000
0,2023-02-17 06:00:00,6,738,-3.69709992,51.66019821,6.42341995,50.00000000
0,2023-02-17 06:00:00,6,739,-3.60019994,51.67219925,7.60664988,50.00000000
0,2023-02-17 06:00:00,6,740,-2.14170003,53.70199966,12.52087021,50.00000000
0,2023-02-17 06:00:00,6,741,-2.05180001,53.80059814,13.78717995,50.00000000
0,2023-02-17 06:00:00,6,742,-2.01370001,53.74179840,13.28993988,50.00000000
0,2023-02-17 06:00:00,6,743,-1.78639996,53.70119858,11.33098984,50.00000000
0,2023-02-17 06:00:00,6,744,-1.92019999,53.79399872,14.16889000,50.00000000
0,2023-02-17 06:00:00,6,745,-1.90799999,53.77700043,14.03652000,50.00000000
0,2023-02-17 06:00:00,6,746,-2.98000002,58.99750137,12.32919025,50.00000000
0,2023-02-17 06:00:00,6,747,-4.34469986,57.80709839,11.27309990,50.00000000
0,2023-02-17 06:00:00,6,748,-6.51539993,58.23249817,9.26702023,50.00000000
0,2023-02-17 06:00:00,6,749,-2.00130010,57.61529922,13.33061981,50.00000000
0,2023-02-17 06:00:00,6,750,-6.18599987,55.68960190,8.36102962,50.00000000
0,2023-02-17 06:00:00,6,751,-4.44350004,55.76620102,8.16930962,50.00000000
0,2023-02-17 06:00:00,6,752,-0.94160002,54.54449844,10.21115971,50.00000000
0,2023-02-17 06:00:00,6,753,-1.07410002,52.79980087,8.29782009,50.00000000
0,2023-02-17 06:00:00,6,754,-4.52110004,51.75809860,6.60285997,50.00000000
0,2023-02-17 06:00:00,6,755,-4.70389986,50.63779831,6.75785017,50.00000000
0,2023-02-17 06:00:00,6,756,-3.66910005,58.56570053,12.75632954,50.00000000
0,2023-02-17 06:00:00,6,757,-4.23290014,51.97809982,5.83741999,50.00000000
0,2023-02-17 06:00:00,6,758,-3.55180001,57.48410034,10.00479031,50.00000000
0,2023-02-17 06:00:00,6,759,-3.83550000,55.50839996,10.70648003,50.00000000
0,2023-02-17 06:00:00,6,760,9.64319992,50.32720184,6.69740009,50.00000000
0,2023-02-17 06:00:00,6,761,8.13059998,49.62099838,8.25990009,50.00000000
0,2023-02-17 06:00:00,6,763,-3.62389994,53.43730164,10.70928001,50.00000000
0,2023-02-17 06:00:00,6,764,-3.54069996,53.46569824,10.74876976,50.00000000
0,2023-02-17 06:00:00,6,765,8.16810036,53.83509827,17.78619957,50.00000000
0,2023-02-17 06:00:00,6,766,5.87200022,54.31800079,17.99694061,50.00000000
0,2023-02-17 06:00:00,6,768,-1.46070004,51.21569824,6.70718002,50.00000000
0,2023-02-17 06:00:00,6,769,-2.68740010,51.50320053,7.76609993,50.00000000
0,2023-02-17 06:00:00,6,770,-0.18990000,51.13610077,6.16271019,50.00000000
0,2023-02-17 06:00:00,6,771,0.14399999,51.51900101,6.98889017,50.00000000
0,2023-02-17 06:00:00,6,772,0.24640000,51.46310043,7.24028015,50.00000000
0,2023-02-17 06:00:00,6,773,-1.62829995,52.59329987,8.85394955,50.00000000
0,2023-02-17 06:00:00,6,774,-0.02160000,51.67689896,6.65021992,50.00000000
0,2023-02-17 06:00:00,6,775,-0.24320000,51.76229858,7.56876993,50.00000000
0,2023-02-17 06:00:00,6,776,-2.86310005,53.48270035,9.49219036,50.00000000
0,2023-02-17 06:00:00,6,777,-1.65310001,53.74110031,10.07328033,50.00000000
0,2023-02-17 06:00:00,6,778,-2.20420003,53.35409927,9.07761955,50.00000000
0,2023-02-17 06:00:00,6,779,-0.73009998,52.06869888,8.25335026,50.00000000
0,2023-02-17 06:00:00,6,780,-1.52160001,51.63690186,8.95248032,50.00000000
0,2023-02-17 06:00:00,6,781,-0.21220000,52.57130051,7.96822977,50.00000000
0,2023-02-17 06:00:00,6,782,-0.38490000,51.55690002,6.71569014,50.00000000
0,2023-02-17 06:00:00,6,783,-1.43589997,53.40520096,6.45955992,50.00000000
0,2023-02-17 06:00:00,6,784,-0.48410001,51.34709930,6.40442991,50.00000000
0,2023-02-17 06:00:00,6,785,-0.19110000,51.43590164,6.34547997,50.00000000
0,2023-02-17 06:00:00,6,786,-3.17910004,51.48160172,6.94672012,50.00000000
0,2023-02-17 06:00:00,6,787,-0.33669999,53.74570084,7.71083021,50.00000000
0,2023-02-17 06:00:00,6,788,1.14699996,53.13499832,11.05930042,50.00000000
0,2023-02-17 06:00:00,6,789,-3.83800006,52.42699814,8.15824032,50.00000000
0,2023-02-17 06:00:00,6,790,-1.97969997,52.99509811,10.90338039,50.00000000
0,2023-02-17 06:00:00,6,791,0.03450000,51.62760162,6.64559984,50.00000000
0,2023-02-17 06:00:00,6,792,-3.28169990,53.29339981,9.15554047,50.00000000
0,2023-02-17 06:00:00,6,793,-1.91040003,53.48020172,13.26801014,50.00000000
0,2023-02-17 06:00:00,6,794,-2.21770000,53.86980057,11.99880028,50.00000000
0,2023-02-17 06:00:00,6,795,-1.02810001,52.09149933,8.15694046,50.00000000
0,2023-02-17 06:00:00,6,796,0.26240000,52.39950180,8.29909992,50.00000000
0,2023-02-17 06:00:00,6,797,-2.24259996,53.48080063,8.56027985,50.00000000
0,2023-02-17 06:00:00,6,798,-0.00720000,51.54309845,6.24306011,50.00000000
0,2023-02-17 06:00:00,6,799,-0.22130001,51.50749969,6.33758020,50.00000000
0,2023-02-17 06:00:00,6,800,-4.18470001,50.38589859,5.83194017,50.00000000
0,2023-02-17 06:00:00,6,801,-2.08360004,55.16989899,11.73130035,50.00000000
0,2023-02-17 06:00:00,6,802,-2.97709990,57.35879898,10.83559990,50.00000000
0,2023-02-17 06:00:00,6,803,-4.53049994,51.75770187,6.60285997,50.00000000
0,2023-02-17 06:00:00,6,804,-1.16299999,52.41889954,8.64785004,50.00000000
0,2023-02-17 06:00:00,6,805,-6.41169977,57.44409943,8.40797043,50.00000000
0,2023-02-17 06:00:00,6,806,-3.26329994,53.31990051,9.78374004,50.00000000
0,2023-02-17 06:00:00,6,807,-1.84539998,51.54850006,8.57744026,50.00000000
0,2023-02-17 06:00:00,6,808,-3.29999995,58.29999924,12.38006973,50.00000000
0,2023-02-17 06:00:00,6,809,-4.80000019,57.59999847,9.34517956,50.00000000
0,2023-02-17 06:00:00,6,810,-4.09999990,57.40000153,7.15298986,50.00000000
0,2023-02-17 06:00:00,6,811,-1.89289999,52.99000168,10.97157955,50.00000000
0,2023-02-17 06:00:00,6,812,-1.87419999,52.98580170,11.25325012,50.00000000
0,2023-02-17 06:00:00,6,813,-1.89289999,52.99000168,10.97157955,50.00000000
0,2023-02-17 06:00:00,6,814,-2.80040002,54.04999924,8.36962986,50.00000000
0,2023-02-17 06:00:00,6,815,-2.91750002,54.89429855,9.20909977,50.00000000
0,2023-02-17 06:00:00,6,816,-2.02629995,53.74140167,13.28993988,50.00000000
0,2023-02-17 06:00:00,6,817,-4.48390007,54.96049881,7.88234997,50.00000000
0,2023-02-17 06:00:00,6,818,-2.74469995,54.32989883,9.10614967,50.00000000
0,2023-02-17 06:00:00,6,819,-2.80349994,54.04729843,8.36962986,50.00000000
0,2023-02-17 06:00:00,6,820,-4.48260021,54.95880127,7.82909012,50.00000000
0,2023-02-17 06:00:00,6,821,-1.07840002,53.82770157,8.47375011,50.00000000
0,2023-02-17 06:00:00,6,822,-3.14849997,51.47629929,7.00823021,50.00000000
0,2023-02-17 06:00:00,6,823,-5.76000023,54.72000122,6.70886993,50.00000000
0,2023-02-17 06:00:00,6,824,-5.78999996,54.84000015,6.08267021,50.00000000
0,2023-02-17 06:00:00,6,825,-2.43449998,55.79700089,12.17875004,50.00000000
0,2023-02-17 06:00:00,6,826,0.30430001,52.15729904,8.47130013,50.00000000
0,2023-02-17 06:00:00,6,827,-4.77500010,54.94139862,8.36830997,50.00000000
0,2023-02-17 06:00:00,6,830,-3.64409995,51.76699829,6.19786978,50.00000000
0,2023-02-17 06:00:00,6,831,-3.67170000,51.76100159,6.19786978,50.00000000
0,2023-02-17 06:00:00,6,832,-3.51279998,51.70700073,7.34169006,50.00000000
0,2023-02-17 06:00:00,6,833,-3.49729991,51.60910034,6.72100019,50.00000000
0,2023-02-17 06:00:00,6,834,-3.51799989,51.61690140,6.85443020,50.00000000
0,2023-02-17 06:00:00,6,835,-0.10840000,51.55490112,6.36666012,50.00000000
0,2023-02-17 06:00:00,6,836,-0.28470001,51.71110153,7.45974016,50.00000000
0,2023-02-17 06:00:00,6,837,-0.02400000,51.54349899,6.24306011,50.00000000
0,2023-02-17 06:00:00,6,838,-3.01810002,56.18220139,12.52458000,50.00000000
0,2023-02-17 06:00:00,6,839,-4.81669998,57.13330078,9.48136997,50.00000000
0,2023-02-17 06:00:00,6,840,-9.31079960,51.93859863,5.90509987,50.00000000
0,2023-02-17 06:00:00,6,841,-3.51320004,54.56850052,8.66187954,50.00000000
0,2023-02-17 06:00:00,6,842,-3.91459990,55.55749893,10.89702988,50.00000000
0,2023-02-17 06:00:00,6,843,-4.12779999,58.04800034,11.08854008,50.00000000
0,2023-02-17 06:00:00,6,844,1.61730003,52.21080017,9.32067966,50.00000000
0,2023-02-17 06:00:00,6,845,-4.48280001,53.41619873,6.74877024,50.00000000
0,2023-02-17 06:00:00,6,846,-0.24500000,51.53219986,6.46546984,50.00000000
0,2023-02-17 06:00:00,6,847,-2.43330002,53.08959961,8.61178970,50.00000000
0,2023-02-17 06:00:00,6,848,-2.49480009,51.69269943,8.15686035,50.00000000
0,2023-02-17 06:00:00,6,849,-3.50070000,54.41920090,8.76445007,50.00000000
0,2023-02-17 06:00:00,6,850,-3.22679996,55.01440048,8.31999969,50.00000000
0,2023-02-17 06:00:00,6,851,-2.96009994,54.90869904,9.40447044,50.00000000
0,2023-02-17 06:00:00,6,852,-3.75259995,58.57759857,13.66886044,50.00000000
0,2023-02-17 06:00:00,6,853,1.25849998,52.10129929,7.95373011,50.00000000
0,2023-02-17 06:00:00,6,854,0.37320000,52.61080170,7.81726980,50.00000000
0,2023-02-17 06:00:00,6,855,-0.69650000,53.22460175,8.11184978,50.00000000
0,2023-02-17 06:00:00,6,856,-0.22950000,53.15340042,8.17973995,50.00000000
0,2023-02-17 06:00:00,6,857,-0.04550000,52.93939972,8.72492981,50.00000000
0,2023-02-17 06:00:00,6,858,-0.68390000,53.37060165,8.33086014,50.00000000
0,2023-02-17 06:00:00,6,859,-0.73449999,52.35900116,8.09611034,50.00000000
0,2023-02-17 06:00:00,6,860,-0.87540001,51.96910095,8.11653042,50.00000000
0,2023-02-17 06:00:00,6,861,-0.24320000,52.28810120,8.20571995,50.00000000
0,2023-02-17 06:00:00,6,862,-0.29789999,52.19219971,8.20156002,50.00000000
0,2023-02-17 06:00:00,6,863,-0.81120002,52.43569946,8.07841969,50.00000000
0,2023-02-17 06:00:00,6,864,0.57499999,51.51100159,7.91202021,50.00000000
0,2023-02-17 06:00:00,6,865,0.70929998,51.55550003,7.92454004,50.00000000
0,2023-02-17 06:00:00,6,866,0.15490000,52.23339844,8.04022026,50.00000000
0,2023-02-17 06:00:00,6,867,0.04020000,53.39039993,8.66092968,50.00000000
0,2023-02-17 06:00:00,6,868,1.73450005,52.46810150,7.66404009,50.00000000
0,2023-02-17 06:00:00,6,869,0.32049999,51.69110107,7.66321993,50.00000000
0,2023-02-17 06:00:00,6,870,0.87760001,51.94440079,7.62869978,50.00000000
0,2023-02-17 06:00:00,6,871,-0.60549998,52.61380005,8.01159000,50.00000000
0,2023-02-17 06:00:00,6,872,1.29859996,52.69010162,7.54042006,50.00000000
0,2023-02-17 06:00:00,6,873,0.99210000,52.19620132,8.16473961,50.00000000
0,2023-02-17 06:00:00,6,874,1.16489995,51.84640121,7.70443010,50.00000000
0,2023-02-17 06:00:00,6,875,0.80140001,52.56940079,8.20977020,50.00000000
0,2023-02-17 06:00:00,6,876,-0.45870000,52.47940063,8.01548004,50.00000000
0,2023-02-17 06:00:00,6,877,-0.24770001,52.51580048,8.10184956,50.00000000
0,2023-02-17 06:00:00,6,878,-0.27230000,51.97729874,7.82165003,50.00000000
0,2023-02-17 06:00:00,6,879,1.26250005,52.26979828,8.28658009,50.00000000
0,2023-02-17 06:00:00,6,880,1.72389996,52.60639954,7.71426010,50.00000000
0,2023-02-17 06:00:00,6,881,-0.06550000,53.57550049,9.03168964,50.00000000
0,2023-02-17 06:00:00,6,882,-0.00900000,53.54389954,9.29076004,50.00000000
0,2023-02-17 06:00:00,6,883,5.49079990,59.75320053,6.09561014,50.00000000
0,2023-02-17 06:00:00,6,884,5.49079990,59.75320053,6.09561014,50.00000000
0,2023-02-17 06:00:00,6,885,5.49079990,59.75320053,6.09561014,50.00000000
0,2023-02-17 06:00:00,6,886,5.49079990,59.75320053,6.09561014,50.00000000
0,2023-02-17 06:00:00,6,887,5.49079990,59.75320053,6.09561014,50.00000000
0,2023-02-17 06:00:00,6,888,5.49079990,59.75320053,6.09561014,50.00000000
0,2023-02-17 06:00:00,6,889,5.49079990,59.75320053,6.09561014,50.00000000
0,2023-02-17 06:00:00,6,890,5.49079990,59.75320053,6.09561014,50.00000000
0,2023-02-17 06:00:00,6,891,5.49079990,59.75320053,6.09561014,50.00000000
0,2023-02-17 06:00:00,6,892,5.49079990,59.75320053,6.09561014,50.00000000
0,2023-02-17 06:00:00,6,893,5.49079990,59.75320053,6.09561014,50.00000000
0,2023-02-17 06:00:00,6,894,5.49079990,59.75320053,6.09561014,50.00000000
0,2023-02-17 06:00:00,6,895,5.49079990,59.75320053,6.09561014,50.00000000
0,2023-02-17 06:00:00,6,896,5.49079990,59.75320053,6.09561014,50.00000000
0,2023-02-17 06:00:00,6,897,5.49079990,59.75320053,6.09561014,50.00000000
0,2023-02-17 06:00:00,6,898,5.49079990,59.75320053,6.09561014,50.00000000
0,2023-02-17 06:00:00,6,899,5.48330021,59.71670151,6.11705017,50.00000000
0,2023-02-17 06:00:00,6,900,5.58330011,59.71670151,5.95426989,50.00000000
0,2023-02-17 06:00:00,6,901,-0.53509998,51.54830170,7.02962017,50.00000000
0,2023-02-17 06:00:00,6,902,-0.09020000,51.50529861,6.24897003,50.00000000
0,2023-02-17 06:00:00,6,903,-0.09880000,51.51390076,6.20813990,50.00000000
0,2023-02-17 06:00:00,6,904,-1.59920001,51.20980072,7.79976988,50.00000000
0,2023-02-17 06:00:00,6,905,-3.73320007,56.70380020,10.40120983,50.00000000
0,2023-02-17 06:00:00,6,906,-1.36090004,51.84220123,7.89948988,50.00000000
0,2023-02-17 06:00:00,6,907,-2.40330005,56.83890152,10.55187988,50.00000000
0,2023-02-17 06:00:00,6,908,-3.21790004,58.35910034,12.02350998,50.00000000
0,2023-02-17 06:00:00,6,909,-4.00080013,57.41379929,9.71697044,50.00000000
0,2023-02-17 06:00:00,6,910,-4.80670023,57.66130066,10.52952957,50.00000000
0,2023-02-17 06:00:00,6,911,-2.14170003,50.70399857,6.11442995,50.00000000
0,2023-02-17 06:00:00,6,912,-1.71430004,51.59090042,8.85422039,50.00000000
0,2023-02-17 06:00:00,6,913,-1.02359998,51.40670013,8.17601013,50.00000000
0,2023-02-17 06:00:00,6,914,-3.36669993,57.53329849,10.34751987,50.00000000
0,2023-02-17 06:00:00,6,915,-3.37140012,57.53720093,10.34751987,50.00000000
0,2023-02-17 06:00:00,6,916,-3.47609997,57.44609833,11.87893963,50.00000000
0,2023-02-17 06:00:00,6,917,-2.46670008,56.95000076,10.76317978,50.00000000
0,2023-02-17 06:00:00,6,918,-2.50000000,55.93330002,13.41864967,50.00000000
0,2023-02-17 06:00:00,6,919,-2.51309991,55.89500046,13.95701027,50.00000000
0,2023-02-17 06:00:00,6,920,-2.54999995,55.90560150,13.76027012,50.00000000
0,2023-02-17 06:00:00,6,921,-4.11670017,55.23329926,9.55836964,50.00000000
0,2023-02-17 06:00:00,6,923,6.71000004,58.15829849,12.04071999,50.00000000
0,2023-02-17 06:00:00,6,924,-1.89549994,52.98720169,10.97157955,50.00000000
0,2023-02-17 06:00:00,6,925,-0.44610000,51.47980118,6.98857021,50.00000000
0,2023-02-17 06:00:00,6,926,-2.57969999,51.45159912,7.61651993,50.00000000
0,2023-02-17 06:00:00,6,927,-3.17000008,51.47620010,7.00823021,50.00000000
0,2023-02-17 06:00:00,6,928,-1.06649995,52.95529938,8.11507988,50.00000000
0,2023-02-17 06:00:00,6,929,-2.97810006,53.40679932,8.55967045,50.00000000
0,2023-02-17 06:00:00,6,930,-1.61609995,54.97129822,11.17372990,50.00000000
0,2023-02-17 06:00:00,6,931,-9.60789967,51.39730072,9.34657001,50.00000000
0,2023-02-17 06:00:00,6,932,-6.41760015,49.87860107,9.69262028,50.00000000
0,2023-02-17 06:00:00,6,933,-6.30229998,49.98199844,9.75597954,50.00000000
0,2023-02-17 06:00:00,6,934,-1.30009997,50.76710129,7.93912983,50.00000000
0,2023-02-17 06:00:00,6,935,-4.15360022,50.35430145,5.95382977,50.00000000
0,2023-02-17 06:00:00,6,936,-2.45659995,50.51250076,11.72644043,50.00000000
0,2023-02-17 06:00:00,6,937,-5.72160006,50.06579971,9.36793995,50.00000000
0,2023-02-17 06:00:00,6,938,-5.20669985,49.95399857,8.65256977,50.00000000
0,2023-02-17 06:00:00,6,939,-8.91170025,51.05849838,9.83693981,50.00000000
0,2023-02-17 06:00:00,6,940,-8.05039978,50.74789810,9.98598003,50.00000000
0,2023-02-17 06:00:00,6,941,-7.34410000,50.37310028,9.66851044,50.00000000
0,2023-02-17 06:00:00,6,942,-2.98609996,50.35319901,11.57431030,50.00000000
0,2023-02-17 06:00:00,6,943,-3.63669991,50.22150040,10.46393967,50.00000000
0,2023-02-17 06:00:00,6,944,-5.87109995,54.56499863,4.90511990,50.00000000
0,2023-02-17 06:00:00,6,945,-6.47989988,54.89950180,4.82897997,50.00000000
0,2023-02-17 06:00:00,6,946,-7.28870010,55.00519943,4.61923981,50.00000000
0,2023-02-17 06:00:00,6,947,-7.65810013,54.46960068,4.09603977,50.00000000
0,2023-02-17 06:00:00,6,948,-6.42080021,54.18700027,4.71939993,50.00000000
0,2023-02-17 06:00:00,6,949,-4.97679996,55.08100128,8.27460003,50.00000000
0,2023-02-17 06:00:00,6,950,-2.73790002,53.34640121,9.25881004,50.00000000
0,2023-02-17 06:00:00,6,951,-4.09140015,56.06990051,10.46864986,50.00000000
0,2023-02-17 06:00:00,6,952,-4.19180012,55.68149948,9.63798046,50.00000000
0,2023-02-17 06:00:00,6,953,-4.87860012,57.12799835,9.80434990,50.00000000
0,2023-02-17 06:00:00,6,954,-4.04220009,58.05369949,11.05733013,50.00000000
0,2023-02-17 06:00:00,6,955,-4.81059980,55.23210144,8.25798988,50.00000000
0,2023-02-17 06:00:00,6,956,-3.95350003,55.57820129,10.78269958,50.00000000
0,2023-02-17 06:00:00,6,957,-3.21050000,55.96490097,10.22636986,50.00000000
0,2023-02-17 06:00:00,6,958,-3.21300006,55.96540070,10.22636986,50.00000000
0,2023-02-17 06:00:00,6,959,-0.15840000,51.50640106,6.21060991,50.00000000
0,2023-02-17 06:00:00,6,960,-0.16000000,51.50939941,6.21060991,50.00000000
0,2023-02-17 06:00:00,6,961,-0.15820000,51.50849915,6.21060991,50.00000000
0,2023-02-17 06:00:00,6,962,-0.15770000,51.50770187,6.21060991,50.00000000
0,2023-02-17 06:00:00,6,963,-0.15730000,51.50749969,6.21060991,50.00000000
0,2023-02-17 06:00:00,6,964,0.70160002,51.54899979,7.92454004,50.00000000
0,2023-02-17 06:00:00,6,965,0.72229999,51.55569839,7.98002005,50.00000000
0,2023-02-17 06:00:00,6,966,-6.15299988,55.18059921,6.71130991,50.00000000
0,2023-02-17 06:00:00,6,967,-6.22529984,54.66370010,5.14704990,50.00000000
0,2023-02-17 06:00:00,6,968,-6.94920015,55.16040039,5.34135008,50.00000000
0,2023-02-17 06:00:00,6,969,-7.57749987,54.70709991,4.25797987,50.00000000
0,2023-02-17 06:00:00,6,970,-7.64489985,54.39559937,3.92599010,50.00000000
0,2023-02-17 06:00:00,6,971,-5.58409977,54.67369843,7.85028982,50.00000000
0,2023-02-17 06:00:00,6,972,-6.50530005,54.23720169,5.01931000,50.00000000
0,2023-02-17 06:00:00,6,973,-7.07359982,54.63660049,4.82257986,50.00000000
0,2023-02-17 06:00:00,6,974,2.09489989,51.96969986,11.48830986,50.00000000
0,2023-02-17 06:00:00,6,975,2.00600004,51.74449921,11.88037968,50.00000000
0,2023-02-17 06:00:00,6,976,-4.21019983,51.97589874,6.10297012,50.00000000
0,2023-02-17 06:00:00,6,977,-3.18400002,51.48410034,6.94672012,50.00000000
0,2023-02-17 06:00:00,6,978,-3.18560004,51.48540115,6.94672012,50.00000000
0,2023-02-17 06:00:00,6,979,-0.33530000,51.40090179,6.67464018,50.00000000
0,2023-02-17 06:00:00,6,980,-0.33070001,51.40090179,6.67464018,50.00000000
0,2023-02-17 06:00:00,6,981,-0.33120000,51.40319824,6.68868017,50.00000000
0,2023-02-17 06:00:00,6,982,-1.61420000,53.22280121,8.89663982,50.00000000
0,2023-02-17 06:00:00,6,983,-1.61520004,53.22579956,8.89663982,50.00000000
0,2023-02-17 06:00:00,6,984,-1.61730003,53.22470093,9.48390007,50.00000000
0,2023-02-17 06:00:00,6,985,-2.37639999,53.33340073,9.54113007,50.00000000
0,2023-02-17 06:00:00,6,986,-2.37890005,53.33129883,9.54113007,50.00000000
0,2023-02-17 06:00:00,6,987,-2.37949991,53.33290100,9.54113007,50.00000000
0,2023-02-17 06:00:00,6,988,-0.15490000,51.48540115,6.25462008,50.00000000
0,2023-02-17 06:00:00,6,989,-0.15590000,51.48770142,6.25462008,50.00000000
0,2023-02-17 06:00:00,6,990,-0.15889999,51.51330185,6.21060991,50.00000000
0,2023-02-17 06:00:00,6,991,-0.11320000,51.48369980,6.27148008,50.00000000
0,2023-02-17 06:00:00,6,992,-0.14929999,51.45800018,6.27376986,50.00000000
0,2023-02-17 06:00:00,6,993,-0.19260000,51.48180008,6.32723999,50.00000000
0,2023-02-17 06:00:00,6,994,-5.47559977,50.20890045,9.60081005,50.00000000
0,2023-02-17 06:00:00,6,995,-5.00190020,57.14419937,10.53719044,50.00000000
0,2023-02-17 06:00:00,6,996,-4.19350004,56.69940186,10.19828033,50.00000000
0,2023-02-17 06:00:00,6,997,-4.76539993,56.26100159,12.00885010,50.00000000
0,2023-02-17 06:00:00,6,998,-4.54050016,51.76050186,6.60285997,50.00000000
0,2023-02-17 06:00:00,6,999,-4.70450020,50.63610077,6.75785017,50.00000000
0,2023-02-17 06:00:00,6,1210,6.11019993,62.56039810,6.90458012,50.00000000
0,2023-02-17 06:00:00,6,1311,5.21810007,60.29339981,6.53836012,50.00000000
0,2023-02-17 06:00:00,6,1338,6.64690018,61.17110062,2.73205996,50.00000000
0,2023-02-17 06:00:00,6,1364,8.21700001,60.51699829,2.94963002,50.00000000
0,2023-02-17 06:00:00,6,1384,11.08300018,60.20000076,3.72305012,50.00000000
0,2023-02-17 06:00:00,6,1397,12.27169991,61.29420090,3.75191998,50.00000000
0,2023-02-17 06:00:00,6,1400,3.20000005,56.50000000,23.89139938,50.00000000
0,2023-02-17 06:00:00,6,1415,5.63789988,58.87680054,8.85581017,50.00000000
0,2023-02-17 06:00:00,6,1427,6.61000013,58.11700058,13.04086018,50.00000000
0,2023-02-17 06:00:00,6,1447,8.19919968,59.49689865,3.37481999,50.00000000
0,2023-02-17 06:00:00,6,1452,8.08300018,58.20000076,8.73355961,50.00000000
0,2023-02-17 06:00:00,6,1483,10.25860023,59.18669891,5.35697985,50.00000000
0,2023-02-17 06:00:00,6,1488,10.61670017,59.88330078,5.07192993,50.00000000
0,2023-02-17 06:00:00,6,1492,10.71700001,59.95000076,3.98838997,50.00000000
0,2023-02-17 06:00:00,6,2407,13.70720005,60.67639923,3.73122001,50.00000000
0,2023-02-17 06:00:00,6,2512,11.88329983,57.78329849,7.22384024,50.00000000
0,2023-02-17 06:00:00,6,2513,12.00000000,57.70000076,6.60207987,50.00000000
0,2023-02-17 06:00:00,6,3002,-0.85399997,60.74900055,12.83574963,50.00000000
0,2023-02-17 06:00:00,6,3003,-1.29799998,59.87900162,16.07679939,50.00000000
0,2023-02-17 06:00:00,6,3005,-1.18299997,60.13899994,13.76770020,50.00000000
0,2023-02-17 06:00:00,6,3006,-1.27699995,60.44699860,11.36017990,50.00000000
0,2023-02-17 06:00:00,6,3008,-1.62800002,59.52700043,15.94649982,50.00000000
0,2023-02-17 06:00:00,6,3010,-4.40399981,59.08300018,16.76962090,50.00000000
0,2023-02-17 06:00:00,6,3011,-5.82999992,59.12400055,16.33172989,50.00000000
0,2023-02-17 06:00:00,6,3014,-2.06299996,60.11100006,15.67615032,50.00000000
0,2023-02-17 06:00:00,6,3017,-2.90000010,58.95399857,12.32740021,50.00000000
0,2023-02-17 06:00:00,6,3022,-7.38299990,57.47499847,9.44919014,50.00000000
0,2023-02-17 06:00:00,6,3023,-7.39699984,57.35800171,9.25481987,50.00000000
0,2023-02-17 06:00:00,6,3026,-6.32499981,58.21400070,10.16617966,50.00000000
0,2023-02-17 06:00:00,6,3031,-4.89599991,57.72499847,10.25263977,50.00000000
0,2023-02-17 06:00:00,6,3034,-5.63600016,57.85900116,9.57378006,50.00000000
0,2023-02-17 06:00:00,6,3035,-7.44890022,57.02569962,10.41893005,50.00000000
0,2023-02-17 06:00:00,6,3037,-5.80900002,57.25699997,8.94845009,50.00000000
0,2023-02-17 06:00:00,6,3039,-5.68900013,57.41749954,9.73974037,50.00000000
0,2023-02-17 06:00:00,6,3041,-4.96999979,56.82199860,10.93947983,50.00000000
0,2023-02-17 06:00:00,6,3044,-4.44199991,58.28799820,9.80922985,50.00000000
0,2023-02-17 06:00:00,6,3047,-4.70800018,56.86700058,8.06326008,50.00000000
0,2023-02-17 06:00:00,6,3055,-3.38499999,58.87400055,14.82808018,50.00000000
0,2023-02-17 06:00:00,6,3062,-3.96600008,57.81900024,10.77606010,50.00000000
0,2023-02-17 06:00:00,6,3063,-3.82699990,57.20600128,10.17875957,50.00000000
0,2023-02-17 06:00:00,6,3065,-3.64199996,57.11600113,10.97947025,50.00000000
0,2023-02-17 06:00:00,6,3066,-3.56060004,57.64939880,9.65336037,50.00000000
0,2023-02-17 06:00:00,6,3068,-3.32200003,57.71200180,11.28542995,50.00000000
0,2023-02-17 06:00:00,6,3070,-3.34400010,57.35400009,9.70116043,50.00000000
0,2023-02-17 06:00:00,6,3072,-3.42000008,56.87900162,12.19458961,50.00000000
0,2023-02-17 06:00:00,6,3075,-3.08899999,58.45399857,12.47029018,50.00000000
0,2023-02-17 06:00:00,6,3080,-2.83599997,57.07699966,9.86454964,50.00000000
0,2023-02-17 06:00:00,6,3081,-3.39700007,57.00600052,10.70102978,50.00000000
0,2023-02-17 06:00:00,6,3088,-2.26399994,56.85200119,11.13574028,50.00000000
0,2023-02-17 06:00:00,6,3091,-2.20199990,57.20600128,11.75391006,50.00000000
0,2023-02-17 06:00:00,6,3092,-1.77300000,57.50299835,15.96356010,50.00000000
0,2023-02-17 06:00:00,6,3094,-2.12100005,57.69800186,18.71557999,50.00000000
0,2023-02-17 06:00:00,6,3100,-6.88700008,56.49700165,9.05772018,50.00000000
0,2023-02-17 06:00:00,6,3105,-6.25600004,55.68099976,8.42790031,50.00000000
0,2023-02-17 06:00:00,6,3111,-5.69899988,55.44100189,8.99310970,50.00000000
0,2023-02-17 06:00:00,6,3114,-5.47499990,56.40999985,7.33549976,50.00000000
0,2023-02-17 06:00:00,6,3116,-5.00099993,56.40999985,8.05459976,50.00000000
0,2023-02-17 06:00:00,6,3120,-5.30600023,55.70600128,10.04319954,50.00000000
0,2023-02-17 06:00:00,6,3130,-4.93599987,54.85900116,8.05949974,50.00000000
0,2023-02-17 06:00:00,6,3132,-4.93599987,54.85900116,8.05949974,50.00000000
0,2023-02-17 06:00:00,6,3134,-4.53299999,55.90700150,9.36363983,50.00000000
0,2023-02-17 06:00:00,6,3136,-4.58500004,55.51499939,8.43910980,50.00000000
0,2023-02-17 06:00:00,6,3138,-4.79400015,55.96200180,7.99275017,50.00000000
0,2023-02-17 06:00:00,6,3139,-4.22599983,55.60100174,9.98484039,50.00000000
0,2023-02-17 06:00:00,6,3140,-4.43330002,55.86669922,7.93396997,50.00000000
0,2023-02-17 06:00:00,6,3144,-3.72900009,56.32600021,8.57808018,50.00000000
0,2023-02-17 06:00:00,6,3148,-4.32000017,56.42300034,10.11431026,50.00000000
0,2023-02-17 06:00:00,6,3152,-3.87500000,55.86199951,10.41388988,50.00000000
0,2023-02-17 06:00:00,6,3153,-4.00799990,54.80300140,7.90923977,50.00000000
0,2023-02-17 06:00:00,6,3154,-3.64400005,55.05400085,7.25613022,50.00000000
0,2023-02-17 06:00:00,6,3155,-3.73499990,55.62699890,10.12252998,50.00000000
0,2023-02-17 06:00:00,6,3158,-2.38299990,55.70899963,10.82769012,50.00000000
0,2023-02-17 06:00:00,6,3160,-3.34699988,55.95100021,10.35610008,50.00000000
0,2023-02-17 06:00:00,6,3162,-3.20600009,55.31100082,8.63564968,50.00000000
0,2023-02-17 06:00:00,6,3166,-3.34299994,55.92800140,10.20425987,50.00000000
0,2023-02-17 06:00:00,6,3171,-2.86199999,56.37699890,11.27865982,50.00000000
0,2023-02-17 06:00:00,6,3173,-3.18799996,55.92300034,10.36254978,50.00000000
0,2023-02-17 06:00:00,6,3174,-2.58500004,56.27899933,14.13519955,50.00000000
0,2023-02-17 06:00:00,6,3176,-2.51699996,55.35900116,9.37712955,50.00000000
0,2023-02-17 06:00:00,6,3188,-2.03200006,55.75400162,11.03818989,50.00000000
0,2023-02-17 06:00:00,6,3204,-4.63210011,54.08489990,8.10453987,50.00000000
0,2023-02-17 06:00:00,6,3210,-3.61500001,54.51810074,8.34115028,50.00000000
0,2023-02-17 06:00:00,6,3212,-3.15700006,54.61399841,9.53157043,50.00000000
0,2023-02-17 06:00:00,6,3213,-3.40700006,54.32500076,8.53868008,50.00000000
0,2023-02-17 06:00:00,6,3214,-3.25699997,54.12500000,8.81081963,50.00000000
0,2023-02-17 06:00:00,6,3220,-2.96300006,54.93299866,9.38510036,50.00000000
0,2023-02-17 06:00:00,6,3224,-2.55299997,55.04999924,9.94612980,50.00000000
0,2023-02-17 06:00:00,6,3225,-2.68400002,54.50099945,8.97196007,50.00000000
0,2023-02-17 06:00:00,6,3226,-2.41300011,54.57199860,11.76739979,50.00000000
0,2023-02-17 06:00:00,6,3227,-2.45000005,54.68399811,14.27923012,50.00000000
0,2023-02-17 06:00:00,6,3230,-2.27900004,55.28499985,11.08131027,50.00000000
0,2023-02-17 06:00:00,6,3235,-2.08899999,54.82099915,14.27250004,50.00000000
0,2023-02-17 06:00:00,6,3238,-1.88000000,55.02000046,13.49728012,50.00000000
0,2023-02-17 06:00:00,6,3240,-1.60000002,55.42100143,12.47301006,50.00000000
0,2023-02-17 06:00:00,6,3246,-1.59700000,54.97700119,10.90324974,50.00000000
0,2023-02-17 06:00:00,6,3257,-1.52999997,54.29600143,6.93688011,50.00000000
0,2023-02-17 06:00:00,6,3261,-1.41400003,54.13399887,7.75749016,50.00000000
0,2023-02-17 06:00:00,6,3262,-1.41499996,55.01800156,13.49938011,50.00000000
0,2023-02-17 06:00:00,6,3265,-1.38999999,54.20399857,7.78040981,50.00000000
0,2023-02-17 06:00:00,6,3266,-1.25000000,54.04499817,8.83294010,50.00000000
0,2023-02-17 06:00:00,6,3275,-0.86299998,54.56299973,10.98215008,50.00000000
0,2023-02-17 06:00:00,6,3281,-0.67299998,54.36199951,8.76924038,50.00000000
0,2023-02-17 06:00:00,6,3292,-0.17399999,54.09400177,9.13245964,50.00000000
0,2023-02-17 06:00:00,6,3301,-4.37599993,53.25999832,6.41235018,50.00000000
0,2023-02-17 06:00:00,6,3302,-4.53700018,53.25199890,6.29939985,50.00000000
0,2023-02-17 06:00:00,6,3305,-3.94099998,53.09299850,9.46191025,50.00000000
0,2023-02-17 06:00:00,6,3308,-4.07700014,53.06800079,9.21706963,50.00000000
0,2023-02-17 06:00:00,6,3313,-3.50900006,53.25899887,8.36170006,50.00000000
0,2023-02-17 06:00:00,6,3316,-3.05599999,53.49700165,8.79156971,50.00000000
0,2023-02-17 06:00:00,6,3318,-3.03699994,53.77600098,8.58442020,50.00000000
0,2023-02-17 06:00:00,6,3321,-2.98600006,53.17399979,8.23974037,50.00000000
0,2023-02-17 06:00:00,6,3330,-1.97990000,53.12760162,11.88399029,50.00000000
0,2023-02-17 06:00:00,6,3334,-2.27900004,53.35599899,9.13234997,50.00000000
0,2023-02-17 06:00:00,6,3339,-2.02900004,53.96699905,13.04535007,50.00000000
0,2023-02-17 06:00:00,6,3344,-1.86500001,53.81100082,13.58489990,50.00000000
0,2023-02-17 06:00:00,6,3345,-1.66400003,53.61299896,11.35593987,50.00000000
0,2023-02-17 06:00:00,6,3346,-1.66700006,53.61700058,11.35593987,50.00000000
0,2023-02-17 06:00:00,6,3347,-1.55999994,53.79999924,8.38949013,50.00000000
0,2023-02-17 06:00:00,6,3348,-2.15400004,53.34000015,9.39957047,50.00000000
0,2023-02-17 06:00:00,6,3350,-1.58200002,53.43299866,10.04975986,50.00000000
0,2023-02-17 06:00:00,6,3351,-2.38050008,53.35979843,9.61229038,50.00000000
0,2023-02-17 06:00:00,6,3354,-1.25000000,53.00500107,8.39587975,50.00000000
0,2023-02-17 06:00:00,6,3355,-1.19700003,53.83599854,8.38918972,50.00000000
0,2023-02-17 06:00:00,6,3373,-0.54600000,53.30699921,8.03674984,50.00000000
0,2023-02-17 06:00:00,6,3377,-0.52100003,53.17499924,8.48925018,50.00000000
0,2023-02-17 06:00:00,6,3379,-0.50199997,53.03099823,8.89577961,50.00000000
0,2023-02-17 06:00:00,6,3382,-0.43300000,53.86700058,8.22821045,50.00000000
0,2023-02-17 06:00:00,6,3384,-0.44000000,53.87400055,8.22821045,50.00000000
0,2023-02-17 06:00:00,6,3385,0.15400000,53.47299957,9.40009975,50.00000000
0,2023-02-17 06:00:00,6,3391,-0.17100000,53.09400177,8.58362007,50.00000000
0,2023-02-17 06:00:00,6,3392,0.27399999,53.08800125,8.43548012,50.00000000
0,2023-02-17 06:00:00,6,3402,-4.63800001,52.82300186,6.79140997,50.00000000
0,2023-02-17 06:00:00,6,3403,-4.08199978,52.99499893,6.68308020,50.00000000
0,2023-02-17 06:00:00,6,3405,-4.74200010,52.78900146,7.44407988,50.00000000
0,2023-02-17 06:00:00,6,3407,-4.12400007,52.80199814,6.22991991,50.00000000
0,2023-02-17 06:00:00,6,3409,-3.58299994,52.91699982,7.17738008,50.00000000
0,2023-02-17 06:00:00,6,3410,-3.46399999,52.75699997,7.31084013,50.00000000
0,2023-02-17 06:00:00,6,3414,-2.66300011,52.79399872,8.38770962,50.00000000
0,2023-02-17 06:00:00,6,3453,-0.65399998,52.72700119,8.75924015,50.00000000
0,2023-02-17 06:00:00,6,3462,-0.45899999,52.61109924,8.17465019,50.00000000
0,2023-02-17 06:00:00,6,3469,0.14100000,52.87300110,8.80566025,50.00000000
0,2023-02-17 06:00:00,6,3482,0.56900001,52.65100098,7.73059988,50.00000000
0,2023-02-17 06:00:00,6,3488,1.12699997,52.94900131,11.49112034,50.00000000
0,2023-02-17 06:00:00,6,3492,1.30200005,52.62500000,7.28871012,50.00000000
0,2023-02-17 06:00:00,6,3495,1.35599995,52.75600052,8.00279999,50.00000000
0,2023-02-17 06:00:00,6,3496,1.69299996,52.68600082,7.89573002,50.00000000
0,2023-02-17 06:00:00,6,3497,1.75000000,52.56700134,9.11481953,50.00000000
0,2023-02-17 06:00:00,6,3501,-4.00099993,52.41699982,6.92737007,50.00000000
0,2023-02-17 06:00:00,6,3502,-4.57100010,52.13899994,7.05729008,50.00000000
0,2023-02-17 06:00:00,6,3503,-3.94700003,52.34400177,7.16285992,50.00000000
0,2023-02-17 06:00:00,6,3507,-3.61400008,52.06299973,7.67465019,50.00000000
0,2023-02-17 06:00:00,6,3520,-2.88499999,52.24200058,7.93135023,50.00000000
0,2023-02-17 06:00:00,6,3522,-2.79999995,52.08300018,7.14373016,50.00000000
0,2023-02-17 06:00:00,6,3527,-2.30500007,52.12099838,8.29862022,50.00000000
0,2023-02-17 06:00:00,6,3529,-2.03999996,52.14799881,8.47457981,50.00000000
0,2023-02-17 06:00:00,6,3534,-1.74100006,52.45199966,8.15128994,50.00000000
0,2023-02-17 06:00:00,6,3535,-1.68900001,52.47999954,8.12561035,50.00000000
0,2023-02-17 06:00:00,6,3544,-1.33000004,52.35800171,8.23725033,50.00000000
0,2023-02-17 06:00:00,6,3559,-0.42100000,52.10400009,7.91477013,50.00000000
0,2023-02-17 06:00:00,6,3560,-0.46399999,52.22499847,8.72490978,50.00000000
0,2023-02-17 06:00:00,6,3566,-0.11400000,52.35300064,8.49372005,50.00000000
0,2023-02-17 06:00:00,6,3583,0.56110001,52.40940094,7.56567001,50.00000000
0,2023-02-17 06:00:00,6,3586,0.77399999,52.34000015,7.76399994,50.00000000
0,2023-02-17 06:00:00,6,3590,0.96100003,52.12300110,8.18144989,50.00000000
0,2023-02-17 06:00:00,6,3604,-5.05499983,51.70800018,6.97768021,50.00000000
0,2023-02-17 06:00:00,6,3605,-4.36800003,51.71300125,7.99490023,50.00000000
0,2023-02-17 06:00:00,6,3609,-3.98099995,51.56499863,9.51881027,50.00000000
0,2023-02-17 06:00:00,6,3628,-2.57599998,51.52099991,7.71121979,50.00000000
0,2023-02-17 06:00:00,6,3629,-2.71600008,51.50600052,9.22529984,50.00000000
0,2023-02-17 06:00:00,6,3647,-1.69200003,51.86000061,7.96358013,50.00000000
0,2023-02-17 06:00:00,6,3649,-1.57599998,51.75799942,8.52890015,50.00000000
0,2023-02-17 06:00:00,6,3658,-1.09700000,51.61999893,8.36032009,50.00000000
0,2023-02-17 06:00:00,6,3660,-0.80199999,51.68000031,8.31678963,50.00000000
0,2023-02-17 06:00:00,6,3670,-0.40000001,51.61690140,6.81482983,50.00000000
0,2023-02-17 06:00:00,6,3672,-0.41499999,51.54800034,6.64391994,50.00000000
0,2023-02-17 06:00:00,6,3680,-0.36019999,51.80670166,7.69077015,50.00000000
0,2023-02-17 06:00:00,6,3683,0.22499999,51.88000107,8.10284996,50.00000000
0,2023-02-17 06:00:00,6,3684,0.45300001,51.89599991,8.40921974,50.00000000
0,2023-02-17 06:00:00,6,3693,0.82999998,51.55400085,8.18048954,50.00000000
0,2023-02-17 06:00:00,6,3696,1.28299999,51.85400009,8.38222980,50.00000000
0,2023-02-17 06:00:00,6,3705,-4.22100019,51.11800003,7.92288017,50.00000000
0,2023-02-17 06:00:00,6,3707,-4.14900017,51.08900070,7.81489992,50.00000000
0,2023-02-17 06:00:00,6,3710,-3.60800004,51.08700180,7.98774004,50.00000000
0,2023-02-17 06:00:00,6,3715,-3.34299994,51.40000153,8.40198994,50.00000000
0,2023-02-17 06:00:00,6,3716,-3.44000006,51.40499878,8.67103004,50.00000000
0,2023-02-17 06:00:00,6,3717,-3.17799997,51.47800064,6.94672012,50.00000000
0,2023-02-17 06:00:00,6,3726,-2.59999990,51.46670151,7.47785997,50.00000000
0,2023-02-17 06:00:00,6,3740,-1.99240005,51.50310135,8.86616039,50.00000000
0,2023-02-17 06:00:00,6,3743,-1.80499995,51.20100021,7.62180996,50.00000000
0,2023-02-17 06:00:00,6,3746,-1.75399995,51.16099930,7.27420998,50.00000000
0,2023-02-17 06:00:00,6,3749,-1.57000005,51.14899826,7.35811996,50.00000000
0,2023-02-17 06:00:00,6,3761,-0.94400001,51.23799896,7.69881010,50.00000000
0,2023-02-17 06:00:00,6,3763,-0.78399998,51.38999939,7.23402977,50.00000000
0,2023-02-17 06:00:00,6,3768,-0.77200001,51.27899933,6.92795992,50.00000000
0,2023-02-17 06:00:00,6,3769,-0.23330000,51.15000153,5.82163000,50.00000000
0,2023-02-17 06:00:00,6,3770,-0.13110000,51.50490189,6.20367002,50.00000000
0,2023-02-17 06:00:00,6,3772,-0.44900000,51.47900009,6.98857021,50.00000000
0,2023-02-17 06:00:00,6,3776,-0.19100000,51.15100098,6.16893005,50.00000000
0,2023-02-17 06:00:00,6,3779,-0.10800000,51.52099991,6.20813990,50.00000000
0,2023-02-17 06:00:00,6,3780,-0.13500001,51.21500015,6.56839991,50.00000000
0,2023-02-17 06:00:00,6,3781,-0.09000000,51.30300140,6.66959000,50.00000000
0,2023-02-17 06:00:00,6,3784,0.31400001,51.46400070,7.25283003,50.00000000
0,2023-02-17 06:00:00,6,3791,0.74699998,51.44499969,8.12477016,50.00000000
0,2023-02-17 06:00:00,6,3796,1.34800005,51.13299942,9.42566013,50.00000000
0,2023-02-17 06:00:00,6,3797,1.34609997,51.34220123,7.45931005,50.00000000
0,2023-02-17 06:00:00,6,3803,-6.30100012,49.91299820,9.68671989,50.00000000
0,2023-02-17 06:00:00,6,3808,-5.32999992,50.21799850,7.42798996,50.00000000
0,2023-02-17 06:00:00,6,3809,-5.25699997,50.08499908,6.85455990,50.00000000
0,2023-02-17 06:00:00,6,3810,-5.04699993,50.14500046,8.36429024,50.00000000
0,2023-02-17 06:00:00,6,3815,-5.20200014,49.95999908,8.65256977,50.00000000
0,2023-02-17 06:00:00,6,3817,-4.99900007,50.43799973,7.07560015,50.00000000
0,2023-02-17 06:00:00,6,3820,-4.62200022,50.64099884,7.42628002,50.00000000
0,2023-02-17 06:00:00,6,3823,-4.66699982,50.50199890,6.20983982,50.00000000
0,2023-02-17 06:00:00,6,3827,-4.12099981,50.35400009,5.82551003,50.00000000
0,2023-02-17 06:00:00,6,3830,-3.98600006,50.93199921,7.38119984,50.00000000
0,2023-02-17 06:00:00,6,3831,-4.00799990,50.54899979,8.19913006,50.00000000
0,2023-02-17 06:00:00,6,3837,-3.50900006,50.39699936,6.94802999,50.00000000
0,2023-02-17 06:00:00,6,3839,-3.40499997,50.73699951,6.23191023,50.00000000
0,2023-02-17 06:00:00,6,3840,-3.23900008,50.86000061,6.80214977,50.00000000
0,2023-02-17 06:00:00,6,3844,-3.40459991,50.73659897,6.23191023,50.00000000
0,2023-02-17 06:00:00,6,3853,-2.64000010,51.00600052,6.95950985,50.00000000
0,2023-02-17 06:00:00,6,3857,-2.45400000,50.52199936,11.72644043,50.00000000
0,2023-02-17 06:00:00,6,3858,-2.44899988,50.56499863,9.07306004,50.00000000
0,2023-02-17 06:00:00,6,3862,-1.83500004,50.77899933,5.76459980,50.00000000
0,2023-02-17 06:00:00,6,3865,-1.40300000,50.90100098,5.72841978,50.00000000
0,2023-02-17 06:00:00,6,3866,-1.29700005,50.57699966,11.04090977,50.00000000
0,2023-02-17 06:00:00,6,3872,-0.92299998,50.81499863,8.05259037,50.00000000
0,2023-02-17 06:00:00,6,3874,-1.20799994,50.80699921,7.56345987,50.00000000
0,2023-02-17 06:00:00,6,3876,-0.29200000,50.83599854,6.52541018,50.00000000
0,2023-02-17 06:00:00,6,3882,0.31900001,50.88999939,7.39249992,50.00000000
0,2023-02-17 06:00:00,6,3894,-2.59999990,49.43999863,7.71568012,50.00000000
0,2023-02-17 06:00:00,6,3895,-2.19549990,49.20790100,7.09079981,50.00000000
0,2023-02-17 06:00:00,6,3896,-2.09999990,49.20000076,6.73221016,50.00000000
0,2023-02-17 06:00:00,6,3901,-7.59410000,54.32949829,3.81391001,50.00000000
0,2023-02-17 06:00:00,6,3903,-7.65000010,54.40000153,3.92599010,50.00000000
0,2023-02-17 06:00:00,6,3904,-7.57700014,54.70700073,4.25797987,50.00000000
0,2023-02-17 06:00:00,6,3907,-6.94920015,55.16040039,5.34135008,50.00000000
0,2023-02-17 06:00:00,6,3908,-7.00799990,55.05699921,5.51822996,50.00000000
0,2023-02-17 06:00:00,6,3911,-6.81400013,54.72100067,5.16641998,50.00000000
0,2023-02-17 06:00:00,6,3914,-6.65500021,55.20800018,8.46796036,50.00000000
0,2023-02-17 06:00:00,6,3915,-6.45699978,54.86500168,5.15853024,50.00000000
0,2023-02-17 06:00:00,6,3916,-6.15299988,55.18099976,6.71130991,50.00000000
0,2023-02-17 06:00:00,6,3917,-6.22399998,54.66400146,5.14704990,50.00000000
0,2023-02-17 06:00:00,6,3923,-6.50199986,54.23699951,5.01931000,50.00000000
0,2023-02-17 06:00:00,6,3927,-5.66699982,54.66400146,5.59003019,50.00000000
0,2023-02-17 06:00:00,6,3928,-5.82999992,54.85200119,5.34783983,50.00000000
0,2023-02-17 06:00:00,6,3930,-2.55929995,51.55139923,8.16374969,50.00000000
0,2023-02-17 06:00:00,6,3931,1.16400003,52.45619965,8.14546967,50.00000000
0,2023-02-17 06:00:00,6,3952,-8.25000000,51.79899979,6.00568008,50.00000000
0,2023-02-17 06:00:00,6,3953,-10.25000000,51.93299866,6.15671015,50.00000000
0,2023-02-17 06:00:00,6,3955,-8.49110031,51.84130096,5.17595005,50.00000000
0,2023-02-17 06:00:00,6,3956,-6.50000000,52.29999924,4.91062021,50.00000000
0,2023-02-17 06:00:00,6,3957,-6.33300018,52.25000000,6.61502981,50.00000000
0,2023-02-17 06:00:00,6,3958,-8.27519989,52.13800049,3.60056996,50.00000000
0,2023-02-17 06:00:00,6,3960,-7.26599979,52.66600037,3.96415997,50.00000000
0,2023-02-17 06:00:00,6,3961,-6.91699982,52.86700058,3.93530011,50.00000000
0,2023-02-17 06:00:00,6,3962,-8.91600037,52.69900131,4.18872023,50.00000000
0,2023-02-17 06:00:00,6,3965,-7.88299990,53.08300018,3.90154004,50.00000000
0,2023-02-17 06:00:00,6,3967,-6.43889999,53.30559921,5.06907988,50.00000000
0,2023-02-17 06:00:00,6,3969,-6.25000000,53.43299866,4.92445993,50.00000000
0,2023-02-17 06:00:00,6,3970,-8.98299980,53.71599960,2.73398995,50.00000000
0,2023-02-17 06:00:00,6,3971,-7.36600018,53.53300095,4.19632006,50.00000000
0,2023-02-17 06:00:00,6,3973,-8.81700039,53.90000153,3.11213994,50.00000000
0,2023-02-17 06:00:00,6,3974,-7.23299980,54.18299866,4.23752022,50.00000000
0,2023-02-17 06:00:00,6,3976,-10.00100040,54.23300171,2.54042006,50.00000000
0,2023-02-17 06:00:00,6,3978,-8.23299980,54.50000000,4.45829010,50.00000000
0,2023-02-17 06:00:00,6,3979,-7.31699991,54.04999924,4.17519999,50.00000000
0,2023-02-17 06:00:00,6,3980,-7.33300018,55.36600113,6.69110012,50.00000000
0,2023-02-17 06:00:00,6,3982,-6.33330011,53.36389923,4.86636019,50.00000000
0,2023-02-17 06:00:00,6,3985,-8.74870014,53.29869843,3.55715990,50.00000000
0,2023-02-17 06:00:00,6,6030,9.84920025,57.09280014,10.82738018,50.00000000
0,2023-02-17 06:00:00,6,6043,10.51700020,57.40000153,10.17615986,50.00000000
0,2023-02-17 06:00:00,6,6060,9.11670017,56.29999924,11.07423973,50.00000000
0,2023-02-17 06:00:00,6,6070,10.61699963,56.29999924,8.54131031,50.00000000
0,2023-02-17 06:00:00,6,6080,8.55340004,55.52590179,11.89050007,50.00000000
0,2023-02-17 06:00:00,6,6081,8.08329964,55.54999924,17.66826057,50.00000000
0,2023-02-17 06:00:00,6,6120,10.33300018,55.48300171,10.73993015,50.00000000
0,2023-02-17 06:00:00,6,6210,4.41699982,52.18299866,9.18002033,50.00000000
0,2023-02-17 06:00:00,6,6235,4.78299999,52.91699982,10.46961975,50.00000000
0,2023-02-17 06:00:00,6,6239,4.69610023,54.85390091,18.92432022,50.00000000
0,2023-02-17 06:00:00,6,6240,4.76700020,52.29999924,8.75994968,50.00000000
0,2023-02-17 06:00:00,6,6242,4.90500021,53.23500061,15.15795040,50.00000000
0,2023-02-17 06:00:00,6,6251,5.34999990,53.38999939,15.70794964,50.00000000
0,2023-02-17 06:00:00,6,6252,3.22029996,53.21780014,13.82616997,50.00000000
0,2023-02-17 06:00:00,6,6260,5.18300009,52.09999847,8.05257034,50.00000000
0,2023-02-17 06:00:00,6,6269,5.53299999,52.45000076,8.84202003,50.00000000
0,2023-02-17 06:00:00,6,6270,5.76700020,53.21699905,10.45691013,50.00000000
0,2023-02-17 06:00:00,6,6275,5.87220001,52.05500031,7.72339010,50.00000000
0,2023-02-17 06:00:00,6,6279,6.46670008,52.71670151,9.53954983,50.00000000
0,2023-02-17 06:00:00,6,6280,6.58300018,53.13299942,9.76060009,50.00000000
0,2023-02-17 06:00:00,6,6290,6.90000010,52.26699829,8.77964973,50.00000000
0,2023-02-17 06:00:00,6,6310,3.59999990,51.45000076,13.10418034,50.00000000
0,2023-02-17 06:00:00,6,6321,3.27500010,51.99779892,13.35577965,50.00000000
0,2023-02-17 06:00:00,6,6344,4.43720007,51.95959854,8.53024006,50.00000000
0,2023-02-17 06:00:00,6,6370,5.41699982,51.45000076,7.45908022,50.00000000
0,2023-02-17 06:00:00,6,6380,5.78299999,50.91699982,8.42263031,50.00000000
0,2023-02-17 06:00:00,6,6407,2.87400007,51.19979858,8.80778027,50.00000000
0,2023-02-17 06:00:00,6,6408,2.91669989,51.23329926,13.25693035,50.00000000
0,2023-02-17 06:00:00,6,6432,3.83299994,50.56700134,8.12143040,50.00000000
0,2023-02-17 06:00:00,6,6447,4.34999990,50.79999924,7.57543993,50.00000000
0,2023-02-17 06:00:00,6,6449,4.44999981,50.46699905,7.61230993,50.00000000
0,2023-02-17 06:00:00,6,6450,4.46700001,51.20000076,7.16941023,50.00000000
0,2023-02-17 06:00:00,6,6451,4.53299999,50.90000153,7.67031002,50.00000000
0,2023-02-17 06:00:00,6,6456,4.65000010,50.23300171,7.45722008,50.00000000
0,2023-02-17 06:00:00,6,6476,5.40000010,50.03300095,6.73907995,50.00000000
0,2023-02-17 06:00:00,6,6490,5.91699982,50.48300171,6.86449003,50.00000000
0,2023-02-17 06:00:00,6,6496,6.18300009,50.46699905,8.31690979,50.00000000
0,2023-02-17 06:00:00,6,6590,6.21600008,49.61600113,6.54811001,50.00000000
0,2023-02-17 06:00:00,6,6660,8.56700039,47.38299942,3.71469998,50.00000000
0,2023-02-17 06:00:00,6,6670,8.54920006,47.46469879,4.30773020,50.00000000
0,2023-02-17 06:00:00,6,6680,9.34360027,47.24940109,4.98598003,50.00000000
0,2023-02-17 06:00:00,6,6700,6.13299990,46.25000000,1.83788002,50.00000000
0,2023-02-17 06:00:00,6,6712,6.91669989,46.33330154,1.97615004,50.00000000
0,2023-02-17 06:00:00,6,6720,7.33099985,46.22000122,1.10028994,50.00000000
0,2023-02-17 06:00:00,6,6730,7.98330021,46.54999924,3.56053996,50.00000000
0,2023-02-17 06:00:00,6,6748,7.75000000,46.03300095,4.25089979,50.00000000
0,2023-02-17 06:00:00,6,6760,8.77999973,46.16999817,2.16238999,50.00000000
0,2023-02-17 06:00:00,6,7002,1.60000002,50.73329926,8.28369999,50.00000000
0,2023-02-17 06:00:00,6,7005,1.83299994,50.13299942,8.52670956,50.00000000
0,2023-02-17 06:00:00,6,7015,3.08940005,50.56190109,7.58416986,50.00000000
0,2023-02-17 06:00:00,6,7020,-1.93299997,49.71699905,10.31377029,50.00000000
0,2023-02-17 06:00:00,6,7028,0.06670000,49.51670074,8.81449986,50.00000000
0,2023-02-17 06:00:00,6,7037,1.18299997,49.38299942,6.50990009,50.00000000
0,2023-02-17 06:00:00,6,7070,4.05000019,49.31000137,5.76125002,50.00000000
0,2023-02-17 06:00:00,6,7110,-4.41599989,48.44900131,4.99256992,50.00000000
0,2023-02-17 06:00:00,6,7127,-1.85000002,48.72000122,6.48516989,50.00000000
0,2023-02-17 06:00:00,6,7130,-1.73479998,48.06949997,3.90987992,50.00000000
0,2023-02-17 06:00:00,6,7145,2.00920010,48.77330017,5.54133987,50.00000000
0,2023-02-17 06:00:00,6,7149,2.39299989,48.71699905,4.66993999,50.00000000
0,2023-02-17 06:00:00,6,7150,2.43799996,48.96469879,5.12411022,50.00000000
0,2023-02-17 06:00:00,6,7157,2.54999995,49.01279831,5.55274010,50.00000000
0,2023-02-17 06:00:00,6,7190,7.62820005,48.53829956,4.39857006,50.00000000
0,2023-02-17 06:00:00,6,7222,-1.60000002,47.16669846,3.59461999,50.00000000
0,2023-02-17 06:00:00,6,7249,1.75000000,47.98300171,4.72556019,50.00000000
0,2023-02-17 06:00:00,6,7280,5.09000015,47.26890182,3.81494999,50.00000000
0,2023-02-17 06:00:00,6,7299,7.52990007,47.58959961,2.72356009,50.00000000
0,2023-02-17 06:00:00,6,7306,-1.37909997,46.70000076,2.97144008,50.00000000
0,2023-02-17 06:00:00,6,7314,-1.41700006,46.04999924,3.40540004,50.00000000
0,2023-02-17 06:00:00,6,7354,1.73070002,46.86220169,4.61936998,50.00000000
0,2023-02-17 06:00:00,6,7412,-0.31700000,45.66699982,2.48510003,50.00000000
0,2023-02-17 06:00:00,6,7434,1.17939997,45.86280060,2.84650993,50.00000000
0,2023-02-17 06:00:00,6,7460,3.16919994,45.78670120,2.35735989,50.00000000
0,2023-02-17 06:00:00,6,7475,4.29640007,45.54059982,2.74148989,50.00000000
0,2023-02-17 06:00:00,6,7480,4.93779993,45.72610092,1.23501003,50.00000000
0,2023-02-17 06:00:00,6,7481,5.09079981,45.72639847,1.29697001,50.00000000
0,2023-02-17 06:00:00,6,7486,5.33330011,45.36669922,1.88055003,50.00000000
0,2023-02-17 06:00:00,6,7491,5.86670017,45.63330078,1.66121995,50.00000000
0,2023-02-17 06:00:00,6,10004,6.34999990,54.16669846,17.71385956,50.00000000
0,2023-02-17 06:00:00,6,10015,7.89309978,54.17639923,17.43829918,50.00000000
0,2023-02-17 06:00:00,6,10020,8.41250038,55.01250076,17.19732094,50.00000000
0,2023-02-17 06:00:00,6,10046,10.14999962,54.34999847,10.02552986,50.00000000
0,2023-02-17 06:00:00,6,10055,11.09000015,54.52999878,15.07314968,50.00000000
0,2023-02-17 06:00:00,6,10142,9.34000015,53.59379959,9.76541042,50.00000000
0,2023-02-17 06:00:00,6,10147,9.98820019,53.63040161,8.69320011,50.00000000
0,2023-02-17 06:00:00,6,10156,10.69999981,53.81700134,9.52783966,50.00000000
0,2023-02-17 06:00:00,6,10224,8.80000019,53.04999924,9.15005970,50.00000000
0,2023-02-17 06:00:00,6,10238,9.93299961,52.81700134,9.17747974,50.00000000
0,2023-02-17 06:00:00,6,10253,11.13920021,52.97389984,9.38216019,50.00000000
0,2023-02-17 06:00:00,6,10314,7.53299999,52.33300018,9.41186047,50.00000000
0,2023-02-17 06:00:00,6,10315,7.68480015,52.13460159,9.43045044,50.00000000
0,2023-02-17 06:00:00,6,10320,8.31700039,51.93299866,9.32670021,50.00000000
0,2023-02-17 06:00:00,6,10338,9.68509960,52.46110153,9.22772980,50.00000000
0,2023-02-17 06:00:00,6,10400,6.76870012,51.29600143,7.55065012,50.00000000
0,2023-02-17 06:00:00,6,10401,6.13299990,51.20000076,7.75486994,50.00000000
0,2023-02-17 06:00:00,6,10405,6.13299990,51.59999847,8.24470997,50.00000000
0,2023-02-17 06:00:00,6,10410,6.96600008,51.39899826,7.96701002,50.00000000
0,2023-02-17 06:00:00,6,10506,6.87029982,50.36109924,7.60832977,50.00000000
0,2023-02-17 06:00:00,6,10513,7.14270020,50.86589813,6.28687000,50.00000000
0,2023-02-17 06:00:00,6,10607,6.69999981,49.84170151,5.82611990,50.00000000
0,2023-02-17 06:00:00,6,10614,7.59999990,49.43669891,6.67491007,50.00000000
0,2023-02-17 06:00:00,6,10616,7.26389980,49.94869995,7.86559010,50.00000000
0,2023-02-17 06:00:00,6,10635,8.44999981,50.21699905,6.54179001,50.00000000
0,2023-02-17 06:00:00,6,10637,8.60000038,50.04999924,5.54349995,50.00000000
0,2023-02-17 06:00:00,6,10648,9.10000038,49.71699905,7.61182022,50.00000000
0,2023-02-17 06:00:00,6,10708,7.11700010,49.21699905,6.29118013,50.00000000
0,2023-02-17 06:00:00,6,10727,8.36670017,49.03329849,6.78774977,50.00000000
0,2023-02-17 06:00:00,6,10738,9.23299980,48.68299866,6.21429014,50.00000000
0,2023-02-17 06:00:00,6,10739,9.19999981,48.83330154,4.49835014,50.00000000
0,2023-02-17 06:00:00,6,16066,8.72809982,45.63059998,1.88282001,50.00000000
0,2023-02-17 06:00:00,6,16080,9.27670002,45.44509888,2.23322010,50.00000000
0,2023-02-17 06:00:00,6,99001,-3.48300004,50.40000153,8.96331024,50.00000000
0,2023-02-17 06:00:00,6,99003,-4.73299980,58.16699982,10.45800018,50.00000000
0,2023-02-17 06:00:00,6,99005,-4.23299980,56.93299866,10.10601997,50.00000000
0,2023-02-17 06:00:00,6,99006,-5.43300009,56.45000076,7.90396023,50.00000000
0,2023-02-17 06:00:00,6,99008,0.44999999,51.28300095,6.77859020,50.00000000
0,2023-02-17 06:00:00,6,99010,-2.38299990,57.45000076,12.39451981,50.00000000
0,2023-02-17 06:00:00,6,99014,-6.09999990,54.29999924,5.56453991,50.00000000
0,2023-02-17 06:00:00,6,99015,-6.18300009,54.06700134,5.82016993,50.00000000
0,2023-02-17 06:00:00,6,99016,-3.91700006,58.23300171,10.35978031,50.00000000
0,2023-02-17 06:00:00,6,99017,-1.58299994,50.66299820,10.96395969,50.00000000
0,2023-02-17 06:00:00,6,99018,-5.58300018,54.66699982,6.33569002,50.00000000
0,2023-02-17 06:00:00,6,99019,-4.36700010,54.41699982,10.20055008,50.00000000
0,2023-02-17 06:00:00,6,99020,-4.65000010,56.41699982,10.61258984,50.00000000
0,2023-02-17 06:00:00,6,99021,-2.51699996,53.61700058,11.82563972,50.00000000
0,2023-02-17 06:00:00,6,99024,-3.86700010,55.86700058,10.41388988,50.00000000
0,2023-02-17 06:00:00,6,99025,-1.25000000,52.83300018,8.22898006,50.00000000
0,2023-02-17 06:00:00,6,99028,-1.93369997,52.47510147,8.65985966,50.00000000
0,2023-02-17 06:00:00,6,99029,-2.25139999,53.46670151,8.72963047,50.00000000
0,2023-02-17 06:00:00,6,99038,-2.16720009,51.89419937,7.64339018,50.00000000
0,2023-02-17 06:00:00,6,99040,-1.78550005,53.64559937,11.15503025,50.00000000
0,2023-02-17 06:00:00,6,99044,-1.48300004,53.38299942,6.49666023,50.00000000
0,2023-02-17 06:00:00,6,99049,-1.58299994,54.76699829,10.32676983,50.00000000
0,2023-02-17 06:00:00,6,99053,-1.42519999,55.01729965,11.33769035,50.00000000
0,2023-02-17 06:00:00,6,99055,-2.98300004,53.36700058,9.50076008,50.00000000
0,2023-02-17 06:00:00,6,99057,-0.60000002,52.01699829,7.66777992,50.00000000
0,2023-02-17 06:00:00,6,99058,-0.34999999,51.79999924,7.69077015,50.00000000
0,2023-02-17 06:00:00,6,99059,-2.04999995,52.09999847,8.52696037,50.00000000
0,2023-02-17 06:00:00,6,99060,-2.46700001,53.84999847,11.39700985,50.00000000
0,2023-02-17 06:00:00,6,99062,-1.92620003,52.45600128,8.58393955,50.00000000
0,2023-02-17 06:00:00,6,99063,-2.18300009,53.59999847,9.39365959,50.00000000
0,2023-02-17 06:00:00,6,99068,-2.43300009,52.76699829,9.31406021,50.00000000
0,2023-02-17 06:00:00,6,99069,-1.68499994,55.21500015,12.17965031,50.00000000
0,2023-02-17 06:00:00,6,99070,-1.53299999,52.41699982,8.37362003,50.00000000
0,2023-02-17 06:00:00,6,99077,-1.33299994,53.86700058,8.27223015,50.00000000
0,2023-02-17 06:00:00,6,99078,-0.23300000,52.40000153,8.37230015,50.00000000
0,2023-02-17 06:00:00,6,99079,-1.39419997,50.89250183,5.78927994,50.00000000
0,2023-02-17 06:00:00,6,99080,-0.46700001,51.31700134,6.44518995,50.00000000
0,2023-02-17 06:00:00,6,99081,-3.90000010,50.76699829,7.60845995,50.00000000
0,2023-02-17 06:00:00,6,99085,-3.47399998,50.72700119,6.35270977,50.00000000
0,2023-02-17 06:00:00,6,99086,-5.75000000,54.66699982,5.32936001,50.00000000
0,2023-02-17 06:00:00,6,99088,-4.56500006,55.47700119,8.51177979,50.00000000
0,2023-02-17 06:00:00,6,99089,-3.39599991,57.01100159,11.45590019,50.00000000
0,2023-02-17 06:00:00,6,99090,-3.95000005,54.92499924,7.60937023,50.00000000
0,2023-02-17 06:00:00,6,99092,-5.30800009,57.61299896,8.47743988,50.00000000
0,2023-02-17 06:00:00,6,99093,-2.26999998,52.99000168,9.89682961,50.00000000
0,2023-02-17 06:00:00,6,99094,-3.97799993,50.70199966,9.00306988,50.00000000
0,2023-02-17 06:00:00,6,99095,-0.28999999,51.48199844,6.62326002,50.00000000
0,2023-02-17 06:00:00,6,99098,1.26699996,52.66699982,7.55092001,50.00000000
0,2023-02-17 06:00:00,6,99099,-0.44900000,51.47900009,6.98857021,50.00000000
0,2023-02-17 06:00:00,6,99102,-0.66399997,51.49300003,7.80405998,50.00000000
0,2023-02-17 06:00:00,6,99107,-1.48300004,53.38299942,6.49666023,50.00000000
0,2023-02-17 06:00:00,6,99113,-2.70300007,53.77399826,9.72681046,50.00000000
0,2023-02-17 06:00:00,6,99114,-5.82800007,54.60300064,4.92625999,50.00000000
0,2023-02-17 06:00:00,6,99115,-0.87900001,52.27299881,7.78929996,50.00000000
0,2023-02-17 06:00:00,6,99116,-0.64099997,54.10499954,10.06455040,50.00000000
0,2023-02-17 06:00:00,6,99117,-5.18400002,57.15599823,10.49934959,50.00000000
0,2023-02-17 06:00:00,6,99118,0.67400002,52.45899963,6.71143007,50.00000000
0,2023-02-17 06:00:00,6,99119,-0.84899998,51.17800140,7.14662981,50.00000000
0,2023-02-17 06:00:00,6,99121,-6.25400019,55.04800034,5.93140984,50.00000000
0,2023-02-17 06:00:00,6,99122,1.29600000,52.93299866,11.30677986,50.00000000
0,2023-02-17 06:00:00,6,99123,0.10300000,52.24499893,8.34405994,50.00000000
0,2023-02-17 06:00:00,6,99124,0.56900001,52.25999832,8.41528034,50.00000000
0,2023-02-17 06:00:00,6,99125,-4.37200022,57.46099854,7.33256006,50.00000000
0,2023-02-17 06:00:00,6,99126,0.46200001,51.07699966,6.65260983,50.00000000
0,2023-02-17 06:00:00,6,99127,0.43200001,51.73300171,7.99132013,50.00000000
0,2023-02-17 06:00:00,6,99128,-2.21900010,51.60599899,9.09350014,50.00000000
0,2023-02-17 06:00:00,6,99129,-2.51699996,55.35800171,9.05496979,50.00000000
0,2023-02-17 06:00:00,6,99130,-5.82999992,54.24499893,5.53992987,50.00000000
0,2023-02-17 06:00:00,6,99131,-6.96600008,54.88499832,5.21893978,50.00000000
0,2023-02-17 06:00:00,6,99132,-4.48400021,57.32899857,7.35503006,50.00000000
0,2023-02-17 06:00:00,6,99133,-2.21300006,57.18700027,11.87413025,50.00000000
0,2023-02-17 06:00:00,6,99134,-4.22599983,55.60100174,9.98484039,50.00000000
0,2023-02-17 06:00:00,6,99135,-4.90999985,55.74800110,8.53230953,50.00000000
0,2023-02-17 06:00:00,6,99136,0.65600002,52.82400131,8.94783974,50.00000000
0,2023-02-17 06:00:00,6,99137,-3.45799994,54.64899826,8.86017036,50.00000000
0,2023-02-17 06:00:00,6,99138,-3.26699996,51.78300095,7.22381020,50.00000000
0,2023-02-17 06:00:00,6,99139,-0.17800000,51.56000137,6.39605999,50.00000000
0,2023-02-17 06:00:00,6,99141,-1.95299995,51.94800186,8.09305954,50.00000000
0,2023-02-17 06:00:00,6,99142,-0.42100000,54.27299881,9.48579025,50.00000000
0,2023-02-17 06:00:00,6,99143,-3.07900000,54.61999893,10.61680031,50.00000000
0,2023-02-17 06:00:00,6,99144,-7.56099987,54.18899918,3.82159996,50.00000000
0,2023-02-17 06:00:00,6,99145,-3.21900010,57.03749847,10.46417046,50.00000000
0,2023-02-17 06:00:00,6,99146,-1.93299997,52.25000000,8.78184032,50.00000000
0,2023-02-17 06:00:00,6,99147,-5.65000010,54.56700134,5.69700003,50.00000000
0,2023-02-17 06:00:00,6,99148,1.28299999,52.16699982,8.11750031,50.00000000
0,2023-02-17 06:00:00,6,99149,-1.63300002,52.73300171,8.52779961,50.00000000
0,2023-02-17 06:00:00,6,99150,-4.01700020,52.43299866,6.86167002,50.00000000
0,2023-02-17 06:00:00,6,99151,-0.88300002,53.40000153,7.98298979,50.00000000
0,2023-02-17 06:00:00,6,99152,-2.78299999,54.66699982,8.38424969,50.00000000
0,2023-02-17 06:00:00,6,99153,-5.01700020,58.06700134,9.63586998,50.00000000
0,2023-02-17 06:00:00,6,99154,0.03300000,51.06700134,6.19871998,50.00000000
0,2023-02-17 06:00:00,6,99155,-2.43300009,52.78300095,9.36690998,50.00000000
0,2023-02-17 06:00:00,6,99157,-1.33299994,51.00000000,5.75092983,50.00000000
0,2023-02-17 06:00:00,6,99158,-1.39999998,52.61700058,8.79168034,50.00000000
0,2023-02-17 06:00:00,6,99159,-1.95879996,50.61360168,8.41915989,50.00000000
0,2023-02-17 06:00:00,6,99160,-3.18300009,51.48300171,6.94672012,50.00000000
0,2023-02-17 06:00:00,6,99161,0.63300002,52.08300018,8.22805023,50.00000000
0,2023-02-17 06:00:00,6,99162,-1.39999998,53.63299942,9.42772007,50.00000000
0,2023-02-17 06:00:00,6,99163,-4.15000010,52.91699982,6.29543018,50.00000000
0,2023-02-17 06:00:00,6,99164,-2.95000005,52.58300018,9.33714008,50.00000000
0,2023-02-17 06:00:00,6,99166,-1.39999998,52.00000000,9.04283047,50.00000000
0,2023-02-17 06:00:00,6,99167,-2.10130000,54.30830002,15.73054981,50.00000000
0,2023-02-17 06:00:00,6,99168,-6.90000010,57.78300095,9.72815037,50.00000000
0,2023-02-17 06:00:00,6,99169,-2.76699996,53.84999847,9.80690956,50.00000000
0,2023-02-17 06:00:00,6,99170,-3.45029998,52.21530151,7.04236984,50.00000000
0,2023-02-17 06:00:00,6,99171,-1.76699996,53.81700134,10.83304977,50.00000000
0,2023-02-17 06:00:00,6,99172,-2.78299999,54.26699829,8.15649033,50.00000000
0,2023-02-17 06:00:00,6,99173,-1.78299999,54.46699905,12.71881962,50.00000000
0,2023-02-17 06:00:00,6,99174,-4.68300009,51.98300171,6.05168009,50.00000000
0,2023-02-17 06:00:00,6,99175,-6.00000000,54.81700134,6.29224014,50.00000000
0,2023-02-17 06:00:00,6,99176,-2.91700006,51.71699905,4.84401989,50.00000000
0,2023-02-17 06:00:00,6,99177,-1.76699996,54.06700134,14.13712025,50.00000000
0,2023-02-17 06:00:00,6,99178,-0.64999998,53.63299942,8.50094986,50.00000000
0,2023-02-17 06:00:00,6,99179,-2.51699996,53.08300018,9.27538013,50.00000000
0,2023-02-17 06:00:00,6,99180,-3.21700001,55.96699905,10.38986969,50.00000000
0,2023-02-17 06:00:00,6,99182,0.60000002,51.13299942,7.46899986,50.00000000
0,2023-02-17 06:00:00,6,99183,-0.93300003,51.43299866,8.04189968,50.00000000
0,2023-02-17 06:00:00,6,99184,-4.91699982,51.86700058,5.93617010,50.00000000
0,2023-02-17 06:00:00,6,99185,-0.41700000,50.93299866,6.91999006,50.00000000
0,2023-02-17 06:00:00,6,99186,-2.57900000,55.23400116,8.62973976,50.00000000
0,2023-02-17 06:00:00,6,99187,-2.84999990,54.08300018,9.22638988,50.00000000
0,2023-02-17 06:00:00,6,99188,-6.51700020,55.23300171,7.53712988,50.00000000
0,2023-02-17 06:00:00,6,99189,-1.60000002,52.20000076,8.34630966,50.00000000
0,2023-02-17 06:00:00,6,99190,-4.54479980,50.82799911,6.85446978,50.00000000
0,2023-02-17 06:00:00,6,99191,-5.37349987,57.18159866,8.35140991,50.00000000
0,2023-02-17 06:00:00,6,99192,-1.01699996,52.04999924,8.14904022,50.00000000
0,2023-02-17 06:00:00,6,99193,-4.95739985,54.74280167,8.36390972,50.00000000
0,2023-02-17 06:00:00,6,99194,-3.91470003,52.27159882,6.89521980,50.00000000
0,2023-02-17 06:00:00,6,99195,-3.48300004,51.91669846,6.75187016,50.00000000
0,2023-02-17 06:00:00,6,99196,-1.91680002,55.52989960,12.56626987,50.00000000
0,2023-02-17 06:00:00,6,99197,-0.38299999,51.41699982,6.80201006,50.00000000
0,2023-02-17 06:00:00,6,99198,-1.54999995,51.51699829,9.20792961,50.00000000
0,2023-02-17 06:00:00,6,99200,-4.30679989,55.90269852,8.30043983,50.00000000
0,2023-02-17 06:00:00,6,99201,-3.98099995,51.60699844,7.97866011,50.00000000
0,2023-02-17 06:00:00,6,99203,-0.00900000,51.53400040,6.26661015,50.00000000
0,2023-02-17 06:00:00,6,99204,-0.01700000,51.54199982,6.24306011,50.00000000
0,2023-02-17 06:00:00,6,99205,-0.76700002,52.04999924,8.13206005,50.00000000
0,2023-02-17 06:00:00,6,99206,-1.59899998,53.80799866,8.64488029,50.00000000
0,2023-02-17 06:00:00,6,99207,-2.58570004,51.91120148,6.90856981,50.00000000
0,2023-02-17 06:00:00,6,99208,-2.21210003,53.44369888,8.65256977,50.00000000
0,2023-02-17 06:00:00,6,99209,-1.90489995,52.48049927,8.40085983,50.00000000
0,2023-02-17 06:00:00,6,99212,-1.16700006,50.83300018,7.02934980,50.00000000
0,2023-02-17 06:00:00,6,99213,-0.36700001,53.75000000,7.93832016,50.00000000
0,2023-02-17 06:00:00,6,99214,-0.30000001,53.76699829,7.83293009,50.00000000
0,2023-02-17 06:00:00,6,99220,1.16400003,52.45619965,8.14546967,50.00000000
0,2023-02-17 06:00:00,6,99223,-2.55929995,51.55139923,8.16374969,50.00000000
0,2023-02-17 06:00:00,6,99430,-0.34040001,51.42309952,6.67554998,50.00000000
0,2023-02-17 06:00:00,6,99557,-2.16700006,54.09999847,14.90202045,50.00000000
0,2023-02-17 06:00:00,6,99578,-2.55679989,53.60789871,10.74501991,50.00000000
0,2023-02-17 06:00:00,6,99674,-0.85000002,51.11700058,6.28495979,50.00000000
0,2023-02-18 06:00:00,6,1,0.69559997,51.57139969,7.10012007,50.00000000
0,2023-02-18 06:00:00,6,2,-0.36829999,51.87440109,6.67900991,50.00000000
0,2023-02-18 06:00:00,6,3,-1.35669994,50.95029831,5.24636984,50.00000000
0,2023-02-18 06:00:00,6,4,0.02950000,51.32149887,6.37038994,50.00000000
0,2023-02-18 06:00:00,6,5,0.05800000,51.50479889,6.05803013,50.00000000
0,2023-02-18 06:00:00,6,6,0.93919998,50.95610046,7.24249983,50.00000000
0,2023-02-18 06:00:00,6,7,-0.62669998,52.07030106,6.75634003,50.00000000
0,2023-02-18 06:00:00,6,8,-5.87699986,54.61299896,5.31100988,50.00000000
0,2023-02-18 06:00:00,6,9,-1.74810004,52.45389938,6.40696001,50.00000000
0,2023-02-18 06:00:00,6,11,-2.71919990,51.38280106,7.70281982,50.00000000
0,2023-02-18 06:00:00,6,12,0.17500000,52.20500183,7.26692009,50.00000000
0,2023-02-18 06:00:00,6,14,-2.80920005,54.93750000,6.90946007,50.00000000
0,2023-02-18 06:00:00,6,15,-2.30559993,52.63999939,7.22916985,50.00000000
0,2023-02-18 06:00:00,6,17,-3.02579999,56.45249939,2.59066010,50.00000000
0,2023-02-18 06:00:00,6,18,-1.32669997,52.83110046,6.70425987,50.00000000
0,2023-02-18 06:00:00,6,19,-3.41389990,50.73440170,5.71885014,50.00000000
0,2023-02-18 06:00:00,6,22,-0.34720001,53.57970047,7.40107012,50.00000000
0,2023-02-18 06:00:00,6,23,-4.04750013,57.54240036,1.40515006,50.00000000
0,2023-02-18 06:00:00,6,24,0.56110001,52.40940094,7.38241005,50.00000000
0,2023-02-18 06:00:00,6,25,-1.66059995,53.86579895,6.60997009,50.00000000
0,2023-02-18 06:00:00,6,26,-2.84999990,53.33359909,8.35171032,50.00000000
0,2023-02-18 06:00:00,6,28,0.48830000,52.36080170,7.60014009,50.00000000
0,2023-02-18 06:00:00,6,29,-1.69169998,55.03749847,5.64323997,50.00000000
0,2023-02-18 06:00:00,6,30,1.28279996,52.67610168,7.42255020,50.00000000
0,2023-02-18 06:00:00,6,32,-4.58669996,55.50780106,3.89103007,50.00000000
0,2023-02-18 06:00:00,6,33,-1.29920006,60.43220139,2.92895007,50.00000000
0,2023-02-18 06:00:00,6,34,-1.38859999,53.39440155,4.58240986,50.00000000
0,2023-02-18 06:00:00,6,37,-1.42349994,54.51250076,6.10242987,50.00000000
0,2023-02-18 06:00:00,6,50,-0.12000000,52.34999847,7.47587013,50.00000000
0,2023-02-18 06:00:00,6,51,-2.16000009,55.25000000,4.81090021,50.00000000
0,2023-02-18 06:00:00,6,52,-4.87209988,58.61750031,3.19107008,50.00000000
0,2023-02-18 06:00:00,6,53,-2.28640008,51.43920135,7.72935009,50.00000000
0,2023-02-18 06:00:00,6,63,-4.32999992,53.09999847,7.99303007,50.00000000
0,2023-02-18 06:00:00,6,69,-5.23000002,50.00000000,7.65267992,50.00000000
0,2023-02-18 06:00:00,6,98,-2.88540006,53.74459839,8.67798996,50.00000000
0,2023-02-18 06:00:00,6,111,1.72000003,52.63000107,8.11427021,50.00000000
0,2023-02-18 06:00:00,6,127,-1.32040000,51.83560181,6.50224018,50.00000000
0,2023-02-18 06:00:00,6,134,-1.77999997,51.68000031,7.68209982,50.00000000
0,2023-02-18 06:00:00,6,139,-0.73710001,51.79119873,6.90648985,50.00000000
0,2023-02-18 06:00:00,6,201,-3.23289990,54.10639954,8.41415977,50.00000000
0,2023-02-18 06:00:00,6,203,-4.94589996,56.28239822,3.09926009,50.00000000
0,2023-02-18 06:00:00,6,204,-0.22480001,52.72639847,6.99906015,50.00000000
0,2023-02-18 06:00:00,6,205,-0.10620000,52.50410080,7.15904999,50.00000000
0,2023-02-18 06:00:00,6,206,0.10820000,52.83789825,7.46405983,50.00000000
0,2023-02-18 06:00:00,6,207,-0.02400000,52.43470001,7.40723991,50.00000000
0,2023-02-18 06:00:00,6,208,-4.85449982,57.13069916,2.28358006,50.00000000
0,2023-02-18 06:00:00,6,209,-4.13000011,58.04999924,1.52979004,50.00000000
0,2023-02-18 06:00:00,6,210,-1.37860000,54.66429901,6.40114021,50.00000000
0,2023-02-18 06:00:00,6,211,-2.83010006,55.67060089,2.25106001,50.00000000
0,2023-02-18 06:00:00,6,212,-1.75950003,54.74380112,7.41447020,50.00000000
0,2023-02-18 06:00:00,6,213,-2.51620007,55.90069962,2.36655998,50.00000000
0,2023-02-18 06:00:00,6,216,-4.81160021,55.68460083,2.82090998,50.00000000
0,2023-02-18 06:00:00,6,217,-0.64260000,53.62699890,7.54090977,50.00000000
0,2023-02-18 06:00:00,6,220,1.66719997,52.71260071,8.14918995,50.00000000
0,2023-02-18 06:00:00,6,222,-3.60019994,52.54940033,8.75491047,50.00000000
0,2023-02-18 06:00:00,6,223,-5.55870008,55.63779831,3.75828004,50.00000000
0,2023-02-18 06:00:00,6,224,-1.30159998,54.69319916,6.09593010,50.00000000
0,2023-02-18 06:00:00,6,225,-1.68460000,54.84700012,7.22460985,50.00000000
0,2023-02-18 06:00:00,6,226,-3.57399988,54.59460068,8.59587955,50.00000000
0,2023-02-18 06:00:00,6,228,-5.09399986,54.87549973,5.26267004,50.00000000
0,2023-02-18 06:00:00,6,229,0.10190000,53.66880035,8.09587955,50.00000000
0,2023-02-18 06:00:00,6,230,-1.93770003,53.78160095,10.04296970,50.00000000
0,2023-02-18 06:00:00,6,231,-3.48000002,57.45000076,1.84203994,50.00000000
0,2023-02-18 06:00:00,6,232,-3.03180003,53.45809937,10.01177979,50.00000000
0,2023-02-18 06:00:00,6,233,-3.87879992,52.40940094,7.59855986,50.00000000
0,2023-02-18 06:00:00,6,234,-4.40939999,53.40719986,7.57043982,50.00000000
0,2023-02-18 06:00:00,6,235,-3.68330002,54.75000000,9.25701046,50.00000000
0,2023-02-18 06:00:00,6,237,-1.68789995,53.53789902,8.01873970,50.00000000
0,2023-02-18 06:00:00,6,238,1.78690004,52.64250183,9.53588009,50.00000000
0,2023-02-18 06:00:00,6,240,0.14810000,52.58000183,7.36053991,50.00000000
0,2023-02-18 06:00:00,6,242,-1.80239999,54.75830078,8.06215954,50.00000000
0,2023-02-18 06:00:00,6,243,-4.22370005,57.47790146,1.29773998,50.00000000
0,2023-02-18 06:00:00,6,244,-4.25890017,55.86370087,2.80350995,50.00000000
0,2023-02-18 06:00:00,6,245,-1.59700000,54.97700119,5.65061998,50.00000000
0,2023-02-18 06:00:00,6,246,-5.87699986,54.61299896,5.31100988,50.00000000
0,2023-02-18 06:00:00,6,247,-1.89649999,52.47969818,6.13252020,50.00000000
0,2023-02-18 06:00:00,6,248,-2.24110007,53.47629929,7.30288982,50.00000000
0,2023-02-18 06:00:00,6,249,-2.58969998,51.45370102,6.82335997,50.00000000
0,2023-02-18 06:00:00,6,250,-0.10800000,51.52099991,5.69717979,50.00000000
0,2023-02-18 06:00:00,6,251,-3.52999997,50.72190094,5.63235998,50.00000000
0,2023-02-18 06:00:00,6,253,-5.57800007,55.57120132,3.85260010,50.00000000
0,2023-02-18 06:00:00,6,254,-4.12430000,55.36460114,5.43057013,50.00000000
0,2023-02-18 06:00:00,6,255,-5.15689993,56.03179932,3.00326991,50.00000000
0,2023-02-18 06:00:00,6,256,-2.85150003,55.80599976,2.04733992,50.00000000
0,2023-02-18 06:00:00,6,257,-3.92059994,55.55459976,4.05667019,50.00000000
0,2023-02-18 06:00:00,6,258,-6.10340023,54.80599976,6.33054018,50.00000000
0,2023-02-18 06:00:00,6,259,-6.81820011,55.01739883,5.62654018,50.00000000
0,2023-02-18 06:00:00,6,260,-2.15479994,53.75030136,9.78176975,50.00000000
0,2023-02-18 06:00:00,6,261,-5.03380013,50.35200119,6.82278013,50.00000000
0,2023-02-18 06:00:00,6,262,-6.25629997,55.02989960,5.20734978,50.00000000
0,2023-02-18 06:00:00,6,263,-8.01469994,54.43849945,6.49317980,50.00000000
0,2023-02-18 06:00:00,6,264,-3.75149989,55.77000046,2.58675003,50.00000000
0,2023-02-18 06:00:00,6,265,-4.33220005,57.80170059,1.99316001,50.00000000
0,2023-02-18 06:00:00,6,266,-3.66350007,56.24489975,2.50404000,50.00000000
0,2023-02-18 06:00:00,6,267,0.15140000,52.58610153,7.36053991,50.00000000
0,2023-02-18 06:00:00,6,268,-4.24490023,55.68569946,2.94063997,50.00000000
0,2023-02-18 06:00:00,6,269,-4.05859995,55.22249985,4.28582001,50.00000000
0,2023-02-18 06:00:00,6,270,-7.98880005,54.70009995,7.20689011,50.00000000
0,2023-02-18 06:00:00,6,271,-3.41939998,52.45159912,7.62161016,50.00000000
0,2023-02-18 06:00:00,6,272,-5.27220011,56.38299942,3.50576997,50.00000000
0,2023-02-18 06:00:00,6,273,-6.45499992,57.42900085,2.54837990,50.00000000
0,2023-02-18 06:00:00,6,274,-3.44330001,58.29999924,1.85677004,50.00000000
0,2023-02-18 06:00:00,6,275,-2.63700008,57.66099930,2.22923994,50.00000000
0,2023-02-18 06:00:00,6,276,-4.06479979,56.26350021,3.04940009,50.00000000
0,2023-02-18 06:00:00,6,277,-3.37129998,57.53720093,1.56008005,50.00000000
0,2023-02-18 06:00:00,6,278,-3.45679998,58.42940140,2.06185007,50.00000000
0,2023-02-18 06:00:00,6,279,-3.75079989,52.40499878,9.52748013,50.00000000
0,2023-02-18 06:00:00,6,280,-3.65919995,55.18629837,4.15001011,50.00000000
0,2023-02-18 06:00:00,6,281,-3.35630012,56.67940140,1.73526001,50.00000000
0,2023-02-18 06:00:00,6,282,-4.10220003,56.07540131,3.31679010,50.00000000
0,2023-02-18 06:00:00,6,283,-4.09410000,57.32500076,2.45034003,50.00000000
0,2023-02-18 06:00:00,6,284,-2.64429998,57.41189957,1.82773995,50.00000000
0,2023-02-18 06:00:00,6,285,-4.72300005,55.24580002,4.51408005,50.00000000
0,2023-02-18 06:00:00,6,286,-2.69300008,57.45019913,1.55846000,50.00000000
0,2023-02-18 06:00:00,6,287,-3.21630001,55.11270142,5.50266981,50.00000000
0,2023-02-18 06:00:00,6,288,-2.68939996,59.18960190,3.27227998,50.00000000
0,2023-02-18 06:00:00,6,289,-5.67910004,55.49380112,3.13559008,50.00000000
0,2023-02-18 06:00:00,6,294,-7.02440023,54.96319962,6.25318003,50.00000000
0,2023-02-18 06:00:00,6,301,-7.61670017,54.15850067,6.52751017,50.00000000
0,2023-02-18 06:00:00,6,303,-7.11269999,54.50270081,6.45150995,50.00000000
0,2023-02-18 06:00:00,6,307,-4.88299990,57.71699905,2.00977993,50.00000000
0,2023-02-18 06:00:00,6,311,-4.02169991,52.30469894,7.80700016,50.00000000
0,2023-02-18 06:00:00,6,313,-1.41639996,54.76290131,6.90837002,50.00000000
0,2023-02-18 06:00:00,6,314,-3.17759991,54.18830109,7.97553015,50.00000000
0,2023-02-18 06:00:00,6,315,-3.13240004,55.71070099,2.68560004,50.00000000
0,2023-02-18 06:00:00,6,316,-3.55520010,54.65560150,7.15766001,50.00000000
0,2023-02-18 06:00:00,6,317,-3.54299998,54.67480087,9.18517971,50.00000000
0,2023-02-18 06:00:00,6,341,-1.43350005,54.83179855,6.21992016,50.00000000
0,2023-02-18 06:00:00,6,342,-1.44140005,54.77590179,6.58514023,50.00000000
0,2023-02-18 06:00:00,6,343,-1.37629998,54.66680145,6.40114021,50.00000000
0,2023-02-18 06:00:00,6,344,-3.38019991,55.15470123,4.45167017,50.00000000
0,2023-02-18 06:00:00,6,348,1.13999999,51.45000076,9.36015034,50.00000000
0,2023-02-18 06:00:00,6,349,0.95969999,50.91339874,10.42016029,50.00000000
0,2023-02-18 06:00:00,6,350,-1.18110001,54.63550186,5.62798977,50.00000000
0,2023-02-18 06:00:00,6,351,-2.91779995,54.03049850,10.25553989,50.00000000
0,2023-02-18 06:00:00,6,352,-3.13170004,51.20709991,8.98803997,50.00000000
0,2023-02-18 06:00:00,6,353,-4.89650011,55.72019958,2.64719009,50.00000000
0,2023-02-18 06:00:00,6,355,-2.40799999,55.96799850,2.72597003,50.00000000
0,2023-02-18 06:00:00,6,356,-0.23029999,52.93460083,7.13774014,50.00000000
0,2023-02-18 06:00:00,6,357,-3.67389989,52.63790131,6.99455023,50.00000000
0,2023-02-18 06:00:00,6,358,-4.54589987,50.64799881,7.09503984,50.00000000
0,2023-02-18 06:00:00,6,359,-3.07850003,54.87300110,7.50300980,50.00000000
0,2023-02-18 06:00:00,6,362,-1.68799996,54.82049942,7.20282984,50.00000000
0,2023-02-18 06:00:00,6,363,-0.92379999,53.72679901,6.91080999,50.00000000
0,2023-02-18 06:00:00,6,364,-1.44180000,54.71879959,6.62749004,50.00000000
0,2023-02-18 06:00:00,6,365,-3.50189996,54.63090134,7.03552008,50.00000000
0,2023-02-18 06:00:00,6,366,-1.48969996,55.13499832,6.27278996,50.00000000
0,2023-02-18 06:00:00,6,368,-3.68630004,58.60409927,2.66936994,50.00000000
0,2023-02-18 06:00:00,6,383,-3.50000000,54.42100143,6.66315985,50.00000000
0,2023-02-18 06:00:00,6,384,-2.20099998,51.86159897,6.65454006,50.00000000
0,2023-02-18 06:00:00,6,385,-1.61940002,52.50809860,6.78352022,50.00000000
0,2023-02-18 06:00:00,6,386,-1.20459998,53.70529938,6.65632010,50.00000000
0,2023-02-18 06:00:00,6,387,-1.04920006,53.20059967,5.06676006,50.00000000
0,2023-02-18 06:00:00,6,388,-1.13220000,53.22650146,5.21863985,50.00000000
0,2023-02-18 06:00:00,6,389,-1.06110001,53.41370010,5.95386982,50.00000000
0,2023-02-18 06:00:00,6,390,-1.64900005,55.24000168,4.51388979,50.00000000
0,2023-02-18 06:00:00,6,391,-2.44700003,53.53200150,8.62314987,50.00000000
0,2023-02-18 06:00:00,6,392,-1.38499999,52.99800110,6.11224985,50.00000000
0,2023-02-18 06:00:00,6,393,-1.38150001,52.69350052,7.13636017,50.00000000
0,2023-02-18 06:00:00,6,394,-1.69079995,53.27330017,7.82502985,50.00000000
0,2023-02-18 06:00:00,6,395,-3.89590001,55.52199936,4.00006008,50.00000000
0,2023-02-18 06:00:00,6,396,-3.82640004,55.61240005,2.92217994,50.00000000
0,2023-02-18 06:00:00,6,397,-3.89479995,55.52209854,4.00006008,50.00000000
0,2023-02-18 06:00:00,6,398,-4.28299999,55.37829971,4.61035013,50.00000000
0,2023-02-18 06:00:00,6,399,-4.40899992,55.45380020,4.20652008,50.00000000
0,2023-02-18 06:00:00,6,400,-4.37659979,55.33319855,4.68193007,50.00000000
0,2023-02-18 06:00:00,6,401,-3.83699989,55.59299850,2.92629004,50.00000000
0,2023-02-18 06:00:00,6,402,-3.15319991,55.82630157,2.10402012,50.00000000
0,2023-02-18 06:00:00,6,403,-3.98690009,55.54079819,4.45440006,50.00000000
0,2023-02-18 06:00:00,6,404,-3.41310000,56.11669922,2.44601989,50.00000000
0,2023-02-18 06:00:00,6,405,-3.88870001,51.69390106,7.03203011,50.00000000
0,2023-02-18 06:00:00,6,406,-3.61350012,51.73149872,7.36025000,50.00000000
0,2023-02-18 06:00:00,6,407,-4.01020002,50.40959930,6.08507013,50.00000000
0,2023-02-18 06:00:00,6,408,-0.82160002,54.55619812,7.44144011,50.00000000
0,2023-02-18 06:00:00,6,409,-7.38000011,54.59000015,6.13218021,50.00000000
0,2023-02-18 06:00:00,6,414,-0.19820000,53.94789886,8.54889965,50.00000000
0,2023-02-18 06:00:00,6,415,-0.08600000,53.81370163,7.79903984,50.00000000
0,2023-02-18 06:00:00,6,416,-4.87260008,55.07630157,4.70627022,50.00000000
0,2023-02-18 06:00:00,6,417,-1.55980003,55.20460129,4.96229982,50.00000000
0,2023-02-18 06:00:00,6,418,-3.27060008,58.40819931,1.98055005,50.00000000
0,2023-02-18 06:00:00,6,419,-4.96029997,50.47219849,6.89519978,50.00000000
0,2023-02-18 06:00:00,6,420,-3.14569998,59.11489868,2.39658999,50.00000000
0,2023-02-18 06:00:00,6,421,-3.66300011,51.68000031,7.61334991,50.00000000
0,2023-02-18 06:00:00,6,422,0.80350000,50.96009827,7.01012993,50.00000000
0,2023-02-18 06:00:00,6,423,-4.43359995,53.36220169,7.25238991,50.00000000
0,2023-02-18 06:00:00,6,424,-3.65070009,53.38109970,10.14898014,50.00000000
0,2023-02-18 06:00:00,6,425,-4.20289993,55.29380035,4.94097996,50.00000000
0,2023-02-18 06:00:00,6,426,6.47489977,48.84550095,7.13085985,50.00000000
0,2023-02-18 06:00:00,6,427,3.81089997,49.70009995,6.25004005,50.00000000
0,2023-02-18 06:00:00,6,428,4.04440022,49.67839813,6.40012980,50.00000000
0,2023-02-18 06:00:00,6,429,-2.04719996,46.94929886,2.78635001,50.00000000
0,2023-02-18 06:00:00,6,430,6.51420021,49.17070007,7.55480003,50.00000000
0,2023-02-18 06:00:00,6,431,0.93580002,49.81209946,7.29732990,50.00000000
0,2023-02-18 06:00:00,6,432,2.29320002,49.65430069,6.75257015,50.00000000
0,2023-02-18 06:00:00,6,433,1.49689996,49.83990097,7.05773020,50.00000000
0,2023-02-18 06:00:00,6,434,-4.13329983,48.18000031,5.06904984,50.00000000
0,2023-02-18 06:00:00,6,436,4.19469976,48.89419937,5.72705984,50.00000000
0,2023-02-18 06:00:00,6,437,-1.45039999,46.41979980,2.32988000,50.00000000
0,2023-02-18 06:00:00,6,438,2.06870008,47.00569916,4.34477997,50.00000000
0,2023-02-18 06:00:00,6,439,1.32939994,47.92919922,4.94319010,50.00000000
0,2023-02-18 06:00:00,6,440,2.05049992,49.58900070,6.96611023,50.00000000
0,2023-02-18 06:00:00,6,441,1.25479996,49.95180130,7.38928986,50.00000000
0,2023-02-18 06:00:00,6,442,-2.41429996,48.42150116,4.46113014,50.00000000
0,2023-02-18 06:00:00,6,443,5.43900013,48.69789886,7.35149002,50.00000000
0,2023-02-18 06:00:00,6,444,1.90779996,48.16149902,5.40968990,50.00000000
0,2023-02-18 06:00:00,6,445,0.10980000,45.81760025,1.53416002,50.00000000
0,2023-02-18 06:00:00,6,446,-0.93300003,53.61700058,6.80377007,50.00000000
0,2023-02-18 06:00:00,6,447,-4.13570023,51.68339920,7.19318008,50.00000000
0,2023-02-18 06:00:00,6,448,-3.56620002,51.70320129,8.91740990,50.00000000
0,2023-02-18 06:00:00,6,449,-4.96439981,51.79320145,7.70499992,50.00000000
0,2023-02-18 06:00:00,6,450,-3.33859992,53.04109955,6.40176010,50.00000000
0,2023-02-18 06:00:00,6,451,-4.18260002,53.20959854,7.26673985,50.00000000
0,2023-02-18 06:00:00,6,452,-5.21799994,56.21889877,3.36067009,50.00000000
0,2023-02-18 06:00:00,6,454,10.27099991,52.17499924,9.69874954,50.00000000
0,2023-02-18 06:00:00,6,455,10.36400032,52.61700058,8.89659977,50.00000000
0,2023-02-18 06:00:00,6,456,9.50000000,53.12599945,8.41337013,50.00000000
0,2023-02-18 06:00:00,6,458,-2.25699997,55.90480042,2.64980006,50.00000000
0,2023-02-18 06:00:00,6,459,-0.47999999,52.24000168,7.14523983,50.00000000
0,2023-02-18 06:00:00,6,460,1.28999996,52.06000137,7.71359015,50.00000000
0,2023-02-18 06:00:00,6,461,-1.40999997,51.11000061,5.85048008,50.00000000
0,2023-02-18 06:00:00,6,462,-1.25999999,51.06000137,5.65112019,50.00000000
0,2023-02-18 06:00:00,6,463,-0.57999998,51.61000061,6.17994022,50.00000000
0,2023-02-18 06:00:00,6,464,-4.28809977,55.86090088,2.70181990,50.00000000
0,2023-02-18 06:00:00,6,465,-4.29379988,55.85829926,2.70181990,50.00000000
0,2023-02-18 06:00:00,6,466,-3.75900006,56.57569885,2.39244008,50.00000000
0,2023-02-18 06:00:00,6,467,-3.61109996,55.39619827,3.87600994,50.00000000
0,2023-02-18 06:00:00,6,468,-7.85160017,54.86640167,6.90996981,50.00000000
0,2023-02-18 06:00:00,6,470,-2.64910007,57.66510010,2.22923994,50.00000000
0,2023-02-18 06:00:00,6,471,-6.46540022,57.43920135,2.49763989,50.00000000
0,2023-02-18 06:00:00,6,472,-3.23740005,58.46020126,2.09963012,50.00000000
0,2023-02-18 06:00:00,6,473,-4.43860006,57.71549988,1.53474998,50.00000000
0,2023-02-18 06:00:00,6,474,-5.28240013,56.37990189,3.50576997,50.00000000
0,2023-02-18 06:00:00,6,475,-3.43059993,56.30619812,2.09197998,50.00000000
0,2023-02-18 06:00:00,6,476,-3.35840011,54.85810089,8.03859043,50.00000000
0,2023-02-18 06:00:00,6,477,-1.79799998,54.75510025,7.74006987,50.00000000
0,2023-02-18 06:00:00,6,478,-2.63840008,54.33369827,7.13907003,50.00000000
0,2023-02-18 06:00:00,6,479,-3.13649988,54.24710083,6.98651981,50.00000000
0,2023-02-18 06:00:00,6,480,-1.91509998,54.88249969,7.55209017,50.00000000
0,2023-02-18 06:00:00,6,481,0.23379999,53.14410019,7.28844976,50.00000000
0,2023-02-18 06:00:00,6,482,-4.34060001,53.37670135,7.32695007,50.00000000
0,2023-02-18 06:00:00,6,483,-3.57870007,52.36249924,8.75932980,50.00000000
0,2023-02-18 06:00:00,6,484,-2.28819990,53.76509857,8.82129002,50.00000000
0,2023-02-18 06:00:00,6,485,-1.64760005,53.99679947,5.60484982,50.00000000
0,2023-02-18 06:00:00,6,486,-3.96650004,52.46369934,7.10285997,50.00000000
0,2023-02-18 06:00:00,6,487,-3.47440004,51.56449890,7.58925009,50.00000000
0,2023-02-18 06:00:00,6,488,-1.14010000,53.11690140,6.02020979,50.00000000
0,2023-02-18 06:00:00,6,489,-3.44799995,55.53939819,3.94002008,50.00000000
0,2023-02-18 06:00:00,6,490,-0.28230000,54.00439835,7.40710020,50.00000000
0,2023-02-18 06:00:00,6,491,-3.43510008,52.58229828,8.28240013,50.00000000
0,2023-02-18 06:00:00,6,492,-1.25430000,54.49110031,6.26933002,50.00000000
0,2023-02-18 06:00:00,6,493,-1.17799997,52.50049973,6.79227018,50.00000000
0,2023-02-18 06:00:00,6,494,-2.11400008,57.31549835,2.10282993,50.00000000
0,2023-02-18 06:00:00,6,501,-1.46959996,53.38240051,4.99594021,50.00000000
0,2023-02-18 06:00:00,6,503,-3.57419991,55.23899841,4.22476006,50.00000000
0,2023-02-18 06:00:00,6,504,-2.08780003,57.18610001,2.04239988,50.00000000
0,2023-02-18 06:00:00,6,505,10.09119987,53.67350006,2.95549989,50.00000000
0,2023-02-18 06:00:00,6,508,6.78840017,53.45159912,13.77285004,50.00000000
0,2023-02-18 06:00:00,6,509,4.38399982,51.66550064,8.95042038,50.00000000
0,2023-02-18 06:00:00,6,513,-2.24799991,53.66199875,8.77639008,50.00000000
0,2023-02-18 06:00:00,6,514,-3.48399997,53.10900116,5.83979988,50.00000000
0,2023-02-18 06:00:00,6,515,-3.94280005,55.70169830,2.55571008,50.00000000
0,2023-02-18 06:00:00,6,516,-3.51239991,51.69110107,8.70388031,50.00000000
0,2023-02-18 06:00:00,6,517,-2.57739997,57.62689972,2.00933003,50.00000000
0,2023-02-18 06:00:00,6,518,-9.38189983,51.62979889,8.14708996,50.00000000
0,2023-02-18 06:00:00,6,519,-4.22970009,55.77059937,2.52981997,50.00000000
0,2023-02-18 06:00:00,6,520,-1.89760005,54.91260147,6.84016991,50.00000000
0,2023-02-18 06:00:00,6,521,-0.09800000,52.51100159,7.23682022,50.00000000
0,2023-02-18 06:00:00,6,522,-1.76830006,54.76470184,7.27938986,50.00000000
0,2023-02-18 06:00:00,6,523,-2.00850010,55.15710068,6.08031988,50.00000000
0,2023-02-18 06:00:00,6,531,-2.91589999,54.02780151,10.34165001,50.00000000
0,2023-02-18 06:00:00,6,532,1.61889994,52.21179962,9.20051956,50.00000000
0,2023-02-18 06:00:00,6,533,0.96399999,50.91339874,10.42016029,50.00000000
0,2023-02-18 06:00:00,6,534,-1.71980000,52.45389938,6.50290012,50.00000000
0,2023-02-18 06:00:00,6,537,-2.78629994,53.88859940,8.02470970,50.00000000
0,2023-02-18 06:00:00,6,538,-6.55240011,52.62210083,5.29125023,50.00000000
0,2023-02-18 06:00:00,6,539,-9.15820026,52.10770035,8.37899971,50.00000000
0,2023-02-18 06:00:00,6,540,-8.93789959,51.81169891,7.94156981,50.00000000
0,2023-02-18 06:00:00,6,541,-3.07879996,55.18420029,5.11659002,50.00000000
0,2023-02-18 06:00:00,6,542,-3.12350011,58.43700027,2.26902008,50.00000000
0,2023-02-18 06:00:00,6,543,-3.45910001,52.92229843,6.78247023,50.00000000
0,2023-02-18 06:00:00,6,545,7.65829992,49.96879959,9.01294994,50.00000000
0,2023-02-18 06:00:00,6,553,-2.61139989,55.96500015,2.55359006,50.00000000
0,2023-02-18 06:00:00,6,554,-3.78160000,55.86650085,2.88138008,50.00000000
0,2023-02-18 06:00:00,6,555,-1.55400002,55.11149979,5.13226986,50.00000000
0,2023-02-18 06:00:00,6,556,-1.02670002,53.07249832,5.93552017,50.00000000
0,2023-02-18 06:00:00,6,557,-1.26220000,52.62960052,6.89927006,50.00000000
0,2023-02-18 06:00:00,6,558,-1.09909999,52.29539871,6.68067980,50.00000000
0,2023-02-18 06:00:00,6,559,0.13020000,53.23989868,6.99200010,50.00000000
0,2023-02-18 06:00:00,6,560,1.48810005,52.29629898,7.95384979,50.00000000
0,2023-02-18 06:00:00,6,561,-5.15780020,50.28260040,7.36264992,50.00000000
0,2023-02-18 06:00:00,6,562,-0.52859998,54.15100098,7.88580990,50.00000000
0,2023-02-18 06:00:00,6,563,-1.33109999,53.61569977,6.63835001,50.00000000
0,2023-02-18 06:00:00,6,564,-1.75940001,55.49969864,3.17445993,50.00000000
0,2023-02-18 06:00:00,6,565,0.91769999,51.71799850,8.25131035,50.00000000
0,2023-02-18 06:00:00,6,566,-0.86699998,53.66770172,6.99982023,50.00000000
0,2023-02-18 06:00:00,6,567,-3.47399998,52.95550156,7.17535019,50.00000000
0,2023-02-18 06:00:00,6,568,-0.02360000,52.53390121,7.27531004,50.00000000
0,2023-02-18 06:00:00,6,569,-5.20289993,50.04479980,7.06334019,50.00000000
0,2023-02-18 06:00:00,6,570,-4.38700008,50.49850082,5.81767988,50.00000000
0,2023-02-18 06:00:00,6,571,-1.43869996,54.77970123,6.52444983,50.00000000
0,2023-02-18 06:00:00,6,572,-3.16939998,54.77379990,7.71014023,50.00000000
0,2023-02-18 06:00:00,6,573,-1.41540003,54.83050156,6.56075001,50.00000000
0,2023-02-18 06:00:00,6,574,-1.23800004,53.31159973,5.72699022,50.00000000
0,2023-02-18 06:00:00,6,575,-2.84759998,53.89820099,8.36983013,50.00000000
0,2023-02-18 06:00:00,6,576,-0.12070000,52.46210098,7.18577003,50.00000000
0,2023-02-18 06:00:00,6,577,-5.14060020,50.17559814,6.57413006,50.00000000
0,2023-02-18 06:00:00,6,578,-0.60329998,53.84799957,7.64923000,50.00000000
0,2023-02-18 06:00:00,6,579,-1.40680003,54.83259964,6.38780022,50.00000000
0,2023-02-18 06:00:00,6,580,-4.86259985,50.47930145,6.73133993,50.00000000
0,2023-02-18 06:00:00,6,581,-0.17160000,52.55659866,7.00543022,50.00000000
0,2023-02-18 06:00:00,6,582,1.12559998,52.33349991,7.89086008,50.00000000
0,2023-02-18 06:00:00,6,583,-4.16900015,58.51559830,2.05680990,50.00000000
0,2023-02-18 06:00:00,6,584,-9.24090004,53.28689957,7.98209000,50.00000000
0,2023-02-18 06:00:00,6,599,-0.75239998,53.60390091,7.25179005,50.00000000
0,2023-02-18 06:00:00,6,600,-7.10750008,53.99940109,7.19850016,50.00000000
0,2023-02-18 06:00:00,6,601,-9.12129974,52.40119934,9.67197990,50.00000000
0,2023-02-18 06:00:00,6,602,-0.85299999,53.11800003,6.18290997,50.00000000
0,2023-02-18 06:00:00,6,603,-0.83730000,53.17060089,6.22790003,50.00000000
0,2023-02-18 06:00:00,6,604,-0.52700001,53.99390030,7.37085009,50.00000000
0,2023-02-18 06:00:00,6,605,-0.16450000,53.86849976,7.81606007,50.00000000
0,2023-02-18 06:00:00,6,606,-0.16689999,53.56069946,7.83692980,50.00000000
0,2023-02-18 06:00:00,6,607,-1.06060004,53.08919907,5.72780991,50.00000000
0,2023-02-18 06:00:00,6,608,-0.78869998,53.84889984,6.87741995,50.00000000
0,2023-02-18 06:00:00,6,609,-0.77130002,53.75770187,7.25333977,50.00000000
0,2023-02-18 06:00:00,6,610,-0.80629998,53.81200027,7.03472996,50.00000000
0,2023-02-18 06:00:00,6,611,-1.37450004,54.79449844,6.99275017,50.00000000
0,2023-02-18 06:00:00,6,612,-1.61629999,54.55540085,6.32172012,50.00000000
0,2023-02-18 06:00:00,6,613,-1.74839997,54.84970093,7.22720003,50.00000000
0,2023-02-18 06:00:00,6,614,-6.04860020,54.82949829,6.55806017,50.00000000
0,2023-02-18 06:00:00,6,615,-3.97930002,55.66830063,2.93630004,50.00000000
0,2023-02-18 06:00:00,6,616,-3.65459991,55.78350067,2.62157011,50.00000000
0,2023-02-18 06:00:00,6,617,-3.89890003,55.91859818,3.13654995,50.00000000
0,2023-02-18 06:00:00,6,618,-2.95760012,56.38629913,2.10397005,50.00000000
0,2023-02-18 06:00:00,6,619,-3.98469996,55.66609955,2.93630004,50.00000000
0,2023-02-18 06:00:00,6,620,-4.61049986,50.68650055,7.07550001,50.00000000
0,2023-02-18 06:00:00,6,621,-4.69540024,50.47900009,6.01738024,50.00000000
0,2023-02-18 06:00:00,6,622,-4.44939995,50.43600082,6.08268976,50.00000000
0,2023-02-18 06:00:00,6,623,-4.40500021,50.82910156,6.79040003,50.00000000
0,2023-02-18 06:00:00,6,624,-4.34740019,50.85219955,6.99989986,50.00000000
0,2023-02-18 06:00:00,6,625,-4.36770010,50.39989853,5.57230997,50.00000000
0,2023-02-18 06:00:00,6,626,-5.00780010,51.72380066,7.97137022,50.00000000
0,2023-02-18 06:00:00,6,627,-5.05819988,51.72520065,8.08043003,50.00000000
0,2023-02-18 06:00:00,6,628,-3.33520007,51.77149963,7.69238997,50.00000000
0,2023-02-18 06:00:00,6,629,-1.25109994,52.47409821,6.84137011,50.00000000
0,2023-02-18 06:00:00,6,630,0.19589999,51.47900009,6.63586998,50.00000000
0,2023-02-18 06:00:00,6,631,-0.14749999,52.29809952,7.52524996,50.00000000
0,2023-02-18 06:00:00,6,632,-1.27719998,52.17890167,6.82461977,50.00000000
0,2023-02-18 06:00:00,6,633,9.97739983,53.56019974,4.30003023,50.00000000
0,2023-02-18 06:00:00,6,634,-3.28299999,53.98300171,10.65703964,50.00000000
0,2023-02-18 06:00:00,6,635,-4.53299999,53.25000000,7.63004017,50.00000000
0,2023-02-18 06:00:00,6,636,1.88300002,51.93000031,10.68920040,50.00000000
0,2023-02-18 06:00:00,6,637,0.43610001,53.12749863,8.45683002,50.00000000
0,2023-02-18 06:00:00,6,638,-2.98609996,53.17449951,6.59431982,50.00000000
0,2023-02-18 06:00:00,6,639,-2.57579994,51.52140045,7.03542995,50.00000000
0,2023-02-18 06:00:00,6,640,-1.53149998,54.29679871,5.70176983,50.00000000
0,2023-02-18 06:00:00,6,641,-3.40000010,51.40999985,8.08584023,50.00000000
0,2023-02-18 06:00:00,6,642,-5.28240013,56.37990189,3.50576997,50.00000000
0,2023-02-18 06:00:00,6,643,-4.45749998,57.72290039,1.53474998,50.00000000
0,2023-02-18 06:00:00,6,644,-4.17030001,55.28559875,5.47489023,50.00000000
0,2023-02-18 06:00:00,6,645,-4.74550009,55.24089813,4.51408005,50.00000000
0,2023-02-18 06:00:00,6,646,-4.13780022,55.57619858,4.04148006,50.00000000
0,2023-02-18 06:00:00,6,647,-0.24969999,52.06000137,6.90611982,50.00000000
0,2023-02-18 06:00:00,6,648,-6.82639980,55.10089874,5.71588993,50.00000000
0,2023-02-18 06:00:00,6,649,0.73439997,52.62860107,7.55507994,50.00000000
0,2023-02-18 06:00:00,6,650,1.11099994,52.69160080,7.45494986,50.00000000
0,2023-02-18 06:00:00,6,651,-3.86730003,56.03099823,2.49238992,50.00000000
0,2023-02-18 06:00:00,6,652,-3.73720002,55.87189865,2.79052997,50.00000000
0,2023-02-18 06:00:00,6,653,7.98859978,50.41059875,7.04981995,50.00000000
0,2023-02-18 06:00:00,6,654,8.79790020,53.43439865,8.91327953,50.00000000
0,2023-02-18 06:00:00,6,656,-4.77740002,54.90499878,4.64597988,50.00000000
0,2023-02-18 06:00:00,6,660,-7.25880003,54.91419983,6.69925022,50.00000000
0,2023-02-18 06:00:00,6,661,4.41900015,52.60599899,12.40641022,50.00000000
0,2023-02-18 06:00:00,6,662,2.96900010,51.55599976,12.55729961,50.00000000
0,2023-02-18 06:00:00,6,663,4.23099995,51.51300049,8.90287018,50.00000000
0,2023-02-18 06:00:00,6,664,4.36339998,51.23199844,6.90860987,50.00000000
0,2023-02-18 06:00:00,6,665,-2.02889991,55.63339996,2.75249004,50.00000000
0,2023-02-18 06:00:00,6,666,-1.16610003,54.59099960,5.55320978,50.00000000
0,2023-02-18 06:00:00,6,667,-2.99119997,53.39709854,8.57507038,50.00000000
0,2023-02-18 06:00:00,6,668,9.27079964,54.74729919,3.10817003,50.00000000
0,2023-02-18 06:00:00,6,669,9.49880028,54.11940002,2.88606000,50.00000000
0,2023-02-18 06:00:00,6,670,9.45499992,54.38510132,2.73269010,50.00000000
0,2023-02-18 06:00:00,6,671,2.28909993,48.83190155,4.62950993,50.00000000
0,2023-02-18 06:00:00,6,672,-6.22730017,54.87889862,4.99084997,50.00000000
0,2023-02-18 06:00:00,6,673,0.23840000,53.31999969,7.47198009,50.00000000
0,2023-02-18 06:00:00,6,674,-2.71289992,51.50870132,7.11419010,50.00000000
0,2023-02-18 06:00:00,6,675,-3.10220003,51.50579834,7.10752010,50.00000000
0,2023-02-18 06:00:00,6,676,0.16480000,51.51599884,6.64309978,50.00000000
0,2023-02-18 06:00:00,6,677,-1.03460002,52.80879974,7.13723993,50.00000000
0,2023-02-18 06:00:00,6,678,-2.89829993,56.48519897,2.07867002,50.00000000
0,2023-02-18 06:00:00,6,679,-4.16559982,55.73749924,2.66639996,50.00000000
0,2023-02-18 06:00:00,6,680,0.08340000,53.43299866,7.59785986,50.00000000
0,2023-02-18 06:00:00,6,681,-4.27379990,50.92399979,6.37768984,50.00000000
0,2023-02-18 06:00:00,6,682,-0.98559999,51.41870117,6.20241022,50.00000000
0,2023-02-18 06:00:00,6,683,-2.26780009,51.70209885,6.85395002,50.00000000
0,2023-02-18 06:00:00,6,684,-2.58240008,51.25450134,7.91887999,50.00000000
0,2023-02-18 06:00:00,6,685,1.65439999,52.70999908,8.05939007,50.00000000
0,2023-02-18 06:00:00,6,686,0.68339998,52.65679932,7.61282015,50.00000000
0,2023-02-18 06:00:00,6,687,-1.08829999,53.29539871,5.15118980,50.00000000
0,2023-02-18 06:00:00,6,688,-1.96519995,51.71490097,6.85157013,50.00000000
0,2023-02-18 06:00:00,6,689,-0.16960000,51.15340042,5.62402010,50.00000000
0,2023-02-18 06:00:00,6,690,-0.61919999,51.18209839,5.22933006,50.00000000
0,2023-02-18 06:00:00,6,691,-0.20020001,51.79690170,6.70617008,50.00000000
0,2023-02-18 06:00:00,6,692,-0.23980001,51.52460098,5.77723980,50.00000000
0,2023-02-18 06:00:00,6,693,-0.05280000,51.47980118,5.82733011,50.00000000
0,2023-02-18 06:00:00,6,694,-1.33910000,52.06330109,6.60795021,50.00000000
0,2023-02-18 06:00:00,6,695,-1.23800004,51.74980164,6.47173023,50.00000000
0,2023-02-18 06:00:00,6,696,-0.97369999,51.45370102,6.21171999,50.00000000
0,2023-02-18 06:00:00,6,697,-1.73389995,51.41830063,7.12648010,50.00000000
0,2023-02-18 06:00:00,6,698,-0.81169999,51.81549835,7.01831007,50.00000000
0,2023-02-18 06:00:00,6,699,-1.09119999,51.26490021,6.45571995,50.00000000
0,2023-02-18 06:00:00,6,700,-1.72220004,51.92729950,7.12755013,50.00000000
0,2023-02-18 06:00:00,6,701,-0.08010000,51.65290070,5.98596001,50.00000000
0,2023-02-18 06:00:00,6,702,0.15400000,51.86380005,7.49209023,50.00000000
0,2023-02-18 06:00:00,6,703,-0.19210000,51.45500183,5.79751015,50.00000000
0,2023-02-18 06:00:00,6,704,-0.00120000,51.54100037,5.76375008,50.00000000
0,2023-02-18 06:00:00,6,705,0.09630000,51.37110138,6.33444023,50.00000000
0,2023-02-18 06:00:00,6,706,-0.48690000,51.37469864,5.61920977,50.00000000
0,2023-02-18 06:00:00,6,707,-0.55620003,51.59320068,6.01547003,50.00000000
0,2023-02-18 06:00:00,6,708,-4.21579981,55.31679916,5.03680992,50.00000000
0,2023-02-18 06:00:00,6,709,-0.23330000,53.73740005,7.51105022,50.00000000
0,2023-02-18 06:00:00,6,710,-2.30890012,53.23659897,7.33876991,50.00000000
0,2023-02-18 06:00:00,6,711,0.03740000,52.16699982,7.44332981,50.00000000
0,2023-02-18 06:00:00,6,712,-1.09249997,53.59080124,6.45282984,50.00000000
0,2023-02-18 06:00:00,6,713,-3.37910008,54.75249863,7.62337017,50.00000000
0,2023-02-18 06:00:00,6,714,-1.16120005,52.38130188,6.62950993,50.00000000
0,2023-02-18 06:00:00,6,715,8.79790020,53.43439865,8.91327953,50.00000000
0,2023-02-18 06:00:00,6,717,9.27079964,54.74729919,3.10817003,50.00000000
0,2023-02-18 06:00:00,6,718,9.49880028,54.11940002,2.88606000,50.00000000
0,2023-02-18 06:00:00,6,719,9.45499992,54.38510132,2.73269010,50.00000000
0,2023-02-18 06:00:00,6,720,0.29300001,53.64400101,8.98859024,50.00000000
0,2023-02-18 06:00:00,6,721,-4.25000000,55.84899902,2.80350995,50.00000000
0,2023-02-18 06:00:00,6,722,-0.21170001,51.48749924,5.79009008,50.00000000
0,2023-02-18 06:00:00,6,723,-3.36899996,55.94110107,2.64910007,50.00000000
0,2023-02-18 06:00:00,6,724,0.00850000,51.76179886,6.72195005,50.00000000
0,2023-02-18 06:00:00,6,725,-0.22890000,50.82920074,6.05885983,50.00000000
0,2023-02-18 06:00:00,6,726,-0.10610000,50.81169891,9.49116039,50.00000000
0,2023-02-18 06:00:00,6,727,0.00970000,51.49729919,5.87104988,50.00000000
0,2023-02-18 06:00:00,6,728,-0.19560000,52.55099869,6.95047998,50.00000000
0,2023-02-18 06:00:00,6,729,-3.18829989,55.95330048,2.51768994,50.00000000
0,2023-02-18 06:00:00,6,730,-4.94430017,58.27909851,1.62795997,50.00000000
0,2023-02-18 06:00:00,6,731,-4.99009991,56.98339844,2.96058011,50.00000000
0,2023-02-18 06:00:00,6,732,-4.41639996,57.18410110,1.68089998,50.00000000
0,2023-02-18 06:00:00,6,733,-5.49510002,56.68759918,3.49411988,50.00000000
0,2023-02-18 06:00:00,6,734,-3.69169998,53.45080185,10.32491016,50.00000000
0,2023-02-18 06:00:00,6,735,-3.46210003,53.35210037,9.97706032,50.00000000
0,2023-02-18 06:00:00,6,736,9.98610020,53.56079865,4.30003023,50.00000000
0,2023-02-18 06:00:00,6,737,9.99110031,53.63029861,3.48453999,50.00000000
0,2023-02-18 06:00:00,6,738,-3.69709992,51.66019821,7.36995983,50.00000000
0,2023-02-18 06:00:00,6,739,-3.60019994,51.67219925,8.65087032,50.00000000
0,2023-02-18 06:00:00,6,740,-2.14170003,53.70199966,10.04872036,50.00000000
0,2023-02-18 06:00:00,6,741,-2.05180001,53.80059814,10.36287975,50.00000000
0,2023-02-18 06:00:00,6,742,-2.01370001,53.74179840,9.66481972,50.00000000
0,2023-02-18 06:00:00,6,743,-1.78639996,53.70119858,7.35272980,50.00000000
0,2023-02-18 06:00:00,6,744,-1.92019999,53.79399872,9.80121040,50.00000000
0,2023-02-18 06:00:00,6,745,-1.90799999,53.77700043,9.41769028,50.00000000
0,2023-02-18 06:00:00,6,746,-2.98000002,58.99750137,2.27041006,50.00000000
0,2023-02-18 06:00:00,6,747,-4.34469986,57.80709839,1.86055005,50.00000000
0,2023-02-18 06:00:00,6,748,-6.51539993,58.23249817,1.78235996,50.00000000
0,2023-02-18 06:00:00,6,749,-2.00130010,57.61529922,2.50897002,50.00000000
0,2023-02-18 06:00:00,6,750,-6.18599987,55.68960190,3.02769995,50.00000000
0,2023-02-18 06:00:00,6,751,-4.44350004,55.76620102,2.87876010,50.00000000
0,2023-02-18 06:00:00,6,752,-0.94160002,54.54449844,6.88286018,50.00000000
0,2023-02-18 06:00:00,6,753,-1.07410002,52.79980087,6.98222017,50.00000000
0,2023-02-18 06:00:00,6,754,-4.52110004,51.75809860,6.95349979,50.00000000
0,2023-02-18 06:00:00,6,755,-4.70389986,50.63779831,6.72817993,50.00000000
0,2023-02-18 06:00:00,6,756,-3.66910005,58.56570053,2.44370008,50.00000000
0,2023-02-18 06:00:00,6,757,-4.23290014,51.97809982,5.90692997,50.00000000
0,2023-02-18 06:00:00,6,758,-3.55180001,57.48410034,1.68236995,50.00000000
0,2023-02-18 06:00:00,6,759,-3.83550000,55.50839996,3.59490991,50.00000000
0,2023-02-18 06:00:00,6,760,9.64319992,50.32720184,7.39012003,50.00000000
0,2023-02-18 06:00:00,6,761,8.13059998,49.62099838,9.64132023,50.00000000
0,2023-02-18 06:00:00,6,763,-3.62389994,53.43730164,10.17875957,50.00000000
0,2023-02-18 06:00:00,6,764,-3.54069996,53.46569824,10.21067047,50.00000000
0,2023-02-18 06:00:00,6,765,8.16810036,53.83509827,11.95915985,50.00000000
0,2023-02-18 06:00:00,6,766,5.87200022,54.31800079,9.05233002,50.00000000
0,2023-02-18 06:00:00,6,768,-1.46070004,51.21569824,5.78929996,50.00000000
0,2023-02-18 06:00:00,6,769,-2.68740010,51.50320053,7.11419010,50.00000000
0,2023-02-18 06:00:00,6,770,-0.18990000,51.13610077,5.42129993,50.00000000
0,2023-02-18 06:00:00,6,771,0.14399999,51.51900101,6.52889013,50.00000000
0,2023-02-18 06:00:00,6,772,0.24640000,51.46310043,6.61450005,50.00000000
0,2023-02-18 06:00:00,6,773,-1.62829995,52.59329987,7.05045986,50.00000000
0,2023-02-18 06:00:00,6,774,-0.02160000,51.67689896,5.99662018,50.00000000
0,2023-02-18 06:00:00,6,775,-0.24320000,51.76229858,6.60574007,50.00000000
0,2023-02-18 06:00:00,6,776,-2.86310005,53.48270035,8.32353020,50.00000000
0,2023-02-18 06:00:00,6,777,-1.65310001,53.74110031,7.18570995,50.00000000
0,2023-02-18 06:00:00,6,778,-2.20420003,53.35409927,7.49199009,50.00000000
0,2023-02-18 06:00:00,6,779,-0.73009998,52.06869888,6.58996010,50.00000000
0,2023-02-18 06:00:00,6,780,-1.52160001,51.63690186,7.62210989,50.00000000
0,2023-02-18 06:00:00,6,781,-0.21220000,52.57130051,6.88886976,50.00000000
0,2023-02-18 06:00:00,6,782,-0.38490000,51.55690002,5.83300018,50.00000000
0,2023-02-18 06:00:00,6,783,-1.43589997,53.40520096,4.72557020,50.00000000
0,2023-02-18 06:00:00,6,784,-0.48410001,51.34709930,5.50613022,50.00000000
0,2023-02-18 06:00:00,6,785,-0.19110000,51.43590164,5.80823994,50.00000000
0,2023-02-18 06:00:00,6,786,-3.17910004,51.48160172,6.83799982,50.00000000
0,2023-02-18 06:00:00,6,787,-0.33669999,53.74570084,6.59683990,50.00000000
0,2023-02-18 06:00:00,6,788,1.14699996,53.13499832,10.58955002,50.00000000
0,2023-02-18 06:00:00,6,789,-3.83800006,52.42699814,8.28765011,50.00000000
0,2023-02-18 06:00:00,6,790,-1.97969997,52.99509811,7.80795002,50.00000000
0,2023-02-18 06:00:00,6,791,0.03450000,51.62760162,6.11518002,50.00000000
0,2023-02-18 06:00:00,6,792,-3.28169990,53.29339981,8.09358025,50.00000000
0,2023-02-18 06:00:00,6,793,-1.91040003,53.48020172,10.02373981,50.00000000
0,2023-02-18 06:00:00,6,794,-2.21770000,53.86980057,9.83549023,50.00000000
0,2023-02-18 06:00:00,6,795,-1.02810001,52.09149933,6.24527979,50.00000000
0,2023-02-18 06:00:00,6,796,0.26240000,52.39950180,7.73294020,50.00000000
0,2023-02-18 06:00:00,6,797,-2.24259996,53.48080063,7.30288982,50.00000000
0,2023-02-18 06:00:00,6,798,-0.00720000,51.54309845,5.72095013,50.00000000
0,2023-02-18 06:00:00,6,799,-0.22130001,51.50749969,5.74539995,50.00000000
0,2023-02-18 06:00:00,6,800,-4.18470001,50.38589859,5.61496019,50.00000000
0,2023-02-18 06:00:00,6,801,-2.08360004,55.16989899,5.72427988,50.00000000
0,2023-02-18 06:00:00,6,802,-2.97709990,57.35879898,1.66963995,50.00000000
0,2023-02-18 06:00:00,6,803,-4.53049994,51.75770187,6.95349979,50.00000000
0,2023-02-18 06:00:00,6,804,-1.16299999,52.41889954,6.61666012,50.00000000
0,2023-02-18 06:00:00,6,805,-6.41169977,57.44409943,2.42181993,50.00000000
0,2023-02-18 06:00:00,6,806,-3.26329994,53.31990051,8.62602043,50.00000000
0,2023-02-18 06:00:00,6,807,-1.84539998,51.54850006,7.56430006,50.00000000
0,2023-02-18 06:00:00,6,808,-3.29999995,58.29999924,2.12101007,50.00000000
0,2023-02-18 06:00:00,6,809,-4.80000019,57.59999847,1.81532001,50.00000000
0,2023-02-18 06:00:00,6,810,-4.09999990,57.40000153,1.47301996,50.00000000
0,2023-02-18 06:00:00,6,811,-1.89289999,52.99000168,7.34188986,50.00000000
0,2023-02-18 06:00:00,6,812,-1.87419999,52.98580170,7.45493984,50.00000000
0,2023-02-18 06:00:00,6,813,-1.89289999,52.99000168,7.34188986,50.00000000
0,2023-02-18 06:00:00,6,814,-2.80040002,54.04999924,7.94064999,50.00000000
0,2023-02-18 06:00:00,6,815,-2.91750002,54.89429855,6.90595007,50.00000000
0,2023-02-18 06:00:00,6,816,-2.02629995,53.74140167,9.66481972,50.00000000
0,2023-02-18 06:00:00,6,817,-4.48390007,54.96049881,4.69494009,50.00000000
0,2023-02-18 06:00:00,6,818,-2.74469995,54.32989883,6.39198017,50.00000000
0,2023-02-18 06:00:00,6,819,-2.80349994,54.04729843,7.94064999,50.00000000
0,2023-02-18 06:00:00,6,820,-4.48260021,54.95880127,4.62906981,50.00000000
0,2023-02-18 06:00:00,6,821,-1.07840002,53.82770157,6.99603987,50.00000000
0,2023-02-18 06:00:00,6,822,-3.14849997,51.47629929,6.88006020,50.00000000
0,2023-02-18 06:00:00,6,823,-5.76000023,54.72000122,6.82145977,50.00000000
0,2023-02-18 06:00:00,6,824,-5.78999996,54.84000015,5.04366016,50.00000000
0,2023-02-18 06:00:00,6,825,-2.43449998,55.79700089,2.30436993,50.00000000
0,2023-02-18 06:00:00,6,826,0.30430001,52.15729904,7.72838020,50.00000000
0,2023-02-18 06:00:00,6,827,-4.77500010,54.94139862,4.48999023,50.00000000
0,2023-02-18 06:00:00,6,830,-3.64409995,51.76699829,7.25920010,50.00000000
0,2023-02-18 06:00:00,6,831,-3.67170000,51.76100159,7.25920010,50.00000000
0,2023-02-18 06:00:00,6,832,-3.51279998,51.70700073,8.39426994,50.00000000
0,2023-02-18 06:00:00,6,833,-3.49729991,51.60910034,8.21199989,50.00000000
0,2023-02-18 06:00:00,6,834,-3.51799989,51.61690140,8.32404995,50.00000000
0,2023-02-18 06:00:00,6,835,-0.10840000,51.55490112,5.79150009,50.00000000
0,2023-02-18 06:00:00,6,836,-0.28470001,51.71110153,6.43341017,50.00000000
0,2023-02-18 06:00:00,6,837,-0.02400000,51.54349899,5.72095013,50.00000000
0,2023-02-18 06:00:00,6,838,-3.01810002,56.18220139,2.80287004,50.00000000
0,2023-02-18 06:00:00,6,839,-4.81669998,57.13330078,2.13411999,50.00000000
0,2023-02-18 06:00:00,6,840,-9.31079960,51.93859863,7.70173979,50.00000000
0,2023-02-18 06:00:00,6,841,-3.51320004,54.56850052,6.98906994,50.00000000
0,2023-02-18 06:00:00,6,842,-3.91459990,55.55749893,4.05667019,50.00000000
0,2023-02-18 06:00:00,6,843,-4.12779999,58.04800034,1.52979004,50.00000000
0,2023-02-18 06:00:00,6,844,1.61730003,52.21080017,9.26928043,50.00000000
0,2023-02-18 06:00:00,6,845,-4.48280001,53.41619873,7.83103991,50.00000000
0,2023-02-18 06:00:00,6,846,-0.24500000,51.53219986,5.78438997,50.00000000
0,2023-02-18 06:00:00,6,847,-2.43330002,53.08959961,7.14448977,50.00000000
0,2023-02-18 06:00:00,6,848,-2.49480009,51.69269943,7.49495983,50.00000000
0,2023-02-18 06:00:00,6,849,-3.50070000,54.41920090,6.92224979,50.00000000
0,2023-02-18 06:00:00,6,850,-3.22679996,55.01440048,5.89624023,50.00000000
0,2023-02-18 06:00:00,6,851,-2.96009994,54.90869904,6.99389982,50.00000000
0,2023-02-18 06:00:00,6,852,-3.75259995,58.57759857,2.61871004,50.00000000
0,2023-02-18 06:00:00,6,853,1.25849998,52.10129929,8.00545025,50.00000000
0,2023-02-18 06:00:00,6,854,0.37320000,52.61080170,7.28094006,50.00000000
0,2023-02-18 06:00:00,6,855,-0.69650000,53.22460175,6.47977018,50.00000000
0,2023-02-18 06:00:00,6,856,-0.22950000,53.15340042,7.08972979,50.00000000
0,2023-02-18 06:00:00,6,857,-0.04550000,52.93939972,7.13420010,50.00000000
0,2023-02-18 06:00:00,6,858,-0.68390000,53.37060165,6.62022018,50.00000000
0,2023-02-18 06:00:00,6,859,-0.73449999,52.35900116,6.96785021,50.00000000
0,2023-02-18 06:00:00,6,860,-0.87540001,51.96910095,6.86897993,50.00000000
0,2023-02-18 06:00:00,6,861,-0.24320000,52.28810120,7.26637983,50.00000000
0,2023-02-18 06:00:00,6,862,-0.29789999,52.19219971,6.87271023,50.00000000
0,2023-02-18 06:00:00,6,863,-0.81120002,52.43569946,6.55528021,50.00000000
0,2023-02-18 06:00:00,6,864,0.57499999,51.51100159,7.17579985,50.00000000
0,2023-02-18 06:00:00,6,865,0.70929998,51.55550003,7.06055021,50.00000000
0,2023-02-18 06:00:00,6,866,0.15490000,52.23339844,7.28215981,50.00000000
0,2023-02-18 06:00:00,6,867,0.04020000,53.39039993,7.32551003,50.00000000
0,2023-02-18 06:00:00,6,868,1.73450005,52.46810150,7.90305996,50.00000000
0,2023-02-18 06:00:00,6,869,0.32049999,51.69110107,7.37626982,50.00000000
0,2023-02-18 06:00:00,6,870,0.87760001,51.94440079,7.79582024,50.00000000
0,2023-02-18 06:00:00,6,871,-0.60549998,52.61380005,6.98255014,50.00000000
0,2023-02-18 06:00:00,6,872,1.29859996,52.69010162,7.42255020,50.00000000
0,2023-02-18 06:00:00,6,873,0.99210000,52.19620132,7.94826984,50.00000000
0,2023-02-18 06:00:00,6,874,1.16489995,51.84640121,7.78421021,50.00000000
0,2023-02-18 06:00:00,6,875,0.80140001,52.56940079,7.57702017,50.00000000
0,2023-02-18 06:00:00,6,876,-0.45870000,52.47940063,6.85640001,50.00000000
0,2023-02-18 06:00:00,6,877,-0.24770001,52.51580048,7.11666012,50.00000000
0,2023-02-18 06:00:00,6,878,-0.27230000,51.97729874,7.02167988,50.00000000
0,2023-02-18 06:00:00,6,879,1.26250005,52.26979828,8.12814999,50.00000000
0,2023-02-18 06:00:00,6,880,1.72389996,52.60639954,8.05912971,50.00000000
0,2023-02-18 06:00:00,6,881,-0.06550000,53.57550049,7.60576010,50.00000000
0,2023-02-18 06:00:00,6,882,-0.00900000,53.54389954,7.73591995,50.00000000
0,2023-02-18 06:00:00,6,883,5.49079990,59.75320053,5.08973980,50.00000000
0,2023-02-18 06:00:00,6,884,5.49079990,59.75320053,5.08973980,50.00000000
0,2023-02-18 06:00:00,6,885,5.49079990,59.75320053,5.08973980,50.00000000
0,2023-02-18 06:00:00,6,886,5.49079990,59.75320053,5.08973980,50.00000000
0,2023-02-18 06:00:00,6,887,5.49079990,59.75320053,5.08973980,50.00000000
0,2023-02-18 06:00:00,6,888,5.49079990,59.75320053,5.08973980,50.00000000
0,2023-02-18 06:00:00,6,889,5.49079990,59.75320053,5.08973980,50.00000000
0,2023-02-18 06:00:00,6,890,5.49079990,59.75320053,5.08973980,50.00000000
0,2023-02-18 06:00:00,6,891,5.49079990,59.75320053,5.08973980,50.00000000
0,2023-02-18 06:00:00,6,892,5.49079990,59.75320053,5.08973980,50.00000000
0,2023-02-18 06:00:00,6,893,5.49079990,59.75320053,5.08973980,50.00000000
0,2023-02-18 06:00:00,6,894,5.49079990,59.75320053,5.08973980,50.00000000
0,2023-02-18 06:00:00,6,895,5.49079990,59.75320053,5.08973980,50.00000000
0,2023-02-18 06:00:00,6,896,5.49079990,59.75320053,5.08973980,50.00000000
0,2023-02-18 06:00:00,6,897,5.49079990,59.75320053,5.08973980,50.00000000
0,2023-02-18 06:00:00,6,898,5.49079990,59.75320053,5.08973980,50.00000000
0,2023-02-18 06:00:00,6,899,5.48330021,59.71670151,5.15681982,50.00000000
0,2023-02-18 06:00:00,6,900,5.58330011,59.71670151,5.33540010,50.00000000
0,2023-02-18 06:00:00,6,901,-0.53509998,51.54830170,5.85644007,50.00000000
0,2023-02-18 06:00:00,6,902,-0.09020000,51.50529861,5.69717979,50.00000000
0,2023-02-18 06:00:00,6,903,-0.09880000,51.51390076,5.69717979,50.00000000
0,2023-02-18 06:00:00,6,904,-1.59920001,51.20980072,6.68194008,50.00000000
0,2023-02-18 06:00:00,6,905,-3.73320007,56.70380020,1.69121003,50.00000000
0,2023-02-18 06:00:00,6,906,-1.36090004,51.84220123,6.58987999,50.00000000
0,2023-02-18 06:00:00,6,907,-2.40330005,56.83890152,1.79381001,50.00000000
0,2023-02-18 06:00:00,6,908,-3.21790004,58.35910034,2.04179001,50.00000000
0,2023-02-18 06:00:00,6,909,-4.00080013,57.41379929,1.99942994,50.00000000
0,2023-02-18 06:00:00,6,910,-4.80670023,57.66130066,1.91847003,50.00000000
0,2023-02-18 06:00:00,6,911,-2.14170003,50.70399857,5.29218006,50.00000000
0,2023-02-18 06:00:00,6,912,-1.71430004,51.59090042,7.53990984,50.00000000
0,2023-02-18 06:00:00,6,913,-1.02359998,51.40670013,6.18889999,50.00000000
0,2023-02-18 06:00:00,6,914,-3.36669993,57.53329849,1.56008005,50.00000000
0,2023-02-18 06:00:00,6,915,-3.37140012,57.53720093,1.56008005,50.00000000
0,2023-02-18 06:00:00,6,916,-3.47609997,57.44609833,1.84203994,50.00000000
0,2023-02-18 06:00:00,6,917,-2.46670008,56.95000076,1.76599002,50.00000000
0,2023-02-18 06:00:00,6,918,-2.50000000,55.93330002,2.53748989,50.00000000
0,2023-02-18 06:00:00,6,919,-2.51309991,55.89500046,2.32295990,50.00000000
0,2023-02-18 06:00:00,6,920,-2.54999995,55.90560150,2.37251997,50.00000000
0,2023-02-18 06:00:00,6,921,-4.11670017,55.23329926,4.21198988,50.00000000
0,2023-02-18 06:00:00,6,923,6.71000004,58.15829849,4.83569002,50.00000000
0,2023-02-18 06:00:00,6,924,-1.89549994,52.98720169,7.34188986,50.00000000
0,2023-02-18 06:00:00,6,925,-0.44610000,51.47980118,5.93010998,50.00000000
0,2023-02-18 06:00:00,6,926,-2.57969999,51.45159912,6.82335997,50.00000000
0,2023-02-18 06:00:00,6,927,-3.17000008,51.47620010,6.88006020,50.00000000
0,2023-02-18 06:00:00,6,928,-1.06649995,52.95529938,6.42353010,50.00000000
0,2023-02-18 06:00:00,6,929,-2.97810006,53.40679932,7.84155989,50.00000000
0,2023-02-18 06:00:00,6,930,-1.61609995,54.97129822,5.78412008,50.00000000
0,2023-02-18 06:00:00,6,931,-9.60789967,51.39730072,10.23048019,50.00000000
0,2023-02-18 06:00:00,6,932,-6.41760015,49.87860107,10.48641014,50.00000000
0,2023-02-18 06:00:00,6,933,-6.30229998,49.98199844,10.54428959,50.00000000
0,2023-02-18 06:00:00,6,934,-1.30009997,50.76710129,7.16040993,50.00000000
0,2023-02-18 06:00:00,6,935,-4.15360022,50.35430145,5.64604998,50.00000000
0,2023-02-18 06:00:00,6,936,-2.45659995,50.51250076,11.06118011,50.00000000
0,2023-02-18 06:00:00,6,937,-5.72160006,50.06579971,10.06112957,50.00000000
0,2023-02-18 06:00:00,6,938,-5.20669985,49.95399857,8.91234970,50.00000000
0,2023-02-18 06:00:00,6,939,-8.91170025,51.05849838,10.11454964,50.00000000
0,2023-02-18 06:00:00,6,940,-8.05039978,50.74789810,10.44001961,50.00000000
0,2023-02-18 06:00:00,6,941,-7.34410000,50.37310028,10.39050961,50.00000000
0,2023-02-18 06:00:00,6,942,-2.98609996,50.35319901,11.00788021,50.00000000
0,2023-02-18 06:00:00,6,943,-3.63669991,50.22150040,10.25986958,50.00000000
0,2023-02-18 06:00:00,6,944,-5.87109995,54.56499863,5.30457020,50.00000000
0,2023-02-18 06:00:00,6,945,-6.47989988,54.89950180,4.78028011,50.00000000
0,2023-02-18 06:00:00,6,946,-7.28870010,55.00519943,5.37302017,50.00000000
0,2023-02-18 06:00:00,6,947,-7.65810013,54.46960068,5.81515980,50.00000000
0,2023-02-18 06:00:00,6,948,-6.42080021,54.18700027,6.43907022,50.00000000
0,2023-02-18 06:00:00,6,949,-4.97679996,55.08100128,5.03733015,50.00000000
0,2023-02-18 06:00:00,6,950,-2.73790002,53.34640121,8.11135960,50.00000000
0,2023-02-18 06:00:00,6,951,-4.09140015,56.06990051,3.31679010,50.00000000
0,2023-02-18 06:00:00,6,952,-4.19180012,55.68149948,2.96058989,50.00000000
0,2023-02-18 06:00:00,6,953,-4.87860012,57.12799835,2.29889989,50.00000000
0,2023-02-18 06:00:00,6,954,-4.04220009,58.05369949,1.50958002,50.00000000
0,2023-02-18 06:00:00,6,955,-4.81059980,55.23210144,4.70777988,50.00000000
0,2023-02-18 06:00:00,6,956,-3.95350003,55.57820129,3.99727011,50.00000000
0,2023-02-18 06:00:00,6,957,-3.21050000,55.96490097,2.50992990,50.00000000
0,2023-02-18 06:00:00,6,958,-3.21300006,55.96540070,2.50992990,50.00000000
0,2023-02-18 06:00:00,6,959,-0.15840000,51.50640106,5.72123003,50.00000000
0,2023-02-18 06:00:00,6,960,-0.16000000,51.50939941,5.72123003,50.00000000
0,2023-02-18 06:00:00,6,961,-0.15820000,51.50849915,5.72123003,50.00000000
0,2023-02-18 06:00:00,6,962,-0.15770000,51.50770187,5.72123003,50.00000000
0,2023-02-18 06:00:00,6,963,-0.15730000,51.50749969,5.72123003,50.00000000
0,2023-02-18 06:00:00,6,964,0.70160002,51.54899979,7.06055021,50.00000000
0,2023-02-18 06:00:00,6,965,0.72229999,51.55569839,7.10012007,50.00000000
0,2023-02-18 06:00:00,6,966,-6.15299988,55.18059921,4.58533001,50.00000000
0,2023-02-18 06:00:00,6,967,-6.22529984,54.66370010,5.81832981,50.00000000
0,2023-02-18 06:00:00,6,968,-6.94920015,55.16040039,5.18324995,50.00000000
0,2023-02-18 06:00:00,6,969,-7.57749987,54.70709991,6.60891008,50.00000000
0,2023-02-18 06:00:00,6,970,-7.64489985,54.39559937,5.40432978,50.00000000
0,2023-02-18 06:00:00,6,971,-5.58409977,54.67369843,6.91049004,50.00000000
0,2023-02-18 06:00:00,6,972,-6.50530005,54.23720169,6.68764019,50.00000000
0,2023-02-18 06:00:00,6,973,-7.07359982,54.63660049,6.50299978,50.00000000
0,2023-02-18 06:00:00,6,974,2.09489989,51.96969986,11.29487991,50.00000000
0,2023-02-18 06:00:00,6,975,2.00600004,51.74449921,11.75802040,50.00000000
0,2023-02-18 06:00:00,6,976,-4.21019983,51.97589874,6.12012005,50.00000000
0,2023-02-18 06:00:00,6,977,-3.18400002,51.48410034,6.83799982,50.00000000
0,2023-02-18 06:00:00,6,978,-3.18560004,51.48540115,6.83799982,50.00000000
0,2023-02-18 06:00:00,6,979,-0.33530000,51.40090179,5.84177017,50.00000000
0,2023-02-18 06:00:00,6,980,-0.33070001,51.40090179,5.84177017,50.00000000
0,2023-02-18 06:00:00,6,981,-0.33120000,51.40319824,5.81629992,50.00000000
0,2023-02-18 06:00:00,6,982,-1.61420000,53.22280121,5.66857004,50.00000000
0,2023-02-18 06:00:00,6,983,-1.61520004,53.22579956,5.66857004,50.00000000
0,2023-02-18 06:00:00,6,984,-1.61730003,53.22470093,6.05019999,50.00000000
0,2023-02-18 06:00:00,6,985,-2.37639999,53.33340073,7.73286009,50.00000000
0,2023-02-18 06:00:00,6,986,-2.37890005,53.33129883,7.73286009,50.00000000
0,2023-02-18 06:00:00,6,987,-2.37949991,53.33290100,7.73286009,50.00000000
0,2023-02-18 06:00:00,6,988,-0.15490000,51.48540115,5.75934982,50.00000000
0,2023-02-18 06:00:00,6,989,-0.15590000,51.48770142,5.75934982,50.00000000
0,2023-02-18 06:00:00,6,990,-0.15889999,51.51330185,5.72123003,50.00000000
0,2023-02-18 06:00:00,6,991,-0.11320000,51.48369980,5.76823997,50.00000000
0,2023-02-18 06:00:00,6,992,-0.14929999,51.45800018,5.79065990,50.00000000
0,2023-02-18 06:00:00,6,993,-0.19260000,51.48180008,5.76737022,50.00000000
0,2023-02-18 06:00:00,6,994,-5.47559977,50.20890045,9.61423969,50.00000000
0,2023-02-18 06:00:00,6,995,-5.00190020,57.14419937,2.51721001,50.00000000
0,2023-02-18 06:00:00,6,996,-4.19350004,56.69940186,3.00702000,50.00000000
0,2023-02-18 06:00:00,6,997,-4.76539993,56.26100159,3.88552999,50.00000000
0,2023-02-18 06:00:00,6,998,-4.54050016,51.76050186,6.95349979,50.00000000
0,2023-02-18 06:00:00,6,999,-4.70450020,50.63610077,6.72817993,50.00000000
0,2023-02-18 06:00:00,6,1210,6.11019993,62.56039810,11.40464020,50.00000000
0,2023-02-18 06:00:00,6,1311,5.21810007,60.29339981,5.65792990,50.00000000
0,2023-02-18 06:00:00,6,1338,6.64690018,61.17110062,2.94152999,50.00000000
0,2023-02-18 06:00:00,6,1364,8.21700001,60.51699829,4.71923018,50.00000000
0,2023-02-18 06:00:00,6,1384,11.08300018,60.20000076,3.83961010,50.00000000
0,2023-02-18 06:00:00,6,1397,12.27169991,61.29420090,5.84708977,50.00000000
0,2023-02-18 06:00:00,6,1400,3.20000005,56.50000000,4.81775999,50.00000000
0,2023-02-18 06:00:00,6,1415,5.63789988,58.87680054,4.64133978,50.00000000
0,2023-02-18 06:00:00,6,1427,6.61000013,58.11700058,5.27942991,50.00000000
0,2023-02-18 06:00:00,6,1447,8.19919968,59.49689865,3.97710991,50.00000000
0,2023-02-18 06:00:00,6,1452,8.08300018,58.20000076,5.35148001,50.00000000
0,2023-02-18 06:00:00,6,1483,10.25860023,59.18669891,4.79781008,50.00000000
0,2023-02-18 06:00:00,6,1488,10.61670017,59.88330078,4.43321991,50.00000000
0,2023-02-18 06:00:00,6,1492,10.71700001,59.95000076,3.62027001,50.00000000
0,2023-02-18 06:00:00,6,2407,13.70720005,60.67639923,4.89860010,50.00000000
0,2023-02-18 06:00:00,6,2512,11.88329983,57.78329849,5.68144989,50.00000000
0,2023-02-18 06:00:00,6,2513,12.00000000,57.70000076,5.53981018,50.00000000
0,2023-02-18 06:00:00,6,3002,-0.85399997,60.74900055,3.66549993,50.00000000
0,2023-02-18 06:00:00,6,3003,-1.29799998,59.87900162,3.92068005,50.00000000
0,2023-02-18 06:00:00,6,3005,-1.18299997,60.13899994,3.75100994,50.00000000
0,2023-02-18 06:00:00,6,3006,-1.27699995,60.44699860,3.23882008,50.00000000
0,2023-02-18 06:00:00,6,3008,-1.62800002,59.52700043,3.69235992,50.00000000
0,2023-02-18 06:00:00,6,3010,-4.40399981,59.08300018,3.03464007,50.00000000
0,2023-02-18 06:00:00,6,3011,-5.82999992,59.12400055,3.47127008,50.00000000
0,2023-02-18 06:00:00,6,3014,-2.06299996,60.11100006,4.18030024,50.00000000
0,2023-02-18 06:00:00,6,3017,-2.90000010,58.95399857,2.19801998,50.00000000
0,2023-02-18 06:00:00,6,3022,-7.38299990,57.47499847,2.82704997,50.00000000
0,2023-02-18 06:00:00,6,3023,-7.39699984,57.35800171,2.90327001,50.00000000
0,2023-02-18 06:00:00,6,3026,-6.32499981,58.21400070,1.92751002,50.00000000
0,2023-02-18 06:00:00,6,3031,-4.89599991,57.72499847,2.00977993,50.00000000
0,2023-02-18 06:00:00,6,3034,-5.63600016,57.85900116,1.75564003,50.00000000
0,2023-02-18 06:00:00,6,3035,-7.44890022,57.02569962,3.54319000,50.00000000
0,2023-02-18 06:00:00,6,3037,-5.80900002,57.25699997,2.78286004,50.00000000
0,2023-02-18 06:00:00,6,3039,-5.68900013,57.41749954,3.06955004,50.00000000
0,2023-02-18 06:00:00,6,3041,-4.96999979,56.82199860,4.68613005,50.00000000
0,2023-02-18 06:00:00,6,3044,-4.44199991,58.28799820,1.66749001,50.00000000
0,2023-02-18 06:00:00,6,3047,-4.70800018,56.86700058,2.78650999,50.00000000
0,2023-02-18 06:00:00,6,3055,-3.38499999,58.87400055,2.61096001,50.00000000
0,2023-02-18 06:00:00,6,3062,-3.96600008,57.81900024,1.74880004,50.00000000
0,2023-02-18 06:00:00,6,3063,-3.82699990,57.20600128,1.44544005,50.00000000
0,2023-02-18 06:00:00,6,3065,-3.64199996,57.11600113,2.44292998,50.00000000
0,2023-02-18 06:00:00,6,3066,-3.56060004,57.64939880,1.56613004,50.00000000
0,2023-02-18 06:00:00,6,3068,-3.32200003,57.71200180,1.94253004,50.00000000
0,2023-02-18 06:00:00,6,3070,-3.34400010,57.35400009,1.64011002,50.00000000
0,2023-02-18 06:00:00,6,3072,-3.42000008,56.87900162,2.27698994,50.00000000
0,2023-02-18 06:00:00,6,3075,-3.08899999,58.45399857,2.33563995,50.00000000
0,2023-02-18 06:00:00,6,3080,-2.83599997,57.07699966,1.47204006,50.00000000
0,2023-02-18 06:00:00,6,3081,-3.39700007,57.00600052,1.48960996,50.00000000
0,2023-02-18 06:00:00,6,3088,-2.26399994,56.85200119,2.04116988,50.00000000
0,2023-02-18 06:00:00,6,3091,-2.20199990,57.20600128,1.83975005,50.00000000
0,2023-02-18 06:00:00,6,3092,-1.77300000,57.50299835,3.36759996,50.00000000
0,2023-02-18 06:00:00,6,3094,-2.12100005,57.69800186,4.05993986,50.00000000
0,2023-02-18 06:00:00,6,3100,-6.88700008,56.49700165,2.60695004,50.00000000
0,2023-02-18 06:00:00,6,3105,-6.25600004,55.68099976,2.99216008,50.00000000
0,2023-02-18 06:00:00,6,3111,-5.69899988,55.44100189,3.58997011,50.00000000
0,2023-02-18 06:00:00,6,3114,-5.47499990,56.40999985,1.68025994,50.00000000
0,2023-02-18 06:00:00,6,3116,-5.00099993,56.40999985,2.23757005,50.00000000
0,2023-02-18 06:00:00,6,3120,-5.30600023,55.70600128,3.50989008,50.00000000
0,2023-02-18 06:00:00,6,3130,-4.93599987,54.85900116,5.18575001,50.00000000
0,2023-02-18 06:00:00,6,3132,-4.93599987,54.85900116,5.18575001,50.00000000
0,2023-02-18 06:00:00,6,3134,-4.53299999,55.90700150,2.51732993,50.00000000
0,2023-02-18 06:00:00,6,3136,-4.58500004,55.51499939,3.89103007,50.00000000
0,2023-02-18 06:00:00,6,3138,-4.79400015,55.96200180,3.67389989,50.00000000
0,2023-02-18 06:00:00,6,3139,-4.22599983,55.60100174,3.63790989,50.00000000
0,2023-02-18 06:00:00,6,3140,-4.43330002,55.86669922,2.68705010,50.00000000
0,2023-02-18 06:00:00,6,3144,-3.72900009,56.32600021,2.05500007,50.00000000
0,2023-02-18 06:00:00,6,3148,-4.32000017,56.42300034,3.01038003,50.00000000
0,2023-02-18 06:00:00,6,3152,-3.87500000,55.86199951,3.15753007,50.00000000
0,2023-02-18 06:00:00,6,3153,-4.00799990,54.80300140,5.84858990,50.00000000
0,2023-02-18 06:00:00,6,3154,-3.64400005,55.05400085,4.84922981,50.00000000
0,2023-02-18 06:00:00,6,3155,-3.73499990,55.62699890,2.89779997,50.00000000
0,2023-02-18 06:00:00,6,3158,-2.38299990,55.70899963,2.45812988,50.00000000
0,2023-02-18 06:00:00,6,3160,-3.34699988,55.95100021,2.72583008,50.00000000
0,2023-02-18 06:00:00,6,3162,-3.20600009,55.31100082,3.43413997,50.00000000
0,2023-02-18 06:00:00,6,3166,-3.34299994,55.92800140,2.54861999,50.00000000
0,2023-02-18 06:00:00,6,3171,-2.86199999,56.37699890,2.19693995,50.00000000
0,2023-02-18 06:00:00,6,3173,-3.18799996,55.92300034,2.37469006,50.00000000
0,2023-02-18 06:00:00,6,3174,-2.58500004,56.27899933,3.48327994,50.00000000
0,2023-02-18 06:00:00,6,3176,-2.51699996,55.35900116,3.61622000,50.00000000
0,2023-02-18 06:00:00,6,3188,-2.03200006,55.75400162,2.83616996,50.00000000
0,2023-02-18 06:00:00,6,3204,-4.63210011,54.08489990,8.16563988,50.00000000
0,2023-02-18 06:00:00,6,3210,-3.61500001,54.51810074,6.84289980,50.00000000
0,2023-02-18 06:00:00,6,3212,-3.15700006,54.61399841,7.47773981,50.00000000
0,2023-02-18 06:00:00,6,3213,-3.40700006,54.32500076,8.16660023,50.00000000
0,2023-02-18 06:00:00,6,3214,-3.25699997,54.12500000,8.48521996,50.00000000
0,2023-02-18 06:00:00,6,3220,-2.96300006,54.93299866,6.95978022,50.00000000
0,2023-02-18 06:00:00,6,3224,-2.55299997,55.04999924,7.13490009,50.00000000
0,2023-02-18 06:00:00,6,3225,-2.68400002,54.50099945,8.26867962,50.00000000
0,2023-02-18 06:00:00,6,3226,-2.41300011,54.57199860,8.54078007,50.00000000
0,2023-02-18 06:00:00,6,3227,-2.45000005,54.68399811,11.32351971,50.00000000
0,2023-02-18 06:00:00,6,3230,-2.27900004,55.28499985,4.32636023,50.00000000
0,2023-02-18 06:00:00,6,3235,-2.08899999,54.82099915,9.36458969,50.00000000
0,2023-02-18 06:00:00,6,3238,-1.88000000,55.02000046,6.48847008,50.00000000
0,2023-02-18 06:00:00,6,3240,-1.60000002,55.42100143,3.69775009,50.00000000
0,2023-02-18 06:00:00,6,3246,-1.59700000,54.97700119,5.65061998,50.00000000
0,2023-02-18 06:00:00,6,3257,-1.52999997,54.29600143,5.70176983,50.00000000
0,2023-02-18 06:00:00,6,3261,-1.41400003,54.13399887,6.62670994,50.00000000
0,2023-02-18 06:00:00,6,3262,-1.41499996,55.01800156,6.76059008,50.00000000
0,2023-02-18 06:00:00,6,3265,-1.38999999,54.20399857,6.32693005,50.00000000
0,2023-02-18 06:00:00,6,3266,-1.25000000,54.04499817,7.17158985,50.00000000
0,2023-02-18 06:00:00,6,3275,-0.86299998,54.56299973,6.80794001,50.00000000
0,2023-02-18 06:00:00,6,3281,-0.67299998,54.36199951,6.58566999,50.00000000
0,2023-02-18 06:00:00,6,3292,-0.17399999,54.09400177,7.76083994,50.00000000
0,2023-02-18 06:00:00,6,3301,-4.37599993,53.25999832,7.34912014,50.00000000
0,2023-02-18 06:00:00,6,3302,-4.53700018,53.25199890,7.63004017,50.00000000
0,2023-02-18 06:00:00,6,3305,-3.94099998,53.09299850,9.53796959,50.00000000
0,2023-02-18 06:00:00,6,3308,-4.07700014,53.06800079,9.13160038,50.00000000
0,2023-02-18 06:00:00,6,3313,-3.50900006,53.25899887,6.87298012,50.00000000
0,2023-02-18 06:00:00,6,3316,-3.05599999,53.49700165,8.28166962,50.00000000
0,2023-02-18 06:00:00,6,3318,-3.03699994,53.77600098,8.13630009,50.00000000
0,2023-02-18 06:00:00,6,3321,-2.98600006,53.17399979,6.59431982,50.00000000
0,2023-02-18 06:00:00,6,3330,-1.97990000,53.12760162,7.95140982,50.00000000
0,2023-02-18 06:00:00,6,3334,-2.27900004,53.35599899,7.57405996,50.00000000
0,2023-02-18 06:00:00,6,3339,-2.02900004,53.96699905,9.03073978,50.00000000
0,2023-02-18 06:00:00,6,3344,-1.86500001,53.81100082,8.38245964,50.00000000
0,2023-02-18 06:00:00,6,3345,-1.66400003,53.61299896,7.81909990,50.00000000
0,2023-02-18 06:00:00,6,3346,-1.66700006,53.61700058,7.81909990,50.00000000
0,2023-02-18 06:00:00,6,3347,-1.55999994,53.79999924,6.13955021,50.00000000
0,2023-02-18 06:00:00,6,3348,-2.15400004,53.34000015,7.39734983,50.00000000
0,2023-02-18 06:00:00,6,3350,-1.58200002,53.43299866,5.80651999,50.00000000
0,2023-02-18 06:00:00,6,3351,-2.38050008,53.35979843,7.82650995,50.00000000
0,2023-02-18 06:00:00,6,3354,-1.25000000,53.00500107,6.10101986,50.00000000
0,2023-02-18 06:00:00,6,3355,-1.19700003,53.83599854,6.85684013,50.00000000
0,2023-02-18 06:00:00,6,3373,-0.54600000,53.30699921,7.01381016,50.00000000
0,2023-02-18 06:00:00,6,3377,-0.52100003,53.17499924,6.86189985,50.00000000
0,2023-02-18 06:00:00,6,3379,-0.50199997,53.03099823,7.06923008,50.00000000
0,2023-02-18 06:00:00,6,3382,-0.43300000,53.86700058,7.08830023,50.00000000
0,2023-02-18 06:00:00,6,3384,-0.44000000,53.87400055,7.08830023,50.00000000
0,2023-02-18 06:00:00,6,3385,0.15400000,53.47299957,8.33675003,50.00000000
0,2023-02-18 06:00:00,6,3391,-0.17100000,53.09400177,7.31300020,50.00000000
0,2023-02-18 06:00:00,6,3392,0.27399999,53.08800125,7.68368006,50.00000000
0,2023-02-18 06:00:00,6,3402,-4.63800001,52.82300186,7.76627016,50.00000000
0,2023-02-18 06:00:00,6,3403,-4.08199978,52.99499893,6.52787018,50.00000000
0,2023-02-18 06:00:00,6,3405,-4.74200010,52.78900146,9.04413986,50.00000000
0,2023-02-18 06:00:00,6,3407,-4.12400007,52.80199814,7.73444986,50.00000000
0,2023-02-18 06:00:00,6,3409,-3.58299994,52.91699982,6.51637983,50.00000000
0,2023-02-18 06:00:00,6,3410,-3.46399999,52.75699997,7.25730991,50.00000000
0,2023-02-18 06:00:00,6,3414,-2.66300011,52.79399872,7.27463007,50.00000000
0,2023-02-18 06:00:00,6,3453,-0.65399998,52.72700119,7.31750011,50.00000000
0,2023-02-18 06:00:00,6,3462,-0.45899999,52.61109924,6.96911001,50.00000000
0,2023-02-18 06:00:00,6,3469,0.14100000,52.87300110,7.89972019,50.00000000
0,2023-02-18 06:00:00,6,3482,0.56900001,52.65100098,7.19474983,50.00000000
0,2023-02-18 06:00:00,6,3488,1.12699997,52.94900131,10.77464962,50.00000000
0,2023-02-18 06:00:00,6,3492,1.30200005,52.62500000,7.21133995,50.00000000
0,2023-02-18 06:00:00,6,3495,1.35599995,52.75600052,7.75914001,50.00000000
0,2023-02-18 06:00:00,6,3496,1.69299996,52.68600082,8.10412025,50.00000000
0,2023-02-18 06:00:00,6,3497,1.75000000,52.56700134,9.39290047,50.00000000
0,2023-02-18 06:00:00,6,3501,-4.00099993,52.41699982,7.11845016,50.00000000
0,2023-02-18 06:00:00,6,3502,-4.57100010,52.13899994,7.67525005,50.00000000
0,2023-02-18 06:00:00,6,3503,-3.94700003,52.34400177,6.97468996,50.00000000
0,2023-02-18 06:00:00,6,3507,-3.61400008,52.06299973,7.96238995,50.00000000
0,2023-02-18 06:00:00,6,3520,-2.88499999,52.24200058,7.11887980,50.00000000
0,2023-02-18 06:00:00,6,3522,-2.79999995,52.08300018,6.36964989,50.00000000
0,2023-02-18 06:00:00,6,3527,-2.30500007,52.12099838,6.82629013,50.00000000
0,2023-02-18 06:00:00,6,3529,-2.03999996,52.14799881,6.91943979,50.00000000
0,2023-02-18 06:00:00,6,3534,-1.74100006,52.45199966,6.40696001,50.00000000
0,2023-02-18 06:00:00,6,3535,-1.68900001,52.47999954,6.48877001,50.00000000
0,2023-02-18 06:00:00,6,3544,-1.33000004,52.35800171,6.55261993,50.00000000
0,2023-02-18 06:00:00,6,3559,-0.42100000,52.10400009,6.69102001,50.00000000
0,2023-02-18 06:00:00,6,3560,-0.46399999,52.22499847,7.08978987,50.00000000
0,2023-02-18 06:00:00,6,3566,-0.11400000,52.35300064,7.41485977,50.00000000
0,2023-02-18 06:00:00,6,3583,0.56110001,52.40940094,7.38241005,50.00000000
0,2023-02-18 06:00:00,6,3586,0.77399999,52.34000015,7.48402977,50.00000000
0,2023-02-18 06:00:00,6,3590,0.96100003,52.12300110,8.30051994,50.00000000
0,2023-02-18 06:00:00,6,3604,-5.05499983,51.70800018,8.18113995,50.00000000
0,2023-02-18 06:00:00,6,3605,-4.36800003,51.71300125,8.63823986,50.00000000
0,2023-02-18 06:00:00,6,3609,-3.98099995,51.56499863,9.87650967,50.00000000
0,2023-02-18 06:00:00,6,3628,-2.57599998,51.52099991,7.03542995,50.00000000
0,2023-02-18 06:00:00,6,3629,-2.71600008,51.50600052,8.31711960,50.00000000
0,2023-02-18 06:00:00,6,3647,-1.69200003,51.86000061,7.09006023,50.00000000
0,2023-02-18 06:00:00,6,3649,-1.57599998,51.75799942,7.43961000,50.00000000
0,2023-02-18 06:00:00,6,3658,-1.09700000,51.61999893,6.57299995,50.00000000
0,2023-02-18 06:00:00,6,3660,-0.80199999,51.68000031,6.47971010,50.00000000
0,2023-02-18 06:00:00,6,3670,-0.40000001,51.61690140,5.82744980,50.00000000
0,2023-02-18 06:00:00,6,3672,-0.41499999,51.54800034,5.76828003,50.00000000
0,2023-02-18 06:00:00,6,3680,-0.36019999,51.80670166,6.59134007,50.00000000
0,2023-02-18 06:00:00,6,3683,0.22499999,51.88000107,7.66105986,50.00000000
0,2023-02-18 06:00:00,6,3684,0.45300001,51.89599991,7.89295006,50.00000000
0,2023-02-18 06:00:00,6,3693,0.82999998,51.55400085,7.53529978,50.00000000
0,2023-02-18 06:00:00,6,3696,1.28299999,51.85400009,8.32242966,50.00000000
0,2023-02-18 06:00:00,6,3705,-4.22100019,51.11800003,7.63649988,50.00000000
0,2023-02-18 06:00:00,6,3707,-4.14900017,51.08900070,7.58623981,50.00000000
0,2023-02-18 06:00:00,6,3710,-3.60800004,51.08700180,7.74804020,50.00000000
0,2023-02-18 06:00:00,6,3715,-3.34299994,51.40000153,7.98056984,50.00000000
0,2023-02-18 06:00:00,6,3716,-3.44000006,51.40499878,8.57643986,50.00000000
0,2023-02-18 06:00:00,6,3717,-3.17799997,51.47800064,6.83799982,50.00000000
0,2023-02-18 06:00:00,6,3726,-2.59999990,51.46670151,6.73882008,50.00000000
0,2023-02-18 06:00:00,6,3740,-1.99240005,51.50310135,7.35929012,50.00000000
0,2023-02-18 06:00:00,6,3743,-1.80499995,51.20100021,6.54391003,50.00000000
0,2023-02-18 06:00:00,6,3746,-1.75399995,51.16099930,6.34859991,50.00000000
0,2023-02-18 06:00:00,6,3749,-1.57000005,51.14899826,6.33301020,50.00000000
0,2023-02-18 06:00:00,6,3761,-0.94400001,51.23799896,6.18683004,50.00000000
0,2023-02-18 06:00:00,6,3763,-0.78399998,51.38999939,5.67729998,50.00000000
0,2023-02-18 06:00:00,6,3768,-0.77200001,51.27899933,5.50382996,50.00000000
0,2023-02-18 06:00:00,6,3769,-0.23330000,51.15000153,5.26056004,50.00000000
0,2023-02-18 06:00:00,6,3770,-0.13110000,51.50490189,5.71886015,50.00000000
0,2023-02-18 06:00:00,6,3772,-0.44900000,51.47900009,5.93010998,50.00000000
0,2023-02-18 06:00:00,6,3776,-0.19100000,51.15100098,5.46086979,50.00000000
0,2023-02-18 06:00:00,6,3779,-0.10800000,51.52099991,5.69717979,50.00000000
0,2023-02-18 06:00:00,6,3780,-0.13500001,51.21500015,5.84070015,50.00000000
0,2023-02-18 06:00:00,6,3781,-0.09000000,51.30300140,5.93748999,50.00000000
0,2023-02-18 06:00:00,6,3784,0.31400001,51.46400070,6.58603001,50.00000000
0,2023-02-18 06:00:00,6,3791,0.74699998,51.44499969,7.08095980,50.00000000
0,2023-02-18 06:00:00,6,3796,1.34800005,51.13299942,8.68830967,50.00000000
0,2023-02-18 06:00:00,6,3797,1.34609997,51.34220123,7.29999018,50.00000000
0,2023-02-18 06:00:00,6,3803,-6.30100012,49.91299820,10.50162029,50.00000000
0,2023-02-18 06:00:00,6,3808,-5.32999992,50.21799850,7.18414021,50.00000000
0,2023-02-18 06:00:00,6,3809,-5.25699997,50.08499908,6.76968002,50.00000000
0,2023-02-18 06:00:00,6,3810,-5.04699993,50.14500046,7.90788984,50.00000000
0,2023-02-18 06:00:00,6,3815,-5.20200014,49.95999908,8.91234970,50.00000000
0,2023-02-18 06:00:00,6,3817,-4.99900007,50.43799973,6.89782000,50.00000000
0,2023-02-18 06:00:00,6,3820,-4.62200022,50.64099884,7.64507008,50.00000000
0,2023-02-18 06:00:00,6,3823,-4.66699982,50.50199890,6.23527002,50.00000000
0,2023-02-18 06:00:00,6,3827,-4.12099981,50.35400009,5.64062023,50.00000000
0,2023-02-18 06:00:00,6,3830,-3.98600006,50.93199921,6.89962006,50.00000000
0,2023-02-18 06:00:00,6,3831,-4.00799990,50.54899979,8.60223007,50.00000000
0,2023-02-18 06:00:00,6,3837,-3.50900006,50.39699936,6.75148010,50.00000000
0,2023-02-18 06:00:00,6,3839,-3.40499997,50.73699951,5.65592003,50.00000000
0,2023-02-18 06:00:00,6,3840,-3.23900008,50.86000061,7.04198980,50.00000000
0,2023-02-18 06:00:00,6,3844,-3.40459991,50.73659897,5.65592003,50.00000000
0,2023-02-18 06:00:00,6,3853,-2.64000010,51.00600052,6.42318010,50.00000000
0,2023-02-18 06:00:00,6,3857,-2.45400000,50.52199936,11.06118011,50.00000000
0,2023-02-18 06:00:00,6,3858,-2.44899988,50.56499863,8.24536037,50.00000000
0,2023-02-18 06:00:00,6,3862,-1.83500004,50.77899933,5.09482002,50.00000000
0,2023-02-18 06:00:00,6,3865,-1.40300000,50.90100098,5.25879002,50.00000000
0,2023-02-18 06:00:00,6,3866,-1.29700005,50.57699966,10.30257988,50.00000000
0,2023-02-18 06:00:00,6,3872,-0.92299998,50.81499863,6.78968000,50.00000000
0,2023-02-18 06:00:00,6,3874,-1.20799994,50.80699921,6.42145014,50.00000000
0,2023-02-18 06:00:00,6,3876,-0.29200000,50.83599854,5.92997980,50.00000000
0,2023-02-18 06:00:00,6,3882,0.31900001,50.88999939,6.49387980,50.00000000
0,2023-02-18 06:00:00,6,3894,-2.59999990,49.43999863,8.22529030,50.00000000
0,2023-02-18 06:00:00,6,3895,-2.19549990,49.20790100,7.40875006,50.00000000
0,2023-02-18 06:00:00,6,3896,-2.09999990,49.20000076,7.34813976,50.00000000
0,2023-02-18 06:00:00,6,3901,-7.59410000,54.32949829,4.75290012,50.00000000
0,2023-02-18 06:00:00,6,3903,-7.65000010,54.40000153,5.40432978,50.00000000
0,2023-02-18 06:00:00,6,3904,-7.57700014,54.70700073,6.60891008,50.00000000
0,2023-02-18 06:00:00,6,3907,-6.94920015,55.16040039,5.18324995,50.00000000
0,2023-02-18 06:00:00,6,3908,-7.00799990,55.05699921,5.04297018,50.00000000
0,2023-02-18 06:00:00,6,3911,-6.81400013,54.72100067,6.27615976,50.00000000
0,2023-02-18 06:00:00,6,3914,-6.65500021,55.20800018,5.22768021,50.00000000
0,2023-02-18 06:00:00,6,3915,-6.45699978,54.86500168,4.91118002,50.00000000
0,2023-02-18 06:00:00,6,3916,-6.15299988,55.18099976,4.58533001,50.00000000
0,2023-02-18 06:00:00,6,3917,-6.22399998,54.66400146,5.81832981,50.00000000
0,2023-02-18 06:00:00,6,3923,-6.50199986,54.23699951,6.68764019,50.00000000
0,2023-02-18 06:00:00,6,3927,-5.66699982,54.66400146,5.46938992,50.00000000
0,2023-02-18 06:00:00,6,3928,-5.82999992,54.85200119,4.97981024,50.00000000
0,2023-02-18 06:00:00,6,3930,-2.55929995,51.55139923,7.33453989,50.00000000
0,2023-02-18 06:00:00,6,3931,1.16400003,52.45619965,7.83358002,50.00000000
0,2023-02-18 06:00:00,6,3952,-8.25000000,51.79899979,7.75661993,50.00000000
0,2023-02-18 06:00:00,6,3953,-10.25000000,51.93299866,7.96799994,50.00000000
0,2023-02-18 06:00:00,6,3955,-8.49110031,51.84130096,7.05542994,50.00000000
0,2023-02-18 06:00:00,6,3956,-6.50000000,52.29999924,6.26164007,50.00000000
0,2023-02-18 06:00:00,6,3957,-6.33300018,52.25000000,8.30613041,50.00000000
0,2023-02-18 06:00:00,6,3958,-8.27519989,52.13800049,6.71736002,50.00000000
0,2023-02-18 06:00:00,6,3960,-7.26599979,52.66600037,5.69101000,50.00000000
0,2023-02-18 06:00:00,6,3961,-6.91699982,52.86700058,5.34736013,50.00000000
0,2023-02-18 06:00:00,6,3962,-8.91600037,52.69900131,7.66035986,50.00000000
0,2023-02-18 06:00:00,6,3965,-7.88299990,53.08300018,6.71299982,50.00000000
0,2023-02-18 06:00:00,6,3967,-6.43889999,53.30559921,7.25605011,50.00000000
0,2023-02-18 06:00:00,6,3969,-6.25000000,53.43299866,6.85034990,50.00000000
0,2023-02-18 06:00:00,6,3970,-8.98299980,53.71599960,7.24077988,50.00000000
0,2023-02-18 06:00:00,6,3971,-7.36600018,53.53300095,7.15274000,50.00000000
0,2023-02-18 06:00:00,6,3973,-8.81700039,53.90000153,7.74781990,50.00000000
0,2023-02-18 06:00:00,6,3974,-7.23299980,54.18299866,6.67724991,50.00000000
0,2023-02-18 06:00:00,6,3976,-10.00100040,54.23300171,9.06075001,50.00000000
0,2023-02-18 06:00:00,6,3978,-8.23299980,54.50000000,7.58429003,50.00000000
0,2023-02-18 06:00:00,6,3979,-7.31699991,54.04999924,6.47314978,50.00000000
0,2023-02-18 06:00:00,6,3980,-7.33300018,55.36600113,5.91194010,50.00000000
0,2023-02-18 06:00:00,6,3982,-6.33330011,53.36389923,6.82112980,50.00000000
0,2023-02-18 06:00:00,6,3985,-8.74870014,53.29869843,7.69001007,50.00000000
0,2023-02-18 06:00:00,6,6030,9.84920025,57.09280014,7.25899982,50.00000000
0,2023-02-18 06:00:00,6,6043,10.51700020,57.40000153,7.69216013,50.00000000
0,2023-02-18 06:00:00,6,6060,9.11670017,56.29999924,5.25645018,50.00000000
0,2023-02-18 06:00:00,6,6070,10.61699963,56.29999924,6.26894999,50.00000000
0,2023-02-18 06:00:00,6,6080,8.55340004,55.52590179,3.72362995,50.00000000
0,2023-02-18 06:00:00,6,6081,8.08329964,55.54999924,5.39122009,50.00000000
0,2023-02-18 06:00:00,6,6120,10.33300018,55.48300171,5.95910978,50.00000000
0,2023-02-18 06:00:00,6,6210,4.41699982,52.18299866,8.47778034,50.00000000
0,2023-02-18 06:00:00,6,6235,4.78299999,52.91699982,9.23106003,50.00000000
0,2023-02-18 06:00:00,6,6239,4.69610023,54.85390091,6.14631987,50.00000000
0,2023-02-18 06:00:00,6,6240,4.76700020,52.29999924,8.06486034,50.00000000
0,2023-02-18 06:00:00,6,6242,4.90500021,53.23500061,13.34823990,50.00000000
0,2023-02-18 06:00:00,6,6251,5.34999990,53.38999939,13.72729969,50.00000000
0,2023-02-18 06:00:00,6,6252,3.22029996,53.21780014,13.07847977,50.00000000
0,2023-02-18 06:00:00,6,6260,5.18300009,52.09999847,7.19766998,50.00000000
0,2023-02-18 06:00:00,6,6269,5.53299999,52.45000076,8.13860035,50.00000000
0,2023-02-18 06:00:00,6,6270,5.76700020,53.21699905,9.57394028,50.00000000
0,2023-02-18 06:00:00,6,6275,5.87220001,52.05500031,6.53488016,50.00000000
0,2023-02-18 06:00:00,6,6279,6.46670008,52.71670151,8.57929993,50.00000000
0,2023-02-18 06:00:00,6,6280,6.58300018,53.13299942,9.17080975,50.00000000
0,2023-02-18 06:00:00,6,6290,6.90000010,52.26699829,7.97592020,50.00000000
0,2023-02-18 06:00:00,6,6310,3.59999990,51.45000076,12.66862965,50.00000000
0,2023-02-18 06:00:00,6,6321,3.27500010,51.99779892,13.00870991,50.00000000
0,2023-02-18 06:00:00,6,6344,4.43720007,51.95959854,7.93179989,50.00000000
0,2023-02-18 06:00:00,6,6370,5.41699982,51.45000076,6.79430008,50.00000000
0,2023-02-18 06:00:00,6,6380,5.78299999,50.91699982,7.57410002,50.00000000
0,2023-02-18 06:00:00,6,6407,2.87400007,51.19979858,9.07374954,50.00000000
0,2023-02-18 06:00:00,6,6408,2.91669989,51.23329926,13.40417004,50.00000000
0,2023-02-18 06:00:00,6,6432,3.83299994,50.56700134,7.22775984,50.00000000
0,2023-02-18 06:00:00,6,6447,4.34999990,50.79999924,6.79440022,50.00000000
0,2023-02-18 06:00:00,6,6449,4.44999981,50.46699905,6.95080996,50.00000000
0,2023-02-18 06:00:00,6,6450,4.46700001,51.20000076,6.75715017,50.00000000
0,2023-02-18 06:00:00,6,6451,4.53299999,50.90000153,6.93055010,50.00000000
0,2023-02-18 06:00:00,6,6456,4.65000010,50.23300171,6.80904007,50.00000000
0,2023-02-18 06:00:00,6,6476,5.40000010,50.03300095,6.73050022,50.00000000
0,2023-02-18 06:00:00,6,6490,5.91699982,50.48300171,7.24714994,50.00000000
0,2023-02-18 06:00:00,6,6496,6.18300009,50.46699905,8.58905029,50.00000000
0,2023-02-18 06:00:00,6,6590,6.21600008,49.61600113,7.34285021,50.00000000
0,2023-02-18 06:00:00,6,6660,8.56700039,47.38299942,5.69677019,50.00000000
0,2023-02-18 06:00:00,6,6670,8.54920006,47.46469879,5.76694012,50.00000000
0,2023-02-18 06:00:00,6,6680,9.34360027,47.24940109,5.84919977,50.00000000
0,2023-02-18 06:00:00,6,6700,6.13299990,46.25000000,2.65685010,50.00000000
0,2023-02-18 06:00:00,6,6712,6.91669989,46.33330154,2.16501999,50.00000000
0,2023-02-18 06:00:00,6,6720,7.33099985,46.22000122,1.24678004,50.00000000
0,2023-02-18 06:00:00,6,6730,7.98330021,46.54999924,4.29439020,50.00000000
0,2023-02-18 06:00:00,6,6748,7.75000000,46.03300095,4.12506008,50.00000000
0,2023-02-18 06:00:00,6,6760,8.77999973,46.16999817,2.29431009,50.00000000
0,2023-02-18 06:00:00,6,7002,1.60000002,50.73329926,8.22830009,50.00000000
0,2023-02-18 06:00:00,6,7005,1.83299994,50.13299942,7.87345982,50.00000000
0,2023-02-18 06:00:00,6,7015,3.08940005,50.56190109,6.85741997,50.00000000
0,2023-02-18 06:00:00,6,7020,-1.93299997,49.71699905,11.01344967,50.00000000
0,2023-02-18 06:00:00,6,7028,0.06670000,49.51670074,8.43070030,50.00000000
0,2023-02-18 06:00:00,6,7037,1.18299997,49.38299942,5.70573997,50.00000000
0,2023-02-18 06:00:00,6,7070,4.05000019,49.31000137,6.12693977,50.00000000
0,2023-02-18 06:00:00,6,7110,-4.41599989,48.44900131,4.92319012,50.00000000
0,2023-02-18 06:00:00,6,7127,-1.85000002,48.72000122,6.19785023,50.00000000
0,2023-02-18 06:00:00,6,7130,-1.73479998,48.06949997,3.64976001,50.00000000
0,2023-02-18 06:00:00,6,7145,2.00920010,48.77330017,5.22300005,50.00000000
0,2023-02-18 06:00:00,6,7149,2.39299989,48.71699905,4.59537983,50.00000000
0,2023-02-18 06:00:00,6,7150,2.43799996,48.96469879,4.84161997,50.00000000
0,2023-02-18 06:00:00,6,7157,2.54999995,49.01279831,5.27505016,50.00000000
0,2023-02-18 06:00:00,6,7190,7.62820005,48.53829956,6.22536993,50.00000000
0,2023-02-18 06:00:00,6,7222,-1.60000002,47.16669846,3.44635010,50.00000000
0,2023-02-18 06:00:00,6,7249,1.75000000,47.98300171,4.96763992,50.00000000
0,2023-02-18 06:00:00,6,7280,5.09000015,47.26890182,3.85684991,50.00000000
0,2023-02-18 06:00:00,6,7299,7.52990007,47.58959961,5.31941986,50.00000000
0,2023-02-18 06:00:00,6,7306,-1.37909997,46.70000076,2.82312989,50.00000000
0,2023-02-18 06:00:00,6,7314,-1.41700006,46.04999924,1.73114002,50.00000000
0,2023-02-18 06:00:00,6,7354,1.73070002,46.86220169,4.43174982,50.00000000
0,2023-02-18 06:00:00,6,7412,-0.31700000,45.66699982,1.58253002,50.00000000
0,2023-02-18 06:00:00,6,7434,1.17939997,45.86280060,2.23747993,50.00000000
0,2023-02-18 06:00:00,6,7460,3.16919994,45.78670120,1.60915995,50.00000000
0,2023-02-18 06:00:00,6,7475,4.29640007,45.54059982,1.79812002,50.00000000
0,2023-02-18 06:00:00,6,7480,4.93779993,45.72610092,1.18241000,50.00000000
0,2023-02-18 06:00:00,6,7481,5.09079981,45.72639847,1.20404994,50.00000000
0,2023-02-18 06:00:00,6,7486,5.33330011,45.36669922,2.09414005,50.00000000
0,2023-02-18 06:00:00,6,7491,5.86670017,45.63330078,1.54042006,50.00000000
0,2023-02-18 06:00:00,6,10004,6.34999990,54.16669846,10.82837963,50.00000000
0,2023-02-18 06:00:00,6,10015,7.89309978,54.17639923,8.02488995,50.00000000
0,2023-02-18 06:00:00,6,10020,8.41250038,55.01250076,5.06952000,50.00000000
0,2023-02-18 06:00:00,6,10046,10.14999962,54.34999847,2.78062010,50.00000000
0,2023-02-18 06:00:00,6,10055,11.09000015,54.52999878,7.18767023,50.00000000
0,2023-02-18 06:00:00,6,10142,9.34000015,53.59379959,6.83260012,50.00000000
0,2023-02-18 06:00:00,6,10147,9.98820019,53.63040161,3.48453999,50.00000000
0,2023-02-18 06:00:00,6,10156,10.69999981,53.81700134,2.42786002,50.00000000
0,2023-02-18 06:00:00,6,10224,8.80000019,53.04999924,8.96452045,50.00000000
0,2023-02-18 06:00:00,6,10238,9.93299961,52.81700134,8.37399960,50.00000000
0,2023-02-18 06:00:00,6,10253,11.13920021,52.97389984,5.93767977,50.00000000
0,2023-02-18 06:00:00,6,10314,7.53299999,52.33300018,9.00936985,50.00000000
0,2023-02-18 06:00:00,6,10315,7.68480015,52.13460159,9.38574982,50.00000000
0,2023-02-18 06:00:00,6,10320,8.31700039,51.93299866,9.86946964,50.00000000
0,2023-02-18 06:00:00,6,10338,9.68509960,52.46110153,9.05558968,50.00000000
0,2023-02-18 06:00:00,6,10400,6.76870012,51.29600143,7.33031988,50.00000000
0,2023-02-18 06:00:00,6,10401,6.13299990,51.20000076,7.10898018,50.00000000
0,2023-02-18 06:00:00,6,10405,6.13299990,51.59999847,7.73080015,50.00000000
0,2023-02-18 06:00:00,6,10410,6.96600008,51.39899826,7.70564985,50.00000000
0,2023-02-18 06:00:00,6,10506,6.87029982,50.36109924,7.67802000,50.00000000
0,2023-02-18 06:00:00,6,10513,7.14270020,50.86589813,6.77138996,50.00000000
0,2023-02-18 06:00:00,6,10607,6.69999981,49.84170151,6.98357010,50.00000000
0,2023-02-18 06:00:00,6,10614,7.59999990,49.43669891,8.42284012,50.00000000
0,2023-02-18 06:00:00,6,10616,7.26389980,49.94869995,8.80445004,50.00000000
0,2023-02-18 06:00:00,6,10635,8.44999981,50.21699905,7.77655983,50.00000000
0,2023-02-18 06:00:00,6,10637,8.60000038,50.04999924,6.28587008,50.00000000
0,2023-02-18 06:00:00,6,10648,9.10000038,49.71699905,8.40800953,50.00000000
0,2023-02-18 06:00:00,6,10708,7.11700010,49.21699905,7.45746994,50.00000000
0,2023-02-18 06:00:00,6,10727,8.36670017,49.03329849,7.44568014,50.00000000
0,2023-02-18 06:00:00,6,10738,9.23299980,48.68299866,6.23754978,50.00000000
0,2023-02-18 06:00:00,6,10739,9.19999981,48.83330154,6.25087976,50.00000000
0,2023-02-18 06:00:00,6,16066,8.72809982,45.63059998,2.17917991,50.00000000
0,2023-02-18 06:00:00,6,16080,9.27670002,45.44509888,2.61619997,50.00000000
0,2023-02-18 06:00:00,6,99001,-3.48300004,50.40000153,8.03256989,50.00000000
0,2023-02-18 06:00:00,6,99003,-4.73299980,58.16699982,1.45567000,50.00000000
0,2023-02-18 06:00:00,6,99005,-4.23299980,56.93299866,1.99712002,50.00000000
0,2023-02-18 06:00:00,6,99006,-5.43300009,56.45000076,1.76165998,50.00000000
0,2023-02-18 06:00:00,6,99008,0.44999999,51.28300095,5.71133995,50.00000000
0,2023-02-18 06:00:00,6,99010,-2.38299990,57.45000076,1.83785999,50.00000000
0,2023-02-18 06:00:00,6,99014,-6.09999990,54.29999924,6.23753023,50.00000000
0,2023-02-18 06:00:00,6,99015,-6.18300009,54.06700134,6.58564997,50.00000000
0,2023-02-18 06:00:00,6,99016,-3.91700006,58.23300171,1.33142996,50.00000000
0,2023-02-18 06:00:00,6,99017,-1.58299994,50.66299820,10.40750027,50.00000000
0,2023-02-18 06:00:00,6,99018,-5.58300018,54.66699982,5.24601984,50.00000000
0,2023-02-18 06:00:00,6,99019,-4.36700010,54.41699982,9.75154972,50.00000000
0,2023-02-18 06:00:00,6,99020,-4.65000010,56.41699982,3.01585007,50.00000000
0,2023-02-18 06:00:00,6,99021,-2.51699996,53.61700058,9.37137985,50.00000000
0,2023-02-18 06:00:00,6,99024,-3.86700010,55.86700058,3.15753007,50.00000000
0,2023-02-18 06:00:00,6,99025,-1.25000000,52.83300018,6.72028017,50.00000000
0,2023-02-18 06:00:00,6,99028,-1.93369997,52.47510147,6.82108021,50.00000000
0,2023-02-18 06:00:00,6,99029,-2.25139999,53.46670151,7.32093000,50.00000000
0,2023-02-18 06:00:00,6,99038,-2.16720009,51.89419937,6.55114985,50.00000000
0,2023-02-18 06:00:00,6,99040,-1.78550005,53.64559937,7.26913977,50.00000000
0,2023-02-18 06:00:00,6,99044,-1.48300004,53.38299942,4.99594021,50.00000000
0,2023-02-18 06:00:00,6,99049,-1.58299994,54.76699829,5.85385990,50.00000000
0,2023-02-18 06:00:00,6,99053,-1.42519999,55.01729965,5.33780003,50.00000000
0,2023-02-18 06:00:00,6,99055,-2.98300004,53.36700058,8.68657017,50.00000000
0,2023-02-18 06:00:00,6,99057,-0.60000002,52.01699829,6.63296986,50.00000000
0,2023-02-18 06:00:00,6,99058,-0.34999999,51.79999924,6.59134007,50.00000000
0,2023-02-18 06:00:00,6,99059,-2.04999995,52.09999847,6.99163008,50.00000000
0,2023-02-18 06:00:00,6,99060,-2.46700001,53.84999847,8.38127995,50.00000000
0,2023-02-18 06:00:00,6,99062,-1.92620003,52.45600128,6.41274977,50.00000000
0,2023-02-18 06:00:00,6,99063,-2.18300009,53.59999847,8.10873032,50.00000000
0,2023-02-18 06:00:00,6,99068,-2.43300009,52.76699829,7.78917980,50.00000000
0,2023-02-18 06:00:00,6,99069,-1.68499994,55.21500015,4.74768019,50.00000000
0,2023-02-18 06:00:00,6,99070,-1.53299999,52.41699982,6.39061022,50.00000000
0,2023-02-18 06:00:00,6,99077,-1.33299994,53.86700058,6.38610983,50.00000000
0,2023-02-18 06:00:00,6,99078,-0.23300000,52.40000153,7.06928015,50.00000000
0,2023-02-18 06:00:00,6,99079,-1.39419997,50.89250183,5.31513023,50.00000000
0,2023-02-18 06:00:00,6,99080,-0.46700001,51.31700134,5.54186010,50.00000000
0,2023-02-18 06:00:00,6,99081,-3.90000010,50.76699829,7.45161009,50.00000000
0,2023-02-18 06:00:00,6,99085,-3.47399998,50.72700119,5.38559008,50.00000000
0,2023-02-18 06:00:00,6,99086,-5.75000000,54.66699982,6.05096006,50.00000000
0,2023-02-18 06:00:00,6,99088,-4.56500006,55.47700119,3.94860005,50.00000000
0,2023-02-18 06:00:00,6,99089,-3.39599991,57.01100159,1.55534995,50.00000000
0,2023-02-18 06:00:00,6,99090,-3.95000005,54.92499924,5.16697979,50.00000000
0,2023-02-18 06:00:00,6,99092,-5.30800009,57.61299896,2.57233000,50.00000000
0,2023-02-18 06:00:00,6,99093,-2.26999998,52.99000168,7.55413008,50.00000000
0,2023-02-18 06:00:00,6,99094,-3.97799993,50.70199966,9.15602970,50.00000000
0,2023-02-18 06:00:00,6,99095,-0.28999999,51.48199844,5.84437990,50.00000000
0,2023-02-18 06:00:00,6,99098,1.26699996,52.66699982,7.35300016,50.00000000
0,2023-02-18 06:00:00,6,99099,-0.44900000,51.47900009,5.93010998,50.00000000
0,2023-02-18 06:00:00,6,99102,-0.66399997,51.49300003,6.19918013,50.00000000
0,2023-02-18 06:00:00,6,99107,-1.48300004,53.38299942,4.99594021,50.00000000
0,2023-02-18 06:00:00,6,99113,-2.70300007,53.77399826,8.24720955,50.00000000
0,2023-02-18 06:00:00,6,99114,-5.82800007,54.60300064,5.43667984,50.00000000
0,2023-02-18 06:00:00,6,99115,-0.87900001,52.27299881,6.34578991,50.00000000
0,2023-02-18 06:00:00,6,99116,-0.64099997,54.10499954,7.78596020,50.00000000
0,2023-02-18 06:00:00,6,99117,-5.18400002,57.15599823,2.91253996,50.00000000
0,2023-02-18 06:00:00,6,99118,0.67400002,52.45899963,6.50828981,50.00000000
0,2023-02-18 06:00:00,6,99119,-0.84899998,51.17800140,5.61196995,50.00000000
0,2023-02-18 06:00:00,6,99121,-6.25400019,55.04800034,5.13492012,50.00000000
0,2023-02-18 06:00:00,6,99122,1.29600000,52.93299866,10.52853012,50.00000000
0,2023-02-18 06:00:00,6,99123,0.10300000,52.24499893,7.31092978,50.00000000
0,2023-02-18 06:00:00,6,99124,0.56900001,52.25999832,7.97571993,50.00000000
0,2023-02-18 06:00:00,6,99125,-4.37200022,57.46099854,1.23327005,50.00000000
0,2023-02-18 06:00:00,6,99126,0.46200001,51.07699966,5.60311985,50.00000000
0,2023-02-18 06:00:00,6,99127,0.43200001,51.73300171,7.63400984,50.00000000
0,2023-02-18 06:00:00,6,99128,-2.21900010,51.60599899,7.74587011,50.00000000
0,2023-02-18 06:00:00,6,99129,-2.51699996,55.35800171,3.64310002,50.00000000
0,2023-02-18 06:00:00,6,99130,-5.82999992,54.24499893,5.94480991,50.00000000
0,2023-02-18 06:00:00,6,99131,-6.96600008,54.88499832,6.52836990,50.00000000
0,2023-02-18 06:00:00,6,99132,-4.48400021,57.32899857,1.51528001,50.00000000
0,2023-02-18 06:00:00,6,99133,-2.21300006,57.18700027,1.86032999,50.00000000
0,2023-02-18 06:00:00,6,99134,-4.22599983,55.60100174,3.63790989,50.00000000
0,2023-02-18 06:00:00,6,99135,-4.90999985,55.74800110,2.85256004,50.00000000
0,2023-02-18 06:00:00,6,99136,0.65600002,52.82400131,7.79047012,50.00000000
0,2023-02-18 06:00:00,6,99137,-3.45799994,54.64899826,7.08140993,50.00000000
0,2023-02-18 06:00:00,6,99138,-3.26699996,51.78300095,7.91146994,50.00000000
0,2023-02-18 06:00:00,6,99139,-0.17800000,51.56000137,5.88136005,50.00000000
0,2023-02-18 06:00:00,6,99141,-1.95299995,51.94800186,6.93452978,50.00000000
0,2023-02-18 06:00:00,6,99142,-0.42100000,54.27299881,6.55551004,50.00000000
0,2023-02-18 06:00:00,6,99143,-3.07900000,54.61999893,7.94672012,50.00000000
0,2023-02-18 06:00:00,6,99144,-7.56099987,54.18899918,6.15016985,50.00000000
0,2023-02-18 06:00:00,6,99145,-3.21900010,57.03749847,1.37823999,50.00000000
0,2023-02-18 06:00:00,6,99146,-1.93299997,52.25000000,6.83038998,50.00000000
0,2023-02-18 06:00:00,6,99147,-5.65000010,54.56700134,5.34596014,50.00000000
0,2023-02-18 06:00:00,6,99148,1.28299999,52.16699982,8.20485020,50.00000000
0,2023-02-18 06:00:00,6,99149,-1.63300002,52.73300171,7.30628014,50.00000000
0,2023-02-18 06:00:00,6,99150,-4.01700020,52.43299866,7.12357998,50.00000000
0,2023-02-18 06:00:00,6,99151,-0.88300002,53.40000153,6.56200981,50.00000000
0,2023-02-18 06:00:00,6,99152,-2.78299999,54.66699982,7.36104012,50.00000000
0,2023-02-18 06:00:00,6,99153,-5.01700020,58.06700134,1.94684994,50.00000000
0,2023-02-18 06:00:00,6,99154,0.03300000,51.06700134,5.56072998,50.00000000
0,2023-02-18 06:00:00,6,99155,-2.43300009,52.78300095,7.70766020,50.00000000
0,2023-02-18 06:00:00,6,99157,-1.33299994,51.00000000,5.26567984,50.00000000
0,2023-02-18 06:00:00,6,99158,-1.39999998,52.61700058,7.11771011,50.00000000
0,2023-02-18 06:00:00,6,99159,-1.95879996,50.61360168,7.51023006,50.00000000
0,2023-02-18 06:00:00,6,99160,-3.18300009,51.48300171,6.83799982,50.00000000
0,2023-02-18 06:00:00,6,99161,0.63300002,52.08300018,8.01198959,50.00000000
0,2023-02-18 06:00:00,6,99162,-1.39999998,53.63299942,6.17814016,50.00000000
0,2023-02-18 06:00:00,6,99163,-4.15000010,52.91699982,8.11133957,50.00000000
0,2023-02-18 06:00:00,6,99164,-2.95000005,52.58300018,8.27488041,50.00000000
0,2023-02-18 06:00:00,6,99166,-1.39999998,52.00000000,7.10063982,50.00000000
0,2023-02-18 06:00:00,6,99167,-2.10130000,54.30830002,10.00737953,50.00000000
0,2023-02-18 06:00:00,6,99168,-6.90000010,57.78300095,2.70333004,50.00000000
0,2023-02-18 06:00:00,6,99169,-2.76699996,53.84999847,8.33316040,50.00000000
0,2023-02-18 06:00:00,6,99170,-3.45029998,52.21530151,5.75664997,50.00000000
0,2023-02-18 06:00:00,6,99171,-1.76699996,53.81700134,7.26316977,50.00000000
0,2023-02-18 06:00:00,6,99172,-2.78299999,54.26699829,6.89040995,50.00000000
0,2023-02-18 06:00:00,6,99173,-1.78299999,54.46699905,6.86799002,50.00000000
0,2023-02-18 06:00:00,6,99174,-4.68300009,51.98300171,6.67111015,50.00000000
0,2023-02-18 06:00:00,6,99175,-6.00000000,54.81700134,6.26924992,50.00000000
0,2023-02-18 06:00:00,6,99176,-2.91700006,51.71699905,4.76530981,50.00000000
0,2023-02-18 06:00:00,6,99177,-1.76699996,54.06700134,8.04380989,50.00000000
0,2023-02-18 06:00:00,6,99178,-0.64999998,53.63299942,7.54090977,50.00000000
0,2023-02-18 06:00:00,6,99179,-2.51699996,53.08300018,7.43818998,50.00000000
0,2023-02-18 06:00:00,6,99180,-3.21700001,55.96699905,2.59314990,50.00000000
0,2023-02-18 06:00:00,6,99182,0.60000002,51.13299942,6.26557016,50.00000000
0,2023-02-18 06:00:00,6,99183,-0.93300003,51.43299866,6.21171999,50.00000000
0,2023-02-18 06:00:00,6,99184,-4.91699982,51.86700058,6.82589006,50.00000000
0,2023-02-18 06:00:00,6,99185,-0.41700000,50.93299866,5.79029989,50.00000000
0,2023-02-18 06:00:00,6,99186,-2.57900000,55.23400116,4.58725023,50.00000000
0,2023-02-18 06:00:00,6,99187,-2.84999990,54.08300018,9.83522034,50.00000000
0,2023-02-18 06:00:00,6,99188,-6.51700020,55.23300171,4.48293018,50.00000000
0,2023-02-18 06:00:00,6,99189,-1.60000002,52.20000076,6.55330992,50.00000000
0,2023-02-18 06:00:00,6,99190,-4.54479980,50.82799911,6.84727001,50.00000000
0,2023-02-18 06:00:00,6,99191,-5.37349987,57.18159866,4.13551998,50.00000000
0,2023-02-18 06:00:00,6,99192,-1.01699996,52.04999924,6.19091988,50.00000000
0,2023-02-18 06:00:00,6,99193,-4.95739985,54.74280167,6.35051012,50.00000000
0,2023-02-18 06:00:00,6,99194,-3.91470003,52.27159882,6.76329994,50.00000000
0,2023-02-18 06:00:00,6,99195,-3.48300004,51.91669846,7.13713980,50.00000000
0,2023-02-18 06:00:00,6,99196,-1.91680002,55.52989960,2.73329997,50.00000000
0,2023-02-18 06:00:00,6,99197,-0.38299999,51.41699982,5.82114983,50.00000000
0,2023-02-18 06:00:00,6,99198,-1.54999995,51.51699829,7.88489008,50.00000000
0,2023-02-18 06:00:00,6,99200,-4.30679989,55.90269852,2.73114991,50.00000000
0,2023-02-18 06:00:00,6,99201,-3.98099995,51.60699844,8.41730022,50.00000000
0,2023-02-18 06:00:00,6,99203,-0.00900000,51.53400040,5.72447014,50.00000000
0,2023-02-18 06:00:00,6,99204,-0.01700000,51.54199982,5.72095013,50.00000000
0,2023-02-18 06:00:00,6,99205,-0.76700002,52.04999924,6.58806992,50.00000000
0,2023-02-18 06:00:00,6,99206,-1.59899998,53.80799866,6.14552021,50.00000000
0,2023-02-18 06:00:00,6,99207,-2.58570004,51.91120148,6.21750021,50.00000000
0,2023-02-18 06:00:00,6,99208,-2.21210003,53.44369888,7.39874983,50.00000000
0,2023-02-18 06:00:00,6,99209,-1.90489995,52.48049927,6.43593979,50.00000000
0,2023-02-18 06:00:00,6,99212,-1.16700006,50.83300018,5.91700983,50.00000000
0,2023-02-18 06:00:00,6,99213,-0.36700001,53.75000000,6.61569023,50.00000000
0,2023-02-18 06:00:00,6,99214,-0.30000001,53.76699829,7.00138998,50.00000000
0,2023-02-18 06:00:00,6,99220,1.16400003,52.45619965,7.83358002,50.00000000
0,2023-02-18 06:00:00,6,99223,-2.55929995,51.55139923,7.33453989,50.00000000
0,2023-02-18 06:00:00,6,99430,-0.34040001,51.42309952,5.77883005,50.00000000
0,2023-02-18 06:00:00,6,99557,-2.16700006,54.09999847,10.97152042,50.00000000
0,2023-02-18 06:00:00,6,99578,-2.55679989,53.60789871,8.55710030,50.00000000
0,2023-02-18 06:00:00,6,99674,-0.85000002,51.11700058,4.87997007,50.00000000
0,2023-02-19 06:00:00,6,1,0.69559997,51.57139969,4.37860012,50.00000000
0,2023-02-19 06:00:00,6,2,-0.36829999,51.87440109,4.52130985,50.00000000
0,2023-02-19 06:00:00,6,3,-1.35669994,50.95029831,2.92055011,50.00000000
0,2023-02-19 06:00:00,6,4,0.02950000,51.32149887,4.65332985,50.00000000
0,2023-02-19 06:00:00,6,5,0.05800000,51.50479889,3.79957008,50.00000000
0,2023-02-19 06:00:00,6,6,0.93919998,50.95610046,4.76718998,50.00000000
0,2023-02-19 06:00:00,6,7,-0.62669998,52.07030106,4.53169012,50.00000000
0,2023-02-19 06:00:00,6,8,-5.87699986,54.61299896,7.18723011,50.00000000
0,2023-02-19 06:00:00,6,9,-1.74810004,52.45389938,3.94109988,50.00000000
0,2023-02-19 06:00:00,6,11,-2.71919990,51.38280106,4.70398998,50.00000000
0,2023-02-19 06:00:00,6,12,0.17500000,52.20500183,3.92987990,50.00000000
0,2023-02-19 06:00:00,6,14,-2.80920005,54.93750000,6.41731024,50.00000000
0,2023-02-19 06:00:00,6,15,-2.30559993,52.63999939,4.54139996,50.00000000
0,2023-02-19 06:00:00,6,17,-3.02579999,56.45249939,8.85295010,50.00000000
0,2023-02-19 06:00:00,6,18,-1.32669997,52.83110046,4.94151020,50.00000000
0,2023-02-19 06:00:00,6,19,-3.41389990,50.73440170,3.81818008,50.00000000
0,2023-02-19 06:00:00,6,22,-0.34720001,53.57970047,4.81632996,50.00000000
0,2023-02-19 06:00:00,6,23,-4.04750013,57.54240036,8.78946972,50.00000000
0,2023-02-19 06:00:00,6,24,0.56110001,52.40940094,3.44294000,50.00000000
0,2023-02-19 06:00:00,6,25,-1.66059995,53.86579895,6.65364981,50.00000000
0,2023-02-19 06:00:00,6,26,-2.84999990,53.33359909,4.67199993,50.00000000
0,2023-02-19 06:00:00,6,28,0.48830000,52.36080170,3.63999009,50.00000000
0,2023-02-19 06:00:00,6,29,-1.69169998,55.03749847,6.62806988,50.00000000
0,2023-02-19 06:00:00,6,30,1.28279996,52.67610168,3.17065001,50.00000000
0,2023-02-19 06:00:00,6,32,-4.58669996,55.50780106,7.57236004,50.00000000
0,2023-02-19 06:00:00,6,33,-1.29920006,60.43220139,8.38041019,50.00000000
0,2023-02-19 06:00:00,6,34,-1.38859999,53.39440155,4.51907015,50.00000000
0,2023-02-19 06:00:00,6,37,-1.42349994,54.51250076,5.36943007,50.00000000
0,2023-02-19 06:00:00,6,50,-0.12000000,52.34999847,4.22171021,50.00000000
0,2023-02-19 06:00:00,6,51,-2.16000009,55.25000000,7.44798994,50.00000000
0,2023-02-19 06:00:00,6,52,-4.87209988,58.61750031,16.01571083,50.00000000
0,2023-02-19 06:00:00,6,53,-2.28640008,51.43920135,4.36082983,50.00000000
0,2023-02-19 06:00:00,6,63,-4.32999992,53.09999847,7.49715996,50.00000000
0,2023-02-19 06:00:00,6,69,-5.23000002,50.00000000,3.97534990,50.00000000
0,2023-02-19 06:00:00,6,98,-2.88540006,53.74459839,6.40502977,50.00000000
0,2023-02-19 06:00:00,6,111,1.72000003,52.63000107,3.22894001,50.00000000
0,2023-02-19 06:00:00,6,127,-1.32040000,51.83560181,3.91324997,50.00000000
0,2023-02-19 06:00:00,6,134,-1.77999997,51.68000031,3.91721010,50.00000000
0,2023-02-19 06:00:00,6,139,-0.73710001,51.79119873,4.33118010,50.00000000
0,2023-02-19 06:00:00,6,201,-3.23289990,54.10639954,6.63668013,50.00000000
0,2023-02-19 06:00:00,6,203,-4.94589996,56.28239822,7.83450985,50.00000000
0,2023-02-19 06:00:00,6,204,-0.22480001,52.72639847,4.31524992,50.00000000
0,2023-02-19 06:00:00,6,205,-0.10620000,52.50410080,4.08641005,50.00000000
0,2023-02-19 06:00:00,6,206,0.10820000,52.83789825,3.82546997,50.00000000
0,2023-02-19 06:00:00,6,207,-0.02400000,52.43470001,4.08303022,50.00000000
0,2023-02-19 06:00:00,6,208,-4.85449982,57.13069916,11.23643017,50.00000000
0,2023-02-19 06:00:00,6,209,-4.13000011,58.04999924,7.86402988,50.00000000
0,2023-02-19 06:00:00,6,210,-1.37860000,54.66429901,6.14048004,50.00000000
0,2023-02-19 06:00:00,6,211,-2.83010006,55.67060089,7.43672991,50.00000000
0,2023-02-19 06:00:00,6,212,-1.75950003,54.74380112,7.03731012,50.00000000
0,2023-02-19 06:00:00,6,213,-2.51620007,55.90069962,9.20143032,50.00000000
0,2023-02-19 06:00:00,6,216,-4.81160021,55.68460083,6.34411001,50.00000000
0,2023-02-19 06:00:00,6,217,-0.64260000,53.62699890,4.96256018,50.00000000
0,2023-02-19 06:00:00,6,220,1.66719997,52.71260071,3.23265004,50.00000000
0,2023-02-19 06:00:00,6,222,-3.60019994,52.54940033,6.35802984,50.00000000
0,2023-02-19 06:00:00,6,223,-5.55870008,55.63779831,9.49944973,50.00000000
0,2023-02-19 06:00:00,6,224,-1.30159998,54.69319916,6.75488997,50.00000000
0,2023-02-19 06:00:00,6,225,-1.68460000,54.84700012,6.78688002,50.00000000
0,2023-02-19 06:00:00,6,226,-3.57399988,54.59460068,8.47317982,50.00000000
0,2023-02-19 06:00:00,6,228,-5.09399986,54.87549973,6.26739979,50.00000000
0,2023-02-19 06:00:00,6,229,0.10190000,53.66880035,4.74670982,50.00000000
0,2023-02-19 06:00:00,6,230,-1.93770003,53.78160095,7.53012991,50.00000000
0,2023-02-19 06:00:00,6,231,-3.48000002,57.45000076,9.65725040,50.00000000
0,2023-02-19 06:00:00,6,232,-3.03180003,53.45809937,6.22759008,50.00000000
0,2023-02-19 06:00:00,6,233,-3.87879992,52.40940094,5.62595987,50.00000000
0,2023-02-19 06:00:00,6,234,-4.40939999,53.40719986,7.86169004,50.00000000
0,2023-02-19 06:00:00,6,235,-3.68330002,54.75000000,9.92173004,50.00000000
0,2023-02-19 06:00:00,6,237,-1.68789995,53.53789902,6.81205988,50.00000000
0,2023-02-19 06:00:00,6,238,1.78690004,52.64250183,3.67664003,50.00000000
0,2023-02-19 06:00:00,6,240,0.14810000,52.58000183,3.83378005,50.00000000
0,2023-02-19 06:00:00,6,242,-1.80239999,54.75830078,7.48531008,50.00000000
0,2023-02-19 06:00:00,6,243,-4.22370005,57.47790146,7.61787987,50.00000000
0,2023-02-19 06:00:00,6,244,-4.25890017,55.86370087,6.35659981,50.00000000
0,2023-02-19 06:00:00,6,245,-1.59700000,54.97700119,5.66777992,50.00000000
0,2023-02-19 06:00:00,6,246,-5.87699986,54.61299896,7.18723011,50.00000000
0,2023-02-19 06:00:00,6,247,-1.89649999,52.47969818,3.90395999,50.00000000
0,2023-02-19 06:00:00,6,248,-2.24110007,53.47629929,4.00880003,50.00000000
0,2023-02-19 06:00:00,6,249,-2.58969998,51.45370102,4.33651018,50.00000000
0,2023-02-19 06:00:00,6,250,-0.10800000,51.52099991,3.51564002,50.00000000
0,2023-02-19 06:00:00,6,251,-3.52999997,50.72190094,3.79034996,50.00000000
0,2023-02-19 06:00:00,6,253,-5.57800007,55.57120132,8.82964993,50.00000000
0,2023-02-19 06:00:00,6,254,-4.12430000,55.36460114,7.59069014,50.00000000
0,2023-02-19 06:00:00,6,255,-5.15689993,56.03179932,8.28207970,50.00000000
0,2023-02-19 06:00:00,6,256,-2.85150003,55.80599976,7.84738016,50.00000000
0,2023-02-19 06:00:00,6,257,-3.92059994,55.55459976,8.41658974,50.00000000
0,2023-02-19 06:00:00,6,258,-6.10340023,54.80599976,7.65689993,50.00000000
0,2023-02-19 06:00:00,6,259,-6.81820011,55.01739883,7.82099009,50.00000000
0,2023-02-19 06:00:00,6,260,-2.15479994,53.75030136,6.64140987,50.00000000
0,2023-02-19 06:00:00,6,261,-5.03380013,50.35200119,3.94612002,50.00000000
0,2023-02-19 06:00:00,6,262,-6.25629997,55.02989960,6.89262009,50.00000000
0,2023-02-19 06:00:00,6,263,-8.01469994,54.43849945,6.64141989,50.00000000
0,2023-02-19 06:00:00,6,264,-3.75149989,55.77000046,7.86408997,50.00000000
0,2023-02-19 06:00:00,6,265,-4.33220005,57.80170059,12.06145954,50.00000000
0,2023-02-19 06:00:00,6,266,-3.66350007,56.24489975,9.94036007,50.00000000
0,2023-02-19 06:00:00,6,267,0.15140000,52.58610153,3.83378005,50.00000000
0,2023-02-19 06:00:00,6,268,-4.24490023,55.68569946,8.11660957,50.00000000
0,2023-02-19 06:00:00,6,269,-4.05859995,55.22249985,5.93992996,50.00000000
0,2023-02-19 06:00:00,6,270,-7.98880005,54.70009995,7.69107008,50.00000000
0,2023-02-19 06:00:00,6,271,-3.41939998,52.45159912,6.26690006,50.00000000
0,2023-02-19 06:00:00,6,272,-5.27220011,56.38299942,10.69309044,50.00000000
0,2023-02-19 06:00:00,6,273,-6.45499992,57.42900085,12.90328979,50.00000000
0,2023-02-19 06:00:00,6,274,-3.44330001,58.29999924,6.58209991,50.00000000
0,2023-02-19 06:00:00,6,275,-2.63700008,57.66099930,6.85296011,50.00000000
0,2023-02-19 06:00:00,6,276,-4.06479979,56.26350021,9.81004047,50.00000000
0,2023-02-19 06:00:00,6,277,-3.37129998,57.53720093,7.95811987,50.00000000
0,2023-02-19 06:00:00,6,278,-3.45679998,58.42940140,6.62496996,50.00000000
0,2023-02-19 06:00:00,6,279,-3.75079989,52.40499878,7.04862022,50.00000000
0,2023-02-19 06:00:00,6,280,-3.65919995,55.18629837,4.88276005,50.00000000
0,2023-02-19 06:00:00,6,281,-3.35630012,56.67940140,6.27379990,50.00000000
0,2023-02-19 06:00:00,6,282,-4.10220003,56.07540131,9.71043015,50.00000000
0,2023-02-19 06:00:00,6,283,-4.09410000,57.32500076,11.71984005,50.00000000
0,2023-02-19 06:00:00,6,284,-2.64429998,57.41189957,6.47216988,50.00000000
0,2023-02-19 06:00:00,6,285,-4.72300005,55.24580002,6.51952982,50.00000000
0,2023-02-19 06:00:00,6,286,-2.69300008,57.45019913,5.55023003,50.00000000
0,2023-02-19 06:00:00,6,287,-3.21630001,55.11270142,5.79545021,50.00000000
0,2023-02-19 06:00:00,6,288,-2.68939996,59.18960190,10.65262032,50.00000000
0,2023-02-19 06:00:00,6,289,-5.67910004,55.49380112,6.64054012,50.00000000
0,2023-02-19 06:00:00,6,294,-7.02440023,54.96319962,9.07637978,50.00000000
0,2023-02-19 06:00:00,6,301,-7.61670017,54.15850067,8.71932030,50.00000000
0,2023-02-19 06:00:00,6,303,-7.11269999,54.50270081,7.22467995,50.00000000
0,2023-02-19 06:00:00,6,307,-4.88299990,57.71699905,12.59165001,50.00000000
0,2023-02-19 06:00:00,6,311,-4.02169991,52.30469894,5.23129988,50.00000000
0,2023-02-19 06:00:00,6,313,-1.41639996,54.76290131,6.39254999,50.00000000
0,2023-02-19 06:00:00,6,314,-3.17759991,54.18830109,6.67649984,50.00000000
0,2023-02-19 06:00:00,6,315,-3.13240004,55.71070099,8.28967953,50.00000000
0,2023-02-19 06:00:00,6,316,-3.55520010,54.65560150,7.48101997,50.00000000
0,2023-02-19 06:00:00,6,317,-3.54299998,54.67480087,9.40620995,50.00000000
0,2023-02-19 06:00:00,6,341,-1.43350005,54.83179855,5.81760979,50.00000000
0,2023-02-19 06:00:00,6,342,-1.44140005,54.77590179,6.10097980,50.00000000
0,2023-02-19 06:00:00,6,343,-1.37629998,54.66680145,6.14048004,50.00000000
0,2023-02-19 06:00:00,6,344,-3.38019991,55.15470123,5.01958990,50.00000000
0,2023-02-19 06:00:00,6,348,1.13999999,51.45000076,4.84850979,50.00000000
0,2023-02-19 06:00:00,6,349,0.95969999,50.91339874,4.94924021,50.00000000
0,2023-02-19 06:00:00,6,350,-1.18110001,54.63550186,5.99135017,50.00000000
0,2023-02-19 06:00:00,6,351,-2.91779995,54.03049850,8.15587997,50.00000000
0,2023-02-19 06:00:00,6,352,-3.13170004,51.20709991,5.80719995,50.00000000
0,2023-02-19 06:00:00,6,353,-4.89650011,55.72019958,6.68098021,50.00000000
0,2023-02-19 06:00:00,6,355,-2.40799999,55.96799850,8.83602047,50.00000000
0,2023-02-19 06:00:00,6,356,-0.23029999,52.93460083,4.41618013,50.00000000
0,2023-02-19 06:00:00,6,357,-3.67389989,52.63790131,5.96155977,50.00000000
0,2023-02-19 06:00:00,6,358,-4.54589987,50.64799881,3.74654007,50.00000000
0,2023-02-19 06:00:00,6,359,-3.07850003,54.87300110,7.10953999,50.00000000
0,2023-02-19 06:00:00,6,362,-1.68799996,54.82049942,6.52174997,50.00000000
0,2023-02-19 06:00:00,6,363,-0.92379999,53.72679901,5.25615978,50.00000000
0,2023-02-19 06:00:00,6,364,-1.44180000,54.71879959,6.16627979,50.00000000
0,2023-02-19 06:00:00,6,365,-3.50189996,54.63090134,7.20044994,50.00000000
0,2023-02-19 06:00:00,6,366,-1.48969996,55.13499832,7.65981007,50.00000000
0,2023-02-19 06:00:00,6,368,-3.68630004,58.60409927,7.68155003,50.00000000
0,2023-02-19 06:00:00,6,383,-3.50000000,54.42100143,6.32227993,50.00000000
0,2023-02-19 06:00:00,6,384,-2.20099998,51.86159897,3.62559009,50.00000000
0,2023-02-19 06:00:00,6,385,-1.61940002,52.50809860,4.19551992,50.00000000
0,2023-02-19 06:00:00,6,386,-1.20459998,53.70529938,5.64459991,50.00000000
0,2023-02-19 06:00:00,6,387,-1.04920006,53.20059967,4.43412018,50.00000000
0,2023-02-19 06:00:00,6,388,-1.13220000,53.22650146,4.46280003,50.00000000
0,2023-02-19 06:00:00,6,389,-1.06110001,53.41370010,4.70791006,50.00000000
0,2023-02-19 06:00:00,6,390,-1.64900005,55.24000168,7.56959009,50.00000000
0,2023-02-19 06:00:00,6,391,-2.44700003,53.53200150,5.04091978,50.00000000
0,2023-02-19 06:00:00,6,392,-1.38499999,52.99800110,4.91394997,50.00000000
0,2023-02-19 06:00:00,6,393,-1.38150001,52.69350052,4.76320982,50.00000000
0,2023-02-19 06:00:00,6,394,-1.69079995,53.27330017,6.25703001,50.00000000
0,2023-02-19 06:00:00,6,395,-3.89590001,55.52199936,7.96416998,50.00000000
0,2023-02-19 06:00:00,6,396,-3.82640004,55.61240005,7.81110001,50.00000000
0,2023-02-19 06:00:00,6,397,-3.89479995,55.52209854,7.96416998,50.00000000
0,2023-02-19 06:00:00,6,398,-4.28299999,55.37829971,7.11048985,50.00000000
0,2023-02-19 06:00:00,6,399,-4.40899992,55.45380020,7.43558979,50.00000000
0,2023-02-19 06:00:00,6,400,-4.37659979,55.33319855,6.96550989,50.00000000
0,2023-02-19 06:00:00,6,401,-3.83699989,55.59299850,7.59484005,50.00000000
0,2023-02-19 06:00:00,6,402,-3.15319991,55.82630157,8.31505013,50.00000000
0,2023-02-19 06:00:00,6,403,-3.98690009,55.54079819,8.29786015,50.00000000
0,2023-02-19 06:00:00,6,404,-3.41310000,56.11669922,8.88154984,50.00000000
0,2023-02-19 06:00:00,6,405,-3.88870001,51.69390106,4.27854013,50.00000000
0,2023-02-19 06:00:00,6,406,-3.61350012,51.73149872,4.24931002,50.00000000
0,2023-02-19 06:00:00,6,407,-4.01020002,50.40959930,3.27674007,50.00000000
0,2023-02-19 06:00:00,6,408,-0.82160002,54.55619812,6.69145012,50.00000000
0,2023-02-19 06:00:00,6,409,-7.38000011,54.59000015,7.15619993,50.00000000
0,2023-02-19 06:00:00,6,414,-0.19820000,53.94789886,5.98433018,50.00000000
0,2023-02-19 06:00:00,6,415,-0.08600000,53.81370163,5.27643013,50.00000000
0,2023-02-19 06:00:00,6,416,-4.87260008,55.07630157,6.40864992,50.00000000
0,2023-02-19 06:00:00,6,417,-1.55980003,55.20460129,7.33377981,50.00000000
0,2023-02-19 06:00:00,6,418,-3.27060008,58.40819931,6.78088999,50.00000000
0,2023-02-19 06:00:00,6,419,-4.96029997,50.47219849,3.91411996,50.00000000
0,2023-02-19 06:00:00,6,420,-3.14569998,59.11489868,9.17669964,50.00000000
0,2023-02-19 06:00:00,6,421,-3.66300011,51.68000031,4.32589006,50.00000000
0,2023-02-19 06:00:00,6,422,0.80350000,50.96009827,4.63660002,50.00000000
0,2023-02-19 06:00:00,6,423,-4.43359995,53.36220169,7.86374998,50.00000000
0,2023-02-19 06:00:00,6,424,-3.65070009,53.38109970,8.24685001,50.00000000
0,2023-02-19 06:00:00,6,425,-4.20289993,55.29380035,7.12197018,50.00000000
0,2023-02-19 06:00:00,6,426,6.47489977,48.84550095,4.64639997,50.00000000
0,2023-02-19 06:00:00,6,427,3.81089997,49.70009995,4.70420980,50.00000000
0,2023-02-19 06:00:00,6,428,4.04440022,49.67839813,4.74592018,50.00000000
0,2023-02-19 06:00:00,6,429,-2.04719996,46.94929886,2.46797991,50.00000000
0,2023-02-19 06:00:00,6,430,6.51420021,49.17070007,5.27711010,50.00000000
0,2023-02-19 06:00:00,6,431,0.93580002,49.81209946,4.48091984,50.00000000
0,2023-02-19 06:00:00,6,432,2.29320002,49.65430069,4.59593010,50.00000000
0,2023-02-19 06:00:00,6,433,1.49689996,49.83990097,4.78566980,50.00000000
0,2023-02-19 06:00:00,6,434,-4.13329983,48.18000031,2.03434992,50.00000000
0,2023-02-19 06:00:00,6,436,4.19469976,48.89419937,4.17425013,50.00000000
0,2023-02-19 06:00:00,6,437,-1.45039999,46.41979980,1.40638006,50.00000000
0,2023-02-19 06:00:00,6,438,2.06870008,47.00569916,2.34289002,50.00000000
0,2023-02-19 06:00:00,6,439,1.32939994,47.92919922,2.62383008,50.00000000
0,2023-02-19 06:00:00,6,440,2.05049992,49.58900070,4.56131983,50.00000000
0,2023-02-19 06:00:00,6,441,1.25479996,49.95180130,4.98376989,50.00000000
0,2023-02-19 06:00:00,6,442,-2.41429996,48.42150116,2.69781995,50.00000000
0,2023-02-19 06:00:00,6,443,5.43900013,48.69789886,4.60146999,50.00000000
0,2023-02-19 06:00:00,6,444,1.90779996,48.16149902,3.20218992,50.00000000
0,2023-02-19 06:00:00,6,445,0.10980000,45.81760025,2.09581995,50.00000000
0,2023-02-19 06:00:00,6,446,-0.93300003,53.61700058,5.07365990,50.00000000
0,2023-02-19 06:00:00,6,447,-4.13570023,51.68339920,4.70366001,50.00000000
0,2023-02-19 06:00:00,6,448,-3.56620002,51.70320129,5.31767988,50.00000000
0,2023-02-19 06:00:00,6,449,-4.96439981,51.79320145,5.49848986,50.00000000
0,2023-02-19 06:00:00,6,450,-3.33859992,53.04109955,5.87571001,50.00000000
0,2023-02-19 06:00:00,6,451,-4.18260002,53.20959854,7.71412992,50.00000000
0,2023-02-19 06:00:00,6,452,-5.21799994,56.21889877,9.13562012,50.00000000
0,2023-02-19 06:00:00,6,454,10.27099991,52.17499924,4.10705996,50.00000000
0,2023-02-19 06:00:00,6,455,10.36400032,52.61700058,4.25361013,50.00000000
0,2023-02-19 06:00:00,6,456,9.50000000,53.12599945,3.70458007,50.00000000
0,2023-02-19 06:00:00,6,458,-2.25699997,55.90480042,7.67211008,50.00000000
0,2023-02-19 06:00:00,6,459,-0.47999999,52.24000168,4.62785006,50.00000000
0,2023-02-19 06:00:00,6,460,1.28999996,52.06000137,4.24981022,50.00000000
0,2023-02-19 06:00:00,6,461,-1.40999997,51.11000061,3.36912990,50.00000000
0,2023-02-19 06:00:00,6,462,-1.25999999,51.06000137,3.25734997,50.00000000
0,2023-02-19 06:00:00,6,463,-0.57999998,51.61000061,4.04029989,50.00000000
0,2023-02-19 06:00:00,6,464,-4.28809977,55.86090088,6.44239998,50.00000000
0,2023-02-19 06:00:00,6,465,-4.29379988,55.85829926,6.44239998,50.00000000
0,2023-02-19 06:00:00,6,466,-3.75900006,56.57569885,9.07293034,50.00000000
0,2023-02-19 06:00:00,6,467,-3.61109996,55.39619827,6.20648003,50.00000000
0,2023-02-19 06:00:00,6,468,-7.85160017,54.86640167,9.49580002,50.00000000
0,2023-02-19 06:00:00,6,470,-2.64910007,57.66510010,6.85296011,50.00000000
0,2023-02-19 06:00:00,6,471,-6.46540022,57.43920135,12.90590954,50.00000000
0,2023-02-19 06:00:00,6,472,-3.23740005,58.46020126,6.36276007,50.00000000
0,2023-02-19 06:00:00,6,473,-4.43860006,57.71549988,11.29043007,50.00000000
0,2023-02-19 06:00:00,6,474,-5.28240013,56.37990189,10.69309044,50.00000000
0,2023-02-19 06:00:00,6,475,-3.43059993,56.30619812,8.66866970,50.00000000
0,2023-02-19 06:00:00,6,476,-3.35840011,54.85810089,8.49750042,50.00000000
0,2023-02-19 06:00:00,6,477,-1.79799998,54.75510025,7.28706980,50.00000000
0,2023-02-19 06:00:00,6,478,-2.63840008,54.33369827,6.14186001,50.00000000
0,2023-02-19 06:00:00,6,479,-3.13649988,54.24710083,6.59047985,50.00000000
0,2023-02-19 06:00:00,6,480,-1.91509998,54.88249969,7.43077993,50.00000000
0,2023-02-19 06:00:00,6,481,0.23379999,53.14410019,3.89856005,50.00000000
0,2023-02-19 06:00:00,6,482,-4.34060001,53.37670135,7.90071011,50.00000000
0,2023-02-19 06:00:00,6,483,-3.57870007,52.36249924,6.29487991,50.00000000
0,2023-02-19 06:00:00,6,484,-2.28819990,53.76509857,6.40104008,50.00000000
0,2023-02-19 06:00:00,6,485,-1.64760005,53.99679947,7.11537981,50.00000000
0,2023-02-19 06:00:00,6,486,-3.96650004,52.46369934,5.49643993,50.00000000
0,2023-02-19 06:00:00,6,487,-3.47440004,51.56449890,4.88079977,50.00000000
0,2023-02-19 06:00:00,6,488,-1.14010000,53.11690140,4.88976002,50.00000000
0,2023-02-19 06:00:00,6,489,-3.44799995,55.53939819,8.80922031,50.00000000
0,2023-02-19 06:00:00,6,490,-0.28230000,54.00439835,5.60106993,50.00000000
0,2023-02-19 06:00:00,6,491,-3.43510008,52.58229828,7.34837008,50.00000000
0,2023-02-19 06:00:00,6,492,-1.25430000,54.49110031,6.11144018,50.00000000
0,2023-02-19 06:00:00,6,493,-1.17799997,52.50049973,4.76094007,50.00000000
0,2023-02-19 06:00:00,6,494,-2.11400008,57.31549835,5.63708019,50.00000000
0,2023-02-19 06:00:00,6,501,-1.46959996,53.38240051,4.52833986,50.00000000
0,2023-02-19 06:00:00,6,503,-3.57419991,55.23899841,5.82612991,50.00000000
0,2023-02-19 06:00:00,6,504,-2.08780003,57.18610001,5.40944004,50.00000000
0,2023-02-19 06:00:00,6,505,10.09119987,53.67350006,4.23841000,50.00000000
0,2023-02-19 06:00:00,6,508,6.78840017,53.45159912,4.04186010,50.00000000
0,2023-02-19 06:00:00,6,509,4.38399982,51.66550064,5.08276987,50.00000000
0,2023-02-19 06:00:00,6,513,-2.24799991,53.66199875,6.18128014,50.00000000
0,2023-02-19 06:00:00,6,514,-3.48399997,53.10900116,7.06942987,50.00000000
0,2023-02-19 06:00:00,6,515,-3.94280005,55.70169830,7.78465986,50.00000000
0,2023-02-19 06:00:00,6,516,-3.51239991,51.69110107,5.13241005,50.00000000
0,2023-02-19 06:00:00,6,517,-2.57739997,57.62689972,6.22030020,50.00000000
0,2023-02-19 06:00:00,6,518,-9.38189983,51.62979889,5.78708982,50.00000000
0,2023-02-19 06:00:00,6,519,-4.22970009,55.77059937,8.15394020,50.00000000
0,2023-02-19 06:00:00,6,520,-1.89760005,54.91260147,6.74491978,50.00000000
0,2023-02-19 06:00:00,6,521,-0.09800000,52.51100159,4.07545996,50.00000000
0,2023-02-19 06:00:00,6,522,-1.76830006,54.76470184,6.80286980,50.00000000
0,2023-02-19 06:00:00,6,523,-2.00850010,55.15710068,8.37166977,50.00000000
0,2023-02-19 06:00:00,6,531,-2.91589999,54.02780151,8.12878990,50.00000000
0,2023-02-19 06:00:00,6,532,1.61889994,52.21179962,4.48424006,50.00000000
0,2023-02-19 06:00:00,6,533,0.96399999,50.91339874,4.94924021,50.00000000
0,2023-02-19 06:00:00,6,534,-1.71980000,52.45389938,3.96512008,50.00000000
0,2023-02-19 06:00:00,6,537,-2.78629994,53.88859940,5.83737993,50.00000000
0,2023-02-19 06:00:00,6,538,-6.55240011,52.62210083,5.39370012,50.00000000
0,2023-02-19 06:00:00,6,539,-9.15820026,52.10770035,6.14331007,50.00000000
0,2023-02-19 06:00:00,6,540,-8.93789959,51.81169891,6.49624014,50.00000000
0,2023-02-19 06:00:00,6,541,-3.07879996,55.18420029,6.68486977,50.00000000
0,2023-02-19 06:00:00,6,542,-3.12350011,58.43700027,6.78203011,50.00000000
0,2023-02-19 06:00:00,6,543,-3.45910001,52.92229843,6.08671999,50.00000000
0,2023-02-19 06:00:00,6,545,7.65829992,49.96879959,5.13260984,50.00000000
0,2023-02-19 06:00:00,6,553,-2.61139989,55.96500015,8.62660027,50.00000000
0,2023-02-19 06:00:00,6,554,-3.78160000,55.86650085,8.94390011,50.00000000
0,2023-02-19 06:00:00,6,555,-1.55400002,55.11149979,7.19279003,50.00000000
0,2023-02-19 06:00:00,6,556,-1.02670002,53.07249832,4.96398020,50.00000000
0,2023-02-19 06:00:00,6,557,-1.26220000,52.62960052,4.93555021,50.00000000
0,2023-02-19 06:00:00,6,558,-1.09909999,52.29539871,4.96105003,50.00000000
0,2023-02-19 06:00:00,6,559,0.13020000,53.23989868,4.26322985,50.00000000
0,2023-02-19 06:00:00,6,560,1.48810005,52.29629898,3.96606994,50.00000000
0,2023-02-19 06:00:00,6,561,-5.15780020,50.28260040,4.11662006,50.00000000
0,2023-02-19 06:00:00,6,562,-0.52859998,54.15100098,6.17522001,50.00000000
0,2023-02-19 06:00:00,6,563,-1.33109999,53.61569977,5.64764023,50.00000000
0,2023-02-19 06:00:00,6,564,-1.75940001,55.49969864,7.37649012,50.00000000
0,2023-02-19 06:00:00,6,565,0.91769999,51.71799850,4.80425978,50.00000000
0,2023-02-19 06:00:00,6,566,-0.86699998,53.66770172,5.17708015,50.00000000
0,2023-02-19 06:00:00,6,567,-3.47399998,52.95550156,6.86628008,50.00000000
0,2023-02-19 06:00:00,6,568,-0.02360000,52.53390121,4.03833008,50.00000000
0,2023-02-19 06:00:00,6,569,-5.20289993,50.04479980,3.70776010,50.00000000
0,2023-02-19 06:00:00,6,570,-4.38700008,50.49850082,3.15834999,50.00000000
0,2023-02-19 06:00:00,6,571,-1.43869996,54.77970123,5.97840023,50.00000000
0,2023-02-19 06:00:00,6,572,-3.16939998,54.77379990,7.71623993,50.00000000
0,2023-02-19 06:00:00,6,573,-1.41540003,54.83050156,6.21679020,50.00000000
0,2023-02-19 06:00:00,6,574,-1.23800004,53.31159973,5.16314983,50.00000000
0,2023-02-19 06:00:00,6,575,-2.84759998,53.89820099,6.19773006,50.00000000
0,2023-02-19 06:00:00,6,576,-0.12070000,52.46210098,4.11619997,50.00000000
0,2023-02-19 06:00:00,6,577,-5.14060020,50.17559814,3.62759995,50.00000000
0,2023-02-19 06:00:00,6,578,-0.60329998,53.84799957,5.50814009,50.00000000
0,2023-02-19 06:00:00,6,579,-1.40680003,54.83259964,6.17992020,50.00000000
0,2023-02-19 06:00:00,6,580,-4.86259985,50.47930145,3.73852992,50.00000000
0,2023-02-19 06:00:00,6,581,-0.17160000,52.55659866,4.06450987,50.00000000
0,2023-02-19 06:00:00,6,582,1.12559998,52.33349991,3.77485991,50.00000000
0,2023-02-19 06:00:00,6,583,-4.16900015,58.51559830,8.70652962,50.00000000
0,2023-02-19 06:00:00,6,584,-9.24090004,53.28689957,8.37010002,50.00000000
0,2023-02-19 06:00:00,6,599,-0.75239998,53.60390091,4.97965002,50.00000000
0,2023-02-19 06:00:00,6,600,-7.10750008,53.99940109,8.73670006,50.00000000
0,2023-02-19 06:00:00,6,601,-9.12129974,52.40119934,7.60313988,50.00000000
0,2023-02-19 06:00:00,6,602,-0.85299999,53.11800003,4.50004005,50.00000000
0,2023-02-19 06:00:00,6,603,-0.83730000,53.17060089,4.49087000,50.00000000
0,2023-02-19 06:00:00,6,604,-0.52700001,53.99390030,5.77018023,50.00000000
0,2023-02-19 06:00:00,6,605,-0.16450000,53.86849976,5.43163013,50.00000000
0,2023-02-19 06:00:00,6,606,-0.16689999,53.56069946,4.70726013,50.00000000
0,2023-02-19 06:00:00,6,607,-1.06060004,53.08919907,4.91125011,50.00000000
0,2023-02-19 06:00:00,6,608,-0.78869998,53.84889984,4.86663008,50.00000000
0,2023-02-19 06:00:00,6,609,-0.77130002,53.75770187,5.10723019,50.00000000
0,2023-02-19 06:00:00,6,610,-0.80629998,53.81200027,4.99730015,50.00000000
0,2023-02-19 06:00:00,6,611,-1.37450004,54.79449844,6.55015993,50.00000000
0,2023-02-19 06:00:00,6,612,-1.61629999,54.55540085,5.24982023,50.00000000
0,2023-02-19 06:00:00,6,613,-1.74839997,54.84970093,6.81970978,50.00000000
0,2023-02-19 06:00:00,6,614,-6.04860020,54.82949829,7.87816000,50.00000000
0,2023-02-19 06:00:00,6,615,-3.97930002,55.66830063,8.62660027,50.00000000
0,2023-02-19 06:00:00,6,616,-3.65459991,55.78350067,7.96217012,50.00000000
0,2023-02-19 06:00:00,6,617,-3.89890003,55.91859818,8.67578983,50.00000000
0,2023-02-19 06:00:00,6,618,-2.95760012,56.38629913,8.19993019,50.00000000
0,2023-02-19 06:00:00,6,619,-3.98469996,55.66609955,8.62660027,50.00000000
0,2023-02-19 06:00:00,6,620,-4.61049986,50.68650055,3.87768006,50.00000000
0,2023-02-19 06:00:00,6,621,-4.69540024,50.47900009,3.50839996,50.00000000
0,2023-02-19 06:00:00,6,622,-4.44939995,50.43600082,3.24278998,50.00000000
0,2023-02-19 06:00:00,6,623,-4.40500021,50.82910156,3.89456010,50.00000000
0,2023-02-19 06:00:00,6,624,-4.34740019,50.85219955,4.15073013,50.00000000
0,2023-02-19 06:00:00,6,625,-4.36770010,50.39989853,2.96256995,50.00000000
0,2023-02-19 06:00:00,6,626,-5.00780010,51.72380066,5.69984007,50.00000000
0,2023-02-19 06:00:00,6,627,-5.05819988,51.72520065,5.71636009,50.00000000
0,2023-02-19 06:00:00,6,628,-3.33520007,51.77149963,5.18042994,50.00000000
0,2023-02-19 06:00:00,6,629,-1.25109994,52.47409821,4.67193985,50.00000000
0,2023-02-19 06:00:00,6,630,0.19589999,51.47900009,4.21838999,50.00000000
0,2023-02-19 06:00:00,6,631,-0.14749999,52.29809952,4.22367001,50.00000000
0,2023-02-19 06:00:00,6,632,-1.27719998,52.17890167,4.77287006,50.00000000
0,2023-02-19 06:00:00,6,633,9.97739983,53.56019974,4.08068991,50.00000000
0,2023-02-19 06:00:00,6,634,-3.28299999,53.98300171,8.49188995,50.00000000
0,2023-02-19 06:00:00,6,635,-4.53299999,53.25000000,7.78061008,50.00000000
0,2023-02-19 06:00:00,6,636,1.88300002,51.93000031,4.98283005,50.00000000
0,2023-02-19 06:00:00,6,637,0.43610001,53.12749863,4.00135994,50.00000000
0,2023-02-19 06:00:00,6,638,-2.98609996,53.17449951,4.55047989,50.00000000
0,2023-02-19 06:00:00,6,639,-2.57579994,51.52140045,4.56535006,50.00000000
0,2023-02-19 06:00:00,6,640,-1.53149998,54.29679871,4.75102997,50.00000000
0,2023-02-19 06:00:00,6,641,-3.40000010,51.40999985,4.92081022,50.00000000
0,2023-02-19 06:00:00,6,642,-5.28240013,56.37990189,10.69309044,50.00000000
0,2023-02-19 06:00:00,6,643,-4.45749998,57.72290039,11.29043007,50.00000000
0,2023-02-19 06:00:00,6,644,-4.17030001,55.28559875,7.54341984,50.00000000
0,2023-02-19 06:00:00,6,645,-4.74550009,55.24089813,6.51952982,50.00000000
0,2023-02-19 06:00:00,6,646,-4.13780022,55.57619858,8.25712967,50.00000000
0,2023-02-19 06:00:00,6,647,-0.24969999,52.06000137,4.27140999,50.00000000
0,2023-02-19 06:00:00,6,648,-6.82639980,55.10089874,8.65734959,50.00000000
0,2023-02-19 06:00:00,6,649,0.73439997,52.62860107,3.33751988,50.00000000
0,2023-02-19 06:00:00,6,650,1.11099994,52.69160080,3.25810003,50.00000000
0,2023-02-19 06:00:00,6,651,-3.86730003,56.03099823,7.48455000,50.00000000
0,2023-02-19 06:00:00,6,652,-3.73720002,55.87189865,8.79051971,50.00000000
0,2023-02-19 06:00:00,6,653,7.98859978,50.41059875,4.74846983,50.00000000
0,2023-02-19 06:00:00,6,654,8.79790020,53.43439865,4.04512978,50.00000000
0,2023-02-19 06:00:00,6,656,-4.77740002,54.90499878,5.47266006,50.00000000
0,2023-02-19 06:00:00,6,660,-7.25880003,54.91419983,8.52412033,50.00000000
0,2023-02-19 06:00:00,6,661,4.41900015,52.60599899,3.60092998,50.00000000
0,2023-02-19 06:00:00,6,662,2.96900010,51.55599976,7.95446014,50.00000000
0,2023-02-19 06:00:00,6,663,4.23099995,51.51300049,5.50720978,50.00000000
0,2023-02-19 06:00:00,6,664,4.36339998,51.23199844,4.92680979,50.00000000
0,2023-02-19 06:00:00,6,665,-2.02889991,55.63339996,7.43707991,50.00000000
0,2023-02-19 06:00:00,6,666,-1.16610003,54.59099960,5.61826992,50.00000000
0,2023-02-19 06:00:00,6,667,-2.99119997,53.39709854,5.10570002,50.00000000
0,2023-02-19 06:00:00,6,668,9.27079964,54.74729919,5.11473989,50.00000000
0,2023-02-19 06:00:00,6,669,9.49880028,54.11940002,4.51422977,50.00000000
0,2023-02-19 06:00:00,6,670,9.45499992,54.38510132,4.77756977,50.00000000
0,2023-02-19 06:00:00,6,671,2.28909993,48.83190155,3.33797002,50.00000000
0,2023-02-19 06:00:00,6,672,-6.22730017,54.87889862,6.16633987,50.00000000
0,2023-02-19 06:00:00,6,673,0.23840000,53.31999969,4.22972012,50.00000000
0,2023-02-19 06:00:00,6,674,-2.71289992,51.50870132,4.65479994,50.00000000
0,2023-02-19 06:00:00,6,675,-3.10220003,51.50579834,4.67053986,50.00000000
0,2023-02-19 06:00:00,6,676,0.16480000,51.51599884,4.14826012,50.00000000
0,2023-02-19 06:00:00,6,677,-1.03460002,52.80879974,5.19041014,50.00000000
0,2023-02-19 06:00:00,6,678,-2.89829993,56.48519897,7.16761017,50.00000000
0,2023-02-19 06:00:00,6,679,-4.16559982,55.73749924,8.65388966,50.00000000
0,2023-02-19 06:00:00,6,680,0.08340000,53.43299866,4.42230988,50.00000000
0,2023-02-19 06:00:00,6,681,-4.27379990,50.92399979,4.02537012,50.00000000
0,2023-02-19 06:00:00,6,682,-0.98559999,51.41870117,3.72653008,50.00000000
0,2023-02-19 06:00:00,6,683,-2.26780009,51.70209885,4.05786991,50.00000000
0,2023-02-19 06:00:00,6,684,-2.58240008,51.25450134,4.73078012,50.00000000
0,2023-02-19 06:00:00,6,685,1.65439999,52.70999908,3.21430993,50.00000000
0,2023-02-19 06:00:00,6,686,0.68339998,52.65679932,3.34576988,50.00000000
0,2023-02-19 06:00:00,6,687,-1.08829999,53.29539871,4.55747986,50.00000000
0,2023-02-19 06:00:00,6,688,-1.96519995,51.71490097,3.87836003,50.00000000
0,2023-02-19 06:00:00,6,689,-0.16960000,51.15340042,4.15073013,50.00000000
0,2023-02-19 06:00:00,6,690,-0.61919999,51.18209839,3.59238005,50.00000000
0,2023-02-19 06:00:00,6,691,-0.20020001,51.79690170,4.35314989,50.00000000
0,2023-02-19 06:00:00,6,692,-0.23980001,51.52460098,3.65967011,50.00000000
0,2023-02-19 06:00:00,6,693,-0.05280000,51.47980118,3.62744999,50.00000000
0,2023-02-19 06:00:00,6,694,-1.33910000,52.06330109,4.37086010,50.00000000
0,2023-02-19 06:00:00,6,695,-1.23800004,51.74980164,3.76127005,50.00000000
0,2023-02-19 06:00:00,6,696,-0.97369999,51.45370102,3.71503997,50.00000000
0,2023-02-19 06:00:00,6,697,-1.73389995,51.41830063,3.85898995,50.00000000
0,2023-02-19 06:00:00,6,698,-0.81169999,51.81549835,4.35240984,50.00000000
0,2023-02-19 06:00:00,6,699,-1.09119999,51.26490021,3.63491988,50.00000000
0,2023-02-19 06:00:00,6,700,-1.72220004,51.92729950,4.37086010,50.00000000
0,2023-02-19 06:00:00,6,701,-0.08010000,51.65290070,3.96512008,50.00000000
0,2023-02-19 06:00:00,6,702,0.15400000,51.86380005,4.54515982,50.00000000
0,2023-02-19 06:00:00,6,703,-0.19210000,51.45500183,3.61891007,50.00000000
0,2023-02-19 06:00:00,6,704,-0.00120000,51.54100037,3.68710995,50.00000000
0,2023-02-19 06:00:00,6,705,0.09630000,51.37110138,4.33263016,50.00000000
0,2023-02-19 06:00:00,6,706,-0.48690000,51.37469864,3.71935010,50.00000000
0,2023-02-19 06:00:00,6,707,-0.55620003,51.59320068,3.92631006,50.00000000
0,2023-02-19 06:00:00,6,708,-4.21579981,55.31679916,7.39609003,50.00000000
0,2023-02-19 06:00:00,6,709,-0.23330000,53.73740005,4.96382999,50.00000000
0,2023-02-19 06:00:00,6,710,-2.30890012,53.23659897,3.95900989,50.00000000
0,2023-02-19 06:00:00,6,711,0.03740000,52.16699982,4.19504023,50.00000000
0,2023-02-19 06:00:00,6,712,-1.09249997,53.59080124,5.06597996,50.00000000
0,2023-02-19 06:00:00,6,713,-3.37910008,54.75249863,7.73994017,50.00000000
0,2023-02-19 06:00:00,6,714,-1.16120005,52.38130188,4.68744993,50.00000000
0,2023-02-19 06:00:00,6,715,8.79790020,53.43439865,4.04512978,50.00000000
0,2023-02-19 06:00:00,6,717,9.27079964,54.74729919,5.11473989,50.00000000
0,2023-02-19 06:00:00,6,718,9.49880028,54.11940002,4.51422977,50.00000000
0,2023-02-19 06:00:00,6,719,9.45499992,54.38510132,4.77756977,50.00000000
0,2023-02-19 06:00:00,6,720,0.29300001,53.64400101,4.62479019,50.00000000
0,2023-02-19 06:00:00,6,721,-4.25000000,55.84899902,6.35659981,50.00000000
0,2023-02-19 06:00:00,6,722,-0.21170001,51.48749924,3.61555004,50.00000000
0,2023-02-19 06:00:00,6,723,-3.36899996,55.94110107,8.45116043,50.00000000
0,2023-02-19 06:00:00,6,724,0.00850000,51.76179886,4.25830984,50.00000000
0,2023-02-19 06:00:00,6,725,-0.22890000,50.82920074,4.11260986,50.00000000
0,2023-02-19 06:00:00,6,726,-0.10610000,50.81169891,4.61529016,50.00000000
0,2023-02-19 06:00:00,6,727,0.00970000,51.49729919,3.68811989,50.00000000
0,2023-02-19 06:00:00,6,728,-0.19560000,52.55099869,4.07285023,50.00000000
0,2023-02-19 06:00:00,6,729,-3.18829989,55.95330048,7.47236013,50.00000000
0,2023-02-19 06:00:00,6,730,-4.94430017,58.27909851,12.74932003,50.00000000
0,2023-02-19 06:00:00,6,731,-4.99009991,56.98339844,10.66281986,50.00000000
0,2023-02-19 06:00:00,6,732,-4.41639996,57.18410110,11.04146004,50.00000000
0,2023-02-19 06:00:00,6,733,-5.49510002,56.68759918,9.53407955,50.00000000
0,2023-02-19 06:00:00,6,734,-3.69169998,53.45080185,8.56085014,50.00000000
0,2023-02-19 06:00:00,6,735,-3.46210003,53.35210037,6.78326988,50.00000000
0,2023-02-19 06:00:00,6,736,9.98610020,53.56079865,4.08068991,50.00000000
0,2023-02-19 06:00:00,6,737,9.99110031,53.63029861,4.17830992,50.00000000
0,2023-02-19 06:00:00,6,738,-3.69709992,51.66019821,4.18370008,50.00000000
0,2023-02-19 06:00:00,6,739,-3.60019994,51.67219925,5.03892994,50.00000000
0,2023-02-19 06:00:00,6,740,-2.14170003,53.70199966,7.07586002,50.00000000
0,2023-02-19 06:00:00,6,741,-2.05180001,53.80059814,7.83810997,50.00000000
0,2023-02-19 06:00:00,6,742,-2.01370001,53.74179840,6.69875002,50.00000000
0,2023-02-19 06:00:00,6,743,-1.78639996,53.70119858,6.15337992,50.00000000
0,2023-02-19 06:00:00,6,744,-1.92019999,53.79399872,7.24828005,50.00000000
0,2023-02-19 06:00:00,6,745,-1.90799999,53.77700043,7.60534000,50.00000000
0,2023-02-19 06:00:00,6,746,-2.98000002,58.99750137,8.34156990,50.00000000
0,2023-02-19 06:00:00,6,747,-4.34469986,57.80709839,11.62532043,50.00000000
0,2023-02-19 06:00:00,6,748,-6.51539993,58.23249817,12.76124954,50.00000000
0,2023-02-19 06:00:00,6,749,-2.00130010,57.61529922,5.86631012,50.00000000
0,2023-02-19 06:00:00,6,750,-6.18599987,55.68960190,8.08551025,50.00000000
0,2023-02-19 06:00:00,6,751,-4.44350004,55.76620102,8.69289970,50.00000000
0,2023-02-19 06:00:00,6,752,-0.94160002,54.54449844,6.75459003,50.00000000
0,2023-02-19 06:00:00,6,753,-1.07410002,52.79980087,5.05399990,50.00000000
0,2023-02-19 06:00:00,6,754,-4.52110004,51.75809860,4.86697006,50.00000000
0,2023-02-19 06:00:00,6,755,-4.70389986,50.63779831,3.75775003,50.00000000
0,2023-02-19 06:00:00,6,756,-3.66910005,58.56570053,7.42697001,50.00000000
0,2023-02-19 06:00:00,6,757,-4.23290014,51.97809982,4.50087023,50.00000000
0,2023-02-19 06:00:00,6,758,-3.55180001,57.48410034,8.40275002,50.00000000
0,2023-02-19 06:00:00,6,759,-3.83550000,55.50839996,7.35736990,50.00000000
0,2023-02-19 06:00:00,6,760,9.64319992,50.32720184,5.35562992,50.00000000
0,2023-02-19 06:00:00,6,761,8.13059998,49.62099838,5.75539017,50.00000000
0,2023-02-19 06:00:00,6,763,-3.62389994,53.43730164,8.51543045,50.00000000
0,2023-02-19 06:00:00,6,764,-3.54069996,53.46569824,8.51261997,50.00000000
0,2023-02-19 06:00:00,6,765,8.16810036,53.83509827,4.90504980,50.00000000
0,2023-02-19 06:00:00,6,766,5.87200022,54.31800079,5.41056013,50.00000000
0,2023-02-19 06:00:00,6,768,-1.46070004,51.21569824,3.39807010,50.00000000
0,2023-02-19 06:00:00,6,769,-2.68740010,51.50320053,4.65479994,50.00000000
0,2023-02-19 06:00:00,6,770,-0.18990000,51.13610077,3.99468994,50.00000000
0,2023-02-19 06:00:00,6,771,0.14399999,51.51900101,4.04261017,50.00000000
0,2023-02-19 06:00:00,6,772,0.24640000,51.46310043,4.22584009,50.00000000
0,2023-02-19 06:00:00,6,773,-1.62829995,52.59329987,4.20937014,50.00000000
0,2023-02-19 06:00:00,6,774,-0.02160000,51.67689896,3.90142989,50.00000000
0,2023-02-19 06:00:00,6,775,-0.24320000,51.76229858,4.32775021,50.00000000
0,2023-02-19 06:00:00,6,776,-2.86310005,53.48270035,4.81369019,50.00000000
0,2023-02-19 06:00:00,6,777,-1.65310001,53.74110031,6.30221987,50.00000000
0,2023-02-19 06:00:00,6,778,-2.20420003,53.35409927,4.10571003,50.00000000
0,2023-02-19 06:00:00,6,779,-0.73009998,52.06869888,4.38867998,50.00000000
0,2023-02-19 06:00:00,6,780,-1.52160001,51.63690186,4.03077984,50.00000000
0,2023-02-19 06:00:00,6,781,-0.21220000,52.57130051,4.06219006,50.00000000
0,2023-02-19 06:00:00,6,782,-0.38490000,51.55690002,3.73451996,50.00000000
0,2023-02-19 06:00:00,6,783,-1.43589997,53.40520096,4.48091984,50.00000000
0,2023-02-19 06:00:00,6,784,-0.48410001,51.34709930,3.64158010,50.00000000
0,2023-02-19 06:00:00,6,785,-0.19110000,51.43590164,3.65352011,50.00000000
0,2023-02-19 06:00:00,6,786,-3.17910004,51.48160172,4.53362989,50.00000000
0,2023-02-19 06:00:00,6,787,-0.33669999,53.74570084,4.66007996,50.00000000
0,2023-02-19 06:00:00,6,788,1.14699996,53.13499832,3.66588998,50.00000000
0,2023-02-19 06:00:00,6,789,-3.83800006,52.42699814,6.04103994,50.00000000
0,2023-02-19 06:00:00,6,790,-1.97969997,52.99509811,4.96157980,50.00000000
0,2023-02-19 06:00:00,6,791,0.03450000,51.62760162,3.96425009,50.00000000
0,2023-02-19 06:00:00,6,792,-3.28169990,53.29339981,5.88787985,50.00000000
0,2023-02-19 06:00:00,6,793,-1.91040003,53.48020172,6.58464003,50.00000000
0,2023-02-19 06:00:00,6,794,-2.21770000,53.86980057,7.36903000,50.00000000
0,2023-02-19 06:00:00,6,795,-1.02810001,52.09149933,4.41951990,50.00000000
0,2023-02-19 06:00:00,6,796,0.26240000,52.39950180,3.85760999,50.00000000
0,2023-02-19 06:00:00,6,797,-2.24259996,53.48080063,4.00880003,50.00000000
0,2023-02-19 06:00:00,6,798,-0.00720000,51.54309845,3.64982009,50.00000000
0,2023-02-19 06:00:00,6,799,-0.22130001,51.50749969,3.65908003,50.00000000
0,2023-02-19 06:00:00,6,800,-4.18470001,50.38589859,2.71106005,50.00000000
0,2023-02-19 06:00:00,6,801,-2.08360004,55.16989899,7.70339012,50.00000000
0,2023-02-19 06:00:00,6,802,-2.97709990,57.35879898,7.30057001,50.00000000
0,2023-02-19 06:00:00,6,803,-4.53049994,51.75770187,4.86697006,50.00000000
0,2023-02-19 06:00:00,6,804,-1.16299999,52.41889954,4.68304014,50.00000000
0,2023-02-19 06:00:00,6,805,-6.41169977,57.44409943,13.09613991,50.00000000
0,2023-02-19 06:00:00,6,806,-3.26329994,53.31990051,5.57777977,50.00000000
0,2023-02-19 06:00:00,6,807,-1.84539998,51.54850006,3.90315008,50.00000000
0,2023-02-19 06:00:00,6,808,-3.29999995,58.29999924,7.78936005,50.00000000
0,2023-02-19 06:00:00,6,809,-4.80000019,57.59999847,10.98639011,50.00000000
0,2023-02-19 06:00:00,6,810,-4.09999990,57.40000153,8.39155006,50.00000000
0,2023-02-19 06:00:00,6,811,-1.89289999,52.99000168,5.07707977,50.00000000
0,2023-02-19 06:00:00,6,812,-1.87419999,52.98580170,5.32196999,50.00000000
0,2023-02-19 06:00:00,6,813,-1.89289999,52.99000168,5.07707977,50.00000000
0,2023-02-19 06:00:00,6,814,-2.80040002,54.04999924,6.29594994,50.00000000
0,2023-02-19 06:00:00,6,815,-2.91750002,54.89429855,6.42829990,50.00000000
0,2023-02-19 06:00:00,6,816,-2.02629995,53.74140167,6.69875002,50.00000000
0,2023-02-19 06:00:00,6,817,-4.48390007,54.96049881,4.77216005,50.00000000
0,2023-02-19 06:00:00,6,818,-2.74469995,54.32989883,5.31652021,50.00000000
0,2023-02-19 06:00:00,6,819,-2.80349994,54.04729843,6.29594994,50.00000000
0,2023-02-19 06:00:00,6,820,-4.48260021,54.95880127,4.64997005,50.00000000
0,2023-02-19 06:00:00,6,821,-1.07840002,53.82770157,5.19977999,50.00000000
0,2023-02-19 06:00:00,6,822,-3.14849997,51.47629929,4.52277994,50.00000000
0,2023-02-19 06:00:00,6,823,-5.76000023,54.72000122,8.99079037,50.00000000
0,2023-02-19 06:00:00,6,824,-5.78999996,54.84000015,8.99876976,50.00000000
0,2023-02-19 06:00:00,6,825,-2.43449998,55.79700089,7.30390978,50.00000000
0,2023-02-19 06:00:00,6,826,0.30430001,52.15729904,4.15921021,50.00000000
0,2023-02-19 06:00:00,6,827,-4.77500010,54.94139862,5.49165010,50.00000000
0,2023-02-19 06:00:00,6,830,-3.64409995,51.76699829,4.59568977,50.00000000
0,2023-02-19 06:00:00,6,831,-3.67170000,51.76100159,4.59568977,50.00000000
0,2023-02-19 06:00:00,6,832,-3.51279998,51.70700073,4.98034000,50.00000000
0,2023-02-19 06:00:00,6,833,-3.49729991,51.60910034,5.06501007,50.00000000
0,2023-02-19 06:00:00,6,834,-3.51799989,51.61690140,5.05149984,50.00000000
0,2023-02-19 06:00:00,6,835,-0.10840000,51.55490112,3.71930003,50.00000000
0,2023-02-19 06:00:00,6,836,-0.28470001,51.71110153,4.25750017,50.00000000
0,2023-02-19 06:00:00,6,837,-0.02400000,51.54349899,3.64982009,50.00000000
0,2023-02-19 06:00:00,6,838,-3.01810002,56.18220139,8.39381981,50.00000000
0,2023-02-19 06:00:00,6,839,-4.81669998,57.13330078,10.93330002,50.00000000
0,2023-02-19 06:00:00,6,840,-9.31079960,51.93859863,6.84190989,50.00000000
0,2023-02-19 06:00:00,6,841,-3.51320004,54.56850052,6.99217987,50.00000000
0,2023-02-19 06:00:00,6,842,-3.91459990,55.55749893,8.41658974,50.00000000
0,2023-02-19 06:00:00,6,843,-4.12779999,58.04800034,7.86402988,50.00000000
0,2023-02-19 06:00:00,6,844,1.61730003,52.21080017,4.49246979,50.00000000
0,2023-02-19 06:00:00,6,845,-4.48280001,53.41619873,8.16571045,50.00000000
0,2023-02-19 06:00:00,6,846,-0.24500000,51.53219986,3.68971992,50.00000000
0,2023-02-19 06:00:00,6,847,-2.43330002,53.08959961,3.95958996,50.00000000
0,2023-02-19 06:00:00,6,848,-2.49480009,51.69269943,5.10956001,50.00000000
0,2023-02-19 06:00:00,6,849,-3.50070000,54.41920090,6.37551022,50.00000000
0,2023-02-19 06:00:00,6,850,-3.22679996,55.01440048,6.99595022,50.00000000
0,2023-02-19 06:00:00,6,851,-2.96009994,54.90869904,6.78340006,50.00000000
0,2023-02-19 06:00:00,6,852,-3.75259995,58.57759857,7.60303020,50.00000000
0,2023-02-19 06:00:00,6,853,1.25849998,52.10129929,4.21468019,50.00000000
0,2023-02-19 06:00:00,6,854,0.37320000,52.61080170,3.35647988,50.00000000
0,2023-02-19 06:00:00,6,855,-0.69650000,53.22460175,4.43837976,50.00000000
0,2023-02-19 06:00:00,6,856,-0.22950000,53.15340042,4.13605022,50.00000000
0,2023-02-19 06:00:00,6,857,-0.04550000,52.93939972,4.15344000,50.00000000
0,2023-02-19 06:00:00,6,858,-0.68390000,53.37060165,4.55621004,50.00000000
0,2023-02-19 06:00:00,6,859,-0.73449999,52.35900116,4.93491983,50.00000000
0,2023-02-19 06:00:00,6,860,-0.87540001,51.96910095,4.49490023,50.00000000
0,2023-02-19 06:00:00,6,861,-0.24320000,52.28810120,4.32469988,50.00000000
0,2023-02-19 06:00:00,6,862,-0.29789999,52.19219971,4.31082010,50.00000000
0,2023-02-19 06:00:00,6,863,-0.81120002,52.43569946,4.91544008,50.00000000
0,2023-02-19 06:00:00,6,864,0.57499999,51.51100159,4.53177023,50.00000000
0,2023-02-19 06:00:00,6,865,0.70929998,51.55550003,4.32630014,50.00000000
0,2023-02-19 06:00:00,6,866,0.15490000,52.23339844,3.95115995,50.00000000
0,2023-02-19 06:00:00,6,867,0.04020000,53.39039993,4.40275002,50.00000000
0,2023-02-19 06:00:00,6,868,1.73450005,52.46810150,3.46539998,50.00000000
0,2023-02-19 06:00:00,6,869,0.32049999,51.69110107,4.55524015,50.00000000
0,2023-02-19 06:00:00,6,870,0.87760001,51.94440079,4.31733990,50.00000000
0,2023-02-19 06:00:00,6,871,-0.60549998,52.61380005,4.84291983,50.00000000
0,2023-02-19 06:00:00,6,872,1.29859996,52.69010162,3.17065001,50.00000000
0,2023-02-19 06:00:00,6,873,0.99210000,52.19620132,4.01896000,50.00000000
0,2023-02-19 06:00:00,6,874,1.16489995,51.84640121,4.50920010,50.00000000
0,2023-02-19 06:00:00,6,875,0.80140001,52.56940079,3.38740993,50.00000000
0,2023-02-19 06:00:00,6,876,-0.45870000,52.47940063,4.47037983,50.00000000
0,2023-02-19 06:00:00,6,877,-0.24770001,52.51580048,4.20016003,50.00000000
0,2023-02-19 06:00:00,6,878,-0.27230000,51.97729874,4.34287024,50.00000000
0,2023-02-19 06:00:00,6,879,1.26250005,52.26979828,3.96474004,50.00000000
0,2023-02-19 06:00:00,6,880,1.72389996,52.60639954,3.24286008,50.00000000
0,2023-02-19 06:00:00,6,881,-0.06550000,53.57550049,4.54172993,50.00000000
0,2023-02-19 06:00:00,6,882,-0.00900000,53.54389954,4.56592989,50.00000000
0,2023-02-19 06:00:00,6,883,5.49079990,59.75320053,4.78776979,50.00000000
0,2023-02-19 06:00:00,6,884,5.49079990,59.75320053,4.78776979,50.00000000
0,2023-02-19 06:00:00,6,885,5.49079990,59.75320053,4.78776979,50.00000000
0,2023-02-19 06:00:00,6,886,5.49079990,59.75320053,4.78776979,50.00000000
0,2023-02-19 06:00:00,6,887,5.49079990,59.75320053,4.78776979,50.00000000
0,2023-02-19 06:00:00,6,888,5.49079990,59.75320053,4.78776979,50.00000000
0,2023-02-19 06:00:00,6,889,5.49079990,59.75320053,4.78776979,50.00000000
0,2023-02-19 06:00:00,6,890,5.49079990,59.75320053,4.78776979,50.00000000
0,2023-02-19 06:00:00,6,891,5.49079990,59.75320053,4.78776979,50.00000000
0,2023-02-19 06:00:00,6,892,5.49079990,59.75320053,4.78776979,50.00000000
0,2023-02-19 06:00:00,6,893,5.49079990,59.75320053,4.78776979,50.00000000
0,2023-02-19 06:00:00,6,894,5.49079990,59.75320053,4.78776979,50.00000000
0,2023-02-19 06:00:00,6,895,5.49079990,59.75320053,4.78776979,50.00000000
0,2023-02-19 06:00:00,6,896,5.49079990,59.75320053,4.78776979,50.00000000
0,2023-02-19 06:00:00,6,897,5.49079990,59.75320053,4.78776979,50.00000000
0,2023-02-19 06:00:00,6,898,5.49079990,59.75320053,4.78776979,50.00000000
0,2023-02-19 06:00:00,6,899,5.48330021,59.71670151,5.09177017,50.00000000
0,2023-02-19 06:00:00,6,900,5.58330011,59.71670151,4.89201021,50.00000000
0,2023-02-19 06:00:00,6,901,-0.53509998,51.54830170,3.79870009,50.00000000
0,2023-02-19 06:00:00,6,902,-0.09020000,51.50529861,3.48599005,50.00000000
0,2023-02-19 06:00:00,6,903,-0.09880000,51.51390076,3.51564002,50.00000000
0,2023-02-19 06:00:00,6,904,-1.59920001,51.20980072,3.72653008,50.00000000
0,2023-02-19 06:00:00,6,905,-3.73320007,56.70380020,5.63855982,50.00000000
0,2023-02-19 06:00:00,6,906,-1.36090004,51.84220123,3.87949991,50.00000000
0,2023-02-19 06:00:00,6,907,-2.40330005,56.83890152,6.41357994,50.00000000
0,2023-02-19 06:00:00,6,908,-3.21790004,58.35910034,7.18036985,50.00000000
0,2023-02-19 06:00:00,6,909,-4.00080013,57.41379929,11.03997040,50.00000000
0,2023-02-19 06:00:00,6,910,-4.80670023,57.66130066,13.45442963,50.00000000
0,2023-02-19 06:00:00,6,911,-2.14170003,50.70399857,3.14223003,50.00000000
0,2023-02-19 06:00:00,6,912,-1.71430004,51.59090042,3.90568995,50.00000000
0,2023-02-19 06:00:00,6,913,-1.02359998,51.40670013,3.76300001,50.00000000
0,2023-02-19 06:00:00,6,914,-3.36669993,57.53329849,7.95811987,50.00000000
0,2023-02-19 06:00:00,6,915,-3.37140012,57.53720093,7.95811987,50.00000000
0,2023-02-19 06:00:00,6,916,-3.47609997,57.44609833,9.65725040,50.00000000
0,2023-02-19 06:00:00,6,917,-2.46670008,56.95000076,5.96116018,50.00000000
0,2023-02-19 06:00:00,6,918,-2.50000000,55.93330002,9.33283997,50.00000000
0,2023-02-19 06:00:00,6,919,-2.51309991,55.89500046,8.70643997,50.00000000
0,2023-02-19 06:00:00,6,920,-2.54999995,55.90560150,9.27412987,50.00000000
0,2023-02-19 06:00:00,6,921,-4.11670017,55.23329926,5.77645016,50.00000000
0,2023-02-19 06:00:00,6,923,6.71000004,58.15829849,7.03736019,50.00000000
0,2023-02-19 06:00:00,6,924,-1.89549994,52.98720169,5.07707977,50.00000000
0,2023-02-19 06:00:00,6,925,-0.44610000,51.47980118,3.87333012,50.00000000
0,2023-02-19 06:00:00,6,926,-2.57969999,51.45159912,4.33651018,50.00000000
0,2023-02-19 06:00:00,6,927,-3.17000008,51.47620010,4.52277994,50.00000000
0,2023-02-19 06:00:00,6,928,-1.06649995,52.95529938,4.81904984,50.00000000
0,2023-02-19 06:00:00,6,929,-2.97810006,53.40679932,4.17586994,50.00000000
0,2023-02-19 06:00:00,6,930,-1.61609995,54.97129822,5.82714987,50.00000000
0,2023-02-19 06:00:00,6,931,-9.60789967,51.39730072,6.82399988,50.00000000
0,2023-02-19 06:00:00,6,932,-6.41760015,49.87860107,5.18431997,50.00000000
0,2023-02-19 06:00:00,6,933,-6.30229998,49.98199844,5.49109983,50.00000000
0,2023-02-19 06:00:00,6,934,-1.30009997,50.76710129,3.23213005,50.00000000
0,2023-02-19 06:00:00,6,935,-4.15360022,50.35430145,2.76988006,50.00000000
0,2023-02-19 06:00:00,6,936,-2.45659995,50.51250076,5.52857018,50.00000000
0,2023-02-19 06:00:00,6,937,-5.72160006,50.06579971,5.40309000,50.00000000
0,2023-02-19 06:00:00,6,938,-5.20669985,49.95399857,4.32439995,50.00000000
0,2023-02-19 06:00:00,6,939,-8.91170025,51.05849838,6.13123989,50.00000000
0,2023-02-19 06:00:00,6,940,-8.05039978,50.74789810,5.69082022,50.00000000
0,2023-02-19 06:00:00,6,941,-7.34410000,50.37310028,5.32763004,50.00000000
0,2023-02-19 06:00:00,6,942,-2.98609996,50.35319901,4.64394999,50.00000000
0,2023-02-19 06:00:00,6,943,-3.63669991,50.22150040,4.41632986,50.00000000
0,2023-02-19 06:00:00,6,944,-5.87109995,54.56499863,7.31575012,50.00000000
0,2023-02-19 06:00:00,6,945,-6.47989988,54.89950180,5.63548994,50.00000000
0,2023-02-19 06:00:00,6,946,-7.28870010,55.00519943,7.76862001,50.00000000
0,2023-02-19 06:00:00,6,947,-7.65810013,54.46960068,6.55094004,50.00000000
0,2023-02-19 06:00:00,6,948,-6.42080021,54.18700027,8.03059959,50.00000000
0,2023-02-19 06:00:00,6,949,-4.97679996,55.08100128,6.67657995,50.00000000
0,2023-02-19 06:00:00,6,950,-2.73790002,53.34640121,4.46170998,50.00000000
0,2023-02-19 06:00:00,6,951,-4.09140015,56.06990051,9.71043015,50.00000000
0,2023-02-19 06:00:00,6,952,-4.19180012,55.68149948,8.23843002,50.00000000
0,2023-02-19 06:00:00,6,953,-4.87860012,57.12799835,11.19666004,50.00000000
0,2023-02-19 06:00:00,6,954,-4.04220009,58.05369949,7.67511988,50.00000000
0,2023-02-19 06:00:00,6,955,-4.81059980,55.23210144,7.20833015,50.00000000
0,2023-02-19 06:00:00,6,956,-3.95350003,55.57820129,8.47655010,50.00000000
0,2023-02-19 06:00:00,6,957,-3.21050000,55.96490097,7.55739021,50.00000000
0,2023-02-19 06:00:00,6,958,-3.21300006,55.96540070,7.55739021,50.00000000
0,2023-02-19 06:00:00,6,959,-0.15840000,51.50640106,3.66461992,50.00000000
0,2023-02-19 06:00:00,6,960,-0.16000000,51.50939941,3.66461992,50.00000000
0,2023-02-19 06:00:00,6,961,-0.15820000,51.50849915,3.66461992,50.00000000
0,2023-02-19 06:00:00,6,962,-0.15770000,51.50770187,3.66461992,50.00000000
0,2023-02-19 06:00:00,6,963,-0.15730000,51.50749969,3.66461992,50.00000000
0,2023-02-19 06:00:00,6,964,0.70160002,51.54899979,4.32630014,50.00000000
0,2023-02-19 06:00:00,6,965,0.72229999,51.55569839,4.36114979,50.00000000
0,2023-02-19 06:00:00,6,966,-6.15299988,55.18059921,8.14822006,50.00000000
0,2023-02-19 06:00:00,6,967,-6.22529984,54.66370010,6.80396986,50.00000000
0,2023-02-19 06:00:00,6,968,-6.94920015,55.16040039,9.12182999,50.00000000
0,2023-02-19 06:00:00,6,969,-7.57749987,54.70709991,6.99397993,50.00000000
0,2023-02-19 06:00:00,6,970,-7.64489985,54.39559937,6.61131001,50.00000000
0,2023-02-19 06:00:00,6,971,-5.58409977,54.67369843,8.86705971,50.00000000
0,2023-02-19 06:00:00,6,972,-6.50530005,54.23720169,8.36728954,50.00000000
0,2023-02-19 06:00:00,6,973,-7.07359982,54.63660049,7.70809984,50.00000000
0,2023-02-19 06:00:00,6,974,2.09489989,51.96969986,5.67080021,50.00000000
0,2023-02-19 06:00:00,6,975,2.00600004,51.74449921,6.20734978,50.00000000
0,2023-02-19 06:00:00,6,976,-4.21019983,51.97589874,4.53310013,50.00000000
0,2023-02-19 06:00:00,6,977,-3.18400002,51.48410034,4.53362989,50.00000000
0,2023-02-19 06:00:00,6,978,-3.18560004,51.48540115,4.53362989,50.00000000
0,2023-02-19 06:00:00,6,979,-0.33530000,51.40090179,3.80447006,50.00000000
0,2023-02-19 06:00:00,6,980,-0.33070001,51.40090179,3.80447006,50.00000000
0,2023-02-19 06:00:00,6,981,-0.33120000,51.40319824,3.77296996,50.00000000
0,2023-02-19 06:00:00,6,982,-1.61420000,53.22280121,4.57086992,50.00000000
0,2023-02-19 06:00:00,6,983,-1.61520004,53.22579956,4.57086992,50.00000000
0,2023-02-19 06:00:00,6,984,-1.61730003,53.22470093,4.56192017,50.00000000
0,2023-02-19 06:00:00,6,985,-2.37639999,53.33340073,4.21232986,50.00000000
0,2023-02-19 06:00:00,6,986,-2.37890005,53.33129883,4.21232986,50.00000000
0,2023-02-19 06:00:00,6,987,-2.37949991,53.33290100,4.21232986,50.00000000
0,2023-02-19 06:00:00,6,988,-0.15490000,51.48540115,3.57242990,50.00000000
0,2023-02-19 06:00:00,6,989,-0.15590000,51.48770142,3.57242990,50.00000000
0,2023-02-19 06:00:00,6,990,-0.15889999,51.51330185,3.66461992,50.00000000
0,2023-02-19 06:00:00,6,991,-0.11320000,51.48369980,3.55709004,50.00000000
0,2023-02-19 06:00:00,6,992,-0.14929999,51.45800018,3.59910989,50.00000000
0,2023-02-19 06:00:00,6,993,-0.19260000,51.48180008,3.59783006,50.00000000
0,2023-02-19 06:00:00,6,994,-5.47559977,50.20890045,5.25300980,50.00000000
0,2023-02-19 06:00:00,6,995,-5.00190020,57.14419937,11.29164028,50.00000000
0,2023-02-19 06:00:00,6,996,-4.19350004,56.69940186,9.17302036,50.00000000
0,2023-02-19 06:00:00,6,997,-4.76539993,56.26100159,11.31109047,50.00000000
0,2023-02-19 06:00:00,6,998,-4.54050016,51.76050186,4.86697006,50.00000000
0,2023-02-19 06:00:00,6,999,-4.70450020,50.63610077,3.75775003,50.00000000
0,2023-02-19 06:00:00,6,1210,6.11019993,62.56039810,5.90089989,50.00000000
0,2023-02-19 06:00:00,6,1311,5.21810007,60.29339981,3.98529005,50.00000000
0,2023-02-19 06:00:00,6,1338,6.64690018,61.17110062,1.58588004,50.00000000
0,2023-02-19 06:00:00,6,1364,8.21700001,60.51699829,3.72651005,50.00000000
0,2023-02-19 06:00:00,6,1384,11.08300018,60.20000076,2.91385007,50.00000000
0,2023-02-19 06:00:00,6,1397,12.27169991,61.29420090,3.82622004,50.00000000
0,2023-02-19 06:00:00,6,1400,3.20000005,56.50000000,10.24664974,50.00000000
0,2023-02-19 06:00:00,6,1415,5.63789988,58.87680054,5.69512987,50.00000000
0,2023-02-19 06:00:00,6,1427,6.61000013,58.11700058,7.46778011,50.00000000
0,2023-02-19 06:00:00,6,1447,8.19919968,59.49689865,1.59430003,50.00000000
0,2023-02-19 06:00:00,6,1452,8.08300018,58.20000076,4.53792000,50.00000000
0,2023-02-19 06:00:00,6,1483,10.25860023,59.18669891,3.26919007,50.00000000
0,2023-02-19 06:00:00,6,1488,10.61670017,59.88330078,2.88730001,50.00000000
0,2023-02-19 06:00:00,6,1492,10.71700001,59.95000076,2.57255006,50.00000000
0,2023-02-19 06:00:00,6,2407,13.70720005,60.67639923,4.65585995,50.00000000
0,2023-02-19 06:00:00,6,2512,11.88329983,57.78329849,3.96467996,50.00000000
0,2023-02-19 06:00:00,6,2513,12.00000000,57.70000076,4.17959023,50.00000000
0,2023-02-19 06:00:00,6,3002,-0.85399997,60.74900055,9.75269032,50.00000000
0,2023-02-19 06:00:00,6,3003,-1.29799998,59.87900162,12.79862022,50.00000000
0,2023-02-19 06:00:00,6,3005,-1.18299997,60.13899994,11.64694977,50.00000000
0,2023-02-19 06:00:00,6,3006,-1.27699995,60.44699860,8.29716015,50.00000000
0,2023-02-19 06:00:00,6,3008,-1.62800002,59.52700043,12.10247040,50.00000000
0,2023-02-19 06:00:00,6,3010,-4.40399981,59.08300018,15.04296017,50.00000000
0,2023-02-19 06:00:00,6,3011,-5.82999992,59.12400055,16.69063950,50.00000000
0,2023-02-19 06:00:00,6,3014,-2.06299996,60.11100006,12.36143970,50.00000000
0,2023-02-19 06:00:00,6,3017,-2.90000010,58.95399857,8.51772976,50.00000000
0,2023-02-19 06:00:00,6,3022,-7.38299990,57.47499847,14.25424957,50.00000000
0,2023-02-19 06:00:00,6,3023,-7.39699984,57.35800171,14.15686035,50.00000000
0,2023-02-19 06:00:00,6,3026,-6.32499981,58.21400070,13.78168964,50.00000000
0,2023-02-19 06:00:00,6,3031,-4.89599991,57.72499847,12.59165001,50.00000000
0,2023-02-19 06:00:00,6,3034,-5.63600016,57.85900116,13.75008011,50.00000000
0,2023-02-19 06:00:00,6,3035,-7.44890022,57.02569962,14.68614006,50.00000000
0,2023-02-19 06:00:00,6,3037,-5.80900002,57.25699997,12.97120953,50.00000000
0,2023-02-19 06:00:00,6,3039,-5.68900013,57.41749954,13.66327953,50.00000000
0,2023-02-19 06:00:00,6,3041,-4.96999979,56.82199860,14.39745998,50.00000000
0,2023-02-19 06:00:00,6,3044,-4.44199991,58.28799820,9.82820034,50.00000000
0,2023-02-19 06:00:00,6,3047,-4.70800018,56.86700058,8.77388000,50.00000000
0,2023-02-19 06:00:00,6,3055,-3.38499999,58.87400055,10.41473007,50.00000000
0,2023-02-19 06:00:00,6,3062,-3.96600008,57.81900024,6.63094997,50.00000000
0,2023-02-19 06:00:00,6,3063,-3.82699990,57.20600128,8.70398998,50.00000000
0,2023-02-19 06:00:00,6,3065,-3.64199996,57.11600113,13.00148964,50.00000000
0,2023-02-19 06:00:00,6,3066,-3.56060004,57.64939880,7.66631985,50.00000000
0,2023-02-19 06:00:00,6,3068,-3.32200003,57.71200180,7.68374014,50.00000000
0,2023-02-19 06:00:00,6,3070,-3.34400010,57.35400009,7.71625996,50.00000000
0,2023-02-19 06:00:00,6,3072,-3.42000008,56.87900162,8.28975010,50.00000000
0,2023-02-19 06:00:00,6,3075,-3.08899999,58.45399857,6.97836018,50.00000000
0,2023-02-19 06:00:00,6,3080,-2.83599997,57.07699966,4.65639019,50.00000000
0,2023-02-19 06:00:00,6,3081,-3.39700007,57.00600052,8.41691971,50.00000000
0,2023-02-19 06:00:00,6,3088,-2.26399994,56.85200119,6.58260012,50.00000000
0,2023-02-19 06:00:00,6,3091,-2.20199990,57.20600128,5.65740013,50.00000000
0,2023-02-19 06:00:00,6,3092,-1.77300000,57.50299835,8.23400974,50.00000000
0,2023-02-19 06:00:00,6,3094,-2.12100005,57.69800186,9.30451012,50.00000000
0,2023-02-19 06:00:00,6,3100,-6.88700008,56.49700165,11.93902969,50.00000000
0,2023-02-19 06:00:00,6,3105,-6.25600004,55.68099976,8.53028011,50.00000000
0,2023-02-19 06:00:00,6,3111,-5.69899988,55.44100189,7.57828999,50.00000000
0,2023-02-19 06:00:00,6,3114,-5.47499990,56.40999985,10.26138973,50.00000000
0,2023-02-19 06:00:00,6,3116,-5.00099993,56.40999985,8.34107018,50.00000000
0,2023-02-19 06:00:00,6,3120,-5.30600023,55.70600128,10.63031960,50.00000000
0,2023-02-19 06:00:00,6,3130,-4.93599987,54.85900116,5.48802996,50.00000000
0,2023-02-19 06:00:00,6,3132,-4.93599987,54.85900116,5.48802996,50.00000000
0,2023-02-19 06:00:00,6,3134,-4.53299999,55.90700150,5.84596014,50.00000000
0,2023-02-19 06:00:00,6,3136,-4.58500004,55.51499939,7.57236004,50.00000000
0,2023-02-19 06:00:00,6,3138,-4.79400015,55.96200180,8.28709984,50.00000000
0,2023-02-19 06:00:00,6,3139,-4.22599983,55.60100174,8.09867954,50.00000000
0,2023-02-19 06:00:00,6,3140,-4.43330002,55.86669922,6.80738020,50.00000000
0,2023-02-19 06:00:00,6,3144,-3.72900009,56.32600021,8.37166977,50.00000000
0,2023-02-19 06:00:00,6,3148,-4.32000017,56.42300034,8.34696960,50.00000000
0,2023-02-19 06:00:00,6,3152,-3.87500000,55.86199951,8.76519966,50.00000000
0,2023-02-19 06:00:00,6,3153,-4.00799990,54.80300140,6.89959002,50.00000000
0,2023-02-19 06:00:00,6,3154,-3.64400005,55.05400085,5.87061977,50.00000000
0,2023-02-19 06:00:00,6,3155,-3.73499990,55.62699890,7.82320023,50.00000000
0,2023-02-19 06:00:00,6,3158,-2.38299990,55.70899963,7.02889013,50.00000000
0,2023-02-19 06:00:00,6,3160,-3.34699988,55.95100021,8.31542015,50.00000000
0,2023-02-19 06:00:00,6,3162,-3.20600009,55.31100082,5.72022009,50.00000000
0,2023-02-19 06:00:00,6,3166,-3.34299994,55.92800140,8.53217983,50.00000000
0,2023-02-19 06:00:00,6,3171,-2.86199999,56.37699890,8.10546970,50.00000000
0,2023-02-19 06:00:00,6,3173,-3.18799996,55.92300034,8.05379009,50.00000000
0,2023-02-19 06:00:00,6,3174,-2.58500004,56.27899933,10.71008015,50.00000000
0,2023-02-19 06:00:00,6,3176,-2.51699996,55.35900116,6.64241982,50.00000000
0,2023-02-19 06:00:00,6,3188,-2.03200006,55.75400162,7.36627007,50.00000000
0,2023-02-19 06:00:00,6,3204,-4.63210011,54.08489990,8.17064953,50.00000000
0,2023-02-19 06:00:00,6,3210,-3.61500001,54.51810074,6.57647991,50.00000000
0,2023-02-19 06:00:00,6,3212,-3.15700006,54.61399841,5.61222982,50.00000000
0,2023-02-19 06:00:00,6,3213,-3.40700006,54.32500076,6.44802999,50.00000000
0,2023-02-19 06:00:00,6,3214,-3.25699997,54.12500000,6.59672022,50.00000000
0,2023-02-19 06:00:00,6,3220,-2.96300006,54.93299866,6.83581018,50.00000000
0,2023-02-19 06:00:00,6,3224,-2.55299997,55.04999924,7.36228991,50.00000000
0,2023-02-19 06:00:00,6,3225,-2.68400002,54.50099945,6.93178988,50.00000000
0,2023-02-19 06:00:00,6,3226,-2.41300011,54.57199860,5.30165005,50.00000000
0,2023-02-19 06:00:00,6,3227,-2.45000005,54.68399811,8.87934971,50.00000000
0,2023-02-19 06:00:00,6,3230,-2.27900004,55.28499985,6.99432993,50.00000000
0,2023-02-19 06:00:00,6,3235,-2.08899999,54.82099915,8.36734962,50.00000000
0,2023-02-19 06:00:00,6,3238,-1.88000000,55.02000046,7.75828981,50.00000000
0,2023-02-19 06:00:00,6,3240,-1.60000002,55.42100143,7.58483982,50.00000000
0,2023-02-19 06:00:00,6,3246,-1.59700000,54.97700119,5.66777992,50.00000000
0,2023-02-19 06:00:00,6,3257,-1.52999997,54.29600143,4.75102997,50.00000000
0,2023-02-19 06:00:00,6,3261,-1.41400003,54.13399887,5.25689983,50.00000000
0,2023-02-19 06:00:00,6,3262,-1.41499996,55.01800156,6.45516014,50.00000000
0,2023-02-19 06:00:00,6,3265,-1.38999999,54.20399857,5.04582024,50.00000000
0,2023-02-19 06:00:00,6,3266,-1.25000000,54.04499817,5.41891003,50.00000000
0,2023-02-19 06:00:00,6,3275,-0.86299998,54.56299973,6.55488014,50.00000000
0,2023-02-19 06:00:00,6,3281,-0.67299998,54.36199951,5.48365021,50.00000000
0,2023-02-19 06:00:00,6,3292,-0.17399999,54.09400177,5.63603020,50.00000000
0,2023-02-19 06:00:00,6,3301,-4.37599993,53.25999832,7.85360003,50.00000000
0,2023-02-19 06:00:00,6,3302,-4.53700018,53.25199890,7.78061008,50.00000000
0,2023-02-19 06:00:00,6,3305,-3.94099998,53.09299850,8.29036045,50.00000000
0,2023-02-19 06:00:00,6,3308,-4.07700014,53.06800079,7.84279013,50.00000000
0,2023-02-19 06:00:00,6,3313,-3.50900006,53.25899887,5.75475979,50.00000000
0,2023-02-19 06:00:00,6,3316,-3.05599999,53.49700165,5.16512012,50.00000000
0,2023-02-19 06:00:00,6,3318,-3.03699994,53.77600098,5.96710014,50.00000000
0,2023-02-19 06:00:00,6,3321,-2.98600006,53.17399979,4.55047989,50.00000000
0,2023-02-19 06:00:00,6,3330,-1.97990000,53.12760162,4.88480997,50.00000000
0,2023-02-19 06:00:00,6,3334,-2.27900004,53.35599899,4.09229994,50.00000000
0,2023-02-19 06:00:00,6,3339,-2.02900004,53.96699905,6.54187012,50.00000000
0,2023-02-19 06:00:00,6,3344,-1.86500001,53.81100082,7.30840015,50.00000000
0,2023-02-19 06:00:00,6,3345,-1.66400003,53.61299896,6.50954008,50.00000000
0,2023-02-19 06:00:00,6,3346,-1.66700006,53.61700058,6.50954008,50.00000000
0,2023-02-19 06:00:00,6,3347,-1.55999994,53.79999924,5.47846985,50.00000000
0,2023-02-19 06:00:00,6,3348,-2.15400004,53.34000015,4.17460012,50.00000000
0,2023-02-19 06:00:00,6,3350,-1.58200002,53.43299866,6.22824001,50.00000000
0,2023-02-19 06:00:00,6,3351,-2.38050008,53.35979843,4.28134012,50.00000000
0,2023-02-19 06:00:00,6,3354,-1.25000000,53.00500107,4.98202991,50.00000000
0,2023-02-19 06:00:00,6,3355,-1.19700003,53.83599854,5.18790007,50.00000000
0,2023-02-19 06:00:00,6,3373,-0.54600000,53.30699921,4.51665020,50.00000000
0,2023-02-19 06:00:00,6,3377,-0.52100003,53.17499924,4.43473005,50.00000000
0,2023-02-19 06:00:00,6,3379,-0.50199997,53.03099823,4.72040987,50.00000000
0,2023-02-19 06:00:00,6,3382,-0.43300000,53.86700058,5.11554003,50.00000000
0,2023-02-19 06:00:00,6,3384,-0.44000000,53.87400055,5.11554003,50.00000000
0,2023-02-19 06:00:00,6,3385,0.15400000,53.47299957,4.53827000,50.00000000
0,2023-02-19 06:00:00,6,3391,-0.17100000,53.09400177,4.20174980,50.00000000
0,2023-02-19 06:00:00,6,3392,0.27399999,53.08800125,3.74375010,50.00000000
0,2023-02-19 06:00:00,6,3402,-4.63800001,52.82300186,7.13199997,50.00000000
0,2023-02-19 06:00:00,6,3403,-4.08199978,52.99499893,6.10282993,50.00000000
0,2023-02-19 06:00:00,6,3405,-4.74200010,52.78900146,8.20326042,50.00000000
0,2023-02-19 06:00:00,6,3407,-4.12400007,52.80199814,5.99417019,50.00000000
0,2023-02-19 06:00:00,6,3409,-3.58299994,52.91699982,6.09266996,50.00000000
0,2023-02-19 06:00:00,6,3410,-3.46399999,52.75699997,6.42121983,50.00000000
0,2023-02-19 06:00:00,6,3414,-2.66300011,52.79399872,5.40900993,50.00000000
0,2023-02-19 06:00:00,6,3453,-0.65399998,52.72700119,5.25166988,50.00000000
0,2023-02-19 06:00:00,6,3462,-0.45899999,52.61109924,4.58589983,50.00000000
0,2023-02-19 06:00:00,6,3469,0.14100000,52.87300110,3.88624001,50.00000000
0,2023-02-19 06:00:00,6,3482,0.56900001,52.65100098,3.15054011,50.00000000
0,2023-02-19 06:00:00,6,3488,1.12699997,52.94900131,3.11737990,50.00000000
0,2023-02-19 06:00:00,6,3492,1.30200005,52.62500000,3.20883012,50.00000000
0,2023-02-19 06:00:00,6,3495,1.35599995,52.75600052,3.16653991,50.00000000
0,2023-02-19 06:00:00,6,3496,1.69299996,52.68600082,3.21792006,50.00000000
0,2023-02-19 06:00:00,6,3497,1.75000000,52.56700134,3.52723002,50.00000000
0,2023-02-19 06:00:00,6,3501,-4.00099993,52.41699982,5.45198011,50.00000000
0,2023-02-19 06:00:00,6,3502,-4.57100010,52.13899994,5.49772978,50.00000000
0,2023-02-19 06:00:00,6,3503,-3.94700003,52.34400177,4.88976002,50.00000000
0,2023-02-19 06:00:00,6,3507,-3.61400008,52.06299973,5.25213003,50.00000000
0,2023-02-19 06:00:00,6,3520,-2.88499999,52.24200058,4.77101994,50.00000000
0,2023-02-19 06:00:00,6,3522,-2.79999995,52.08300018,4.55054998,50.00000000
0,2023-02-19 06:00:00,6,3527,-2.30500007,52.12099838,4.58903980,50.00000000
0,2023-02-19 06:00:00,6,3529,-2.03999996,52.14799881,4.24498987,50.00000000
0,2023-02-19 06:00:00,6,3534,-1.74100006,52.45199966,3.94109988,50.00000000
0,2023-02-19 06:00:00,6,3535,-1.68900001,52.47999954,3.95051003,50.00000000
0,2023-02-19 06:00:00,6,3544,-1.33000004,52.35800171,4.42228985,50.00000000
0,2023-02-19 06:00:00,6,3559,-0.42100000,52.10400009,4.30691004,50.00000000
0,2023-02-19 06:00:00,6,3560,-0.46399999,52.22499847,4.64488983,50.00000000
0,2023-02-19 06:00:00,6,3566,-0.11400000,52.35300064,4.23908997,50.00000000
0,2023-02-19 06:00:00,6,3583,0.56110001,52.40940094,3.44294000,50.00000000
0,2023-02-19 06:00:00,6,3586,0.77399999,52.34000015,3.62050009,50.00000000
0,2023-02-19 06:00:00,6,3590,0.96100003,52.12300110,4.31416988,50.00000000
0,2023-02-19 06:00:00,6,3604,-5.05499983,51.70800018,5.72370005,50.00000000
0,2023-02-19 06:00:00,6,3605,-4.36800003,51.71300125,5.02365017,50.00000000
0,2023-02-19 06:00:00,6,3609,-3.98099995,51.56499863,5.10656977,50.00000000
0,2023-02-19 06:00:00,6,3628,-2.57599998,51.52099991,4.56535006,50.00000000
0,2023-02-19 06:00:00,6,3629,-2.71600008,51.50600052,5.73499012,50.00000000
0,2023-02-19 06:00:00,6,3647,-1.69200003,51.86000061,4.05903006,50.00000000
0,2023-02-19 06:00:00,6,3649,-1.57599998,51.75799942,4.01060009,50.00000000
0,2023-02-19 06:00:00,6,3658,-1.09700000,51.61999893,3.87754989,50.00000000
0,2023-02-19 06:00:00,6,3660,-0.80199999,51.68000031,4.55663013,50.00000000
0,2023-02-19 06:00:00,6,3670,-0.40000001,51.61690140,3.81941009,50.00000000
0,2023-02-19 06:00:00,6,3672,-0.41499999,51.54800034,3.75115991,50.00000000
0,2023-02-19 06:00:00,6,3680,-0.36019999,51.80670166,4.61394978,50.00000000
0,2023-02-19 06:00:00,6,3683,0.22499999,51.88000107,4.49661016,50.00000000
0,2023-02-19 06:00:00,6,3684,0.45300001,51.89599991,4.62565994,50.00000000
0,2023-02-19 06:00:00,6,3693,0.82999998,51.55400085,4.65109015,50.00000000
0,2023-02-19 06:00:00,6,3696,1.28299999,51.85400009,4.82459021,50.00000000
0,2023-02-19 06:00:00,6,3705,-4.22100019,51.11800003,4.19396019,50.00000000
0,2023-02-19 06:00:00,6,3707,-4.14900017,51.08900070,4.28279018,50.00000000
0,2023-02-19 06:00:00,6,3710,-3.60800004,51.08700180,4.62153006,50.00000000
0,2023-02-19 06:00:00,6,3715,-3.34299994,51.40000153,4.96514988,50.00000000
0,2023-02-19 06:00:00,6,3716,-3.44000006,51.40499878,4.86063004,50.00000000
0,2023-02-19 06:00:00,6,3717,-3.17799997,51.47800064,4.53362989,50.00000000
0,2023-02-19 06:00:00,6,3726,-2.59999990,51.46670151,4.32420015,50.00000000
0,2023-02-19 06:00:00,6,3740,-1.99240005,51.50310135,3.88849998,50.00000000
0,2023-02-19 06:00:00,6,3743,-1.80499995,51.20100021,3.82113004,50.00000000
0,2023-02-19 06:00:00,6,3746,-1.75399995,51.16099930,3.71334004,50.00000000
0,2023-02-19 06:00:00,6,3749,-1.57000005,51.14899826,3.48229003,50.00000000
0,2023-02-19 06:00:00,6,3761,-0.94400001,51.23799896,3.72184992,50.00000000
0,2023-02-19 06:00:00,6,3763,-0.78399998,51.38999939,3.65138006,50.00000000
0,2023-02-19 06:00:00,6,3768,-0.77200001,51.27899933,3.70062995,50.00000000
0,2023-02-19 06:00:00,6,3769,-0.23330000,51.15000153,3.96349001,50.00000000
0,2023-02-19 06:00:00,6,3770,-0.13110000,51.50490189,3.54531002,50.00000000
0,2023-02-19 06:00:00,6,3772,-0.44900000,51.47900009,3.87333012,50.00000000
0,2023-02-19 06:00:00,6,3776,-0.19100000,51.15100098,4.11398983,50.00000000
0,2023-02-19 06:00:00,6,3779,-0.10800000,51.52099991,3.51564002,50.00000000
0,2023-02-19 06:00:00,6,3780,-0.13500001,51.21500015,4.41029978,50.00000000
0,2023-02-19 06:00:00,6,3781,-0.09000000,51.30300140,4.38789988,50.00000000
0,2023-02-19 06:00:00,6,3784,0.31400001,51.46400070,4.27693987,50.00000000
0,2023-02-19 06:00:00,6,3791,0.74699998,51.44499969,4.73199987,50.00000000
0,2023-02-19 06:00:00,6,3796,1.34800005,51.13299942,4.73380995,50.00000000
0,2023-02-19 06:00:00,6,3797,1.34609997,51.34220123,5.27260017,50.00000000
0,2023-02-19 06:00:00,6,3803,-6.30100012,49.91299820,5.39787006,50.00000000
0,2023-02-19 06:00:00,6,3808,-5.32999992,50.21799850,4.08877993,50.00000000
0,2023-02-19 06:00:00,6,3809,-5.25699997,50.08499908,3.67583990,50.00000000
0,2023-02-19 06:00:00,6,3810,-5.04699993,50.14500046,3.75144005,50.00000000
0,2023-02-19 06:00:00,6,3815,-5.20200014,49.95999908,4.32439995,50.00000000
0,2023-02-19 06:00:00,6,3817,-4.99900007,50.43799973,3.97990990,50.00000000
0,2023-02-19 06:00:00,6,3820,-4.62200022,50.64099884,4.17108011,50.00000000
0,2023-02-19 06:00:00,6,3823,-4.66699982,50.50199890,3.61549997,50.00000000
0,2023-02-19 06:00:00,6,3827,-4.12099981,50.35400009,2.74407005,50.00000000
0,2023-02-19 06:00:00,6,3830,-3.98600006,50.93199921,4.00238991,50.00000000
0,2023-02-19 06:00:00,6,3831,-4.00799990,50.54899979,4.70957994,50.00000000
0,2023-02-19 06:00:00,6,3837,-3.50900006,50.39699936,3.18839002,50.00000000
0,2023-02-19 06:00:00,6,3839,-3.40499997,50.73699951,3.83006001,50.00000000
0,2023-02-19 06:00:00,6,3840,-3.23900008,50.86000061,4.07907009,50.00000000
0,2023-02-19 06:00:00,6,3844,-3.40459991,50.73659897,3.83006001,50.00000000
0,2023-02-19 06:00:00,6,3853,-2.64000010,51.00600052,4.06520987,50.00000000
0,2023-02-19 06:00:00,6,3857,-2.45400000,50.52199936,5.52857018,50.00000000
0,2023-02-19 06:00:00,6,3858,-2.44899988,50.56499863,4.45098019,50.00000000
0,2023-02-19 06:00:00,6,3862,-1.83500004,50.77899933,3.19143009,50.00000000
0,2023-02-19 06:00:00,6,3865,-1.40300000,50.90100098,2.93944001,50.00000000
0,2023-02-19 06:00:00,6,3866,-1.29700005,50.57699966,4.57215023,50.00000000
0,2023-02-19 06:00:00,6,3872,-0.92299998,50.81499863,3.53003001,50.00000000
0,2023-02-19 06:00:00,6,3874,-1.20799994,50.80699921,3.23778009,50.00000000
0,2023-02-19 06:00:00,6,3876,-0.29200000,50.83599854,3.98435998,50.00000000
0,2023-02-19 06:00:00,6,3882,0.31900001,50.88999939,4.19617987,50.00000000
0,2023-02-19 06:00:00,6,3894,-2.59999990,49.43999863,3.55660009,50.00000000
0,2023-02-19 06:00:00,6,3895,-2.19549990,49.20790100,3.36244988,50.00000000
0,2023-02-19 06:00:00,6,3896,-2.09999990,49.20000076,3.15613008,50.00000000
0,2023-02-19 06:00:00,6,3901,-7.59410000,54.32949829,6.34394979,50.00000000
0,2023-02-19 06:00:00,6,3903,-7.65000010,54.40000153,6.61131001,50.00000000
0,2023-02-19 06:00:00,6,3904,-7.57700014,54.70700073,6.99397993,50.00000000
0,2023-02-19 06:00:00,6,3907,-6.94920015,55.16040039,9.12182999,50.00000000
0,2023-02-19 06:00:00,6,3908,-7.00799990,55.05699921,7.97898006,50.00000000
0,2023-02-19 06:00:00,6,3911,-6.81400013,54.72100067,8.08088017,50.00000000
0,2023-02-19 06:00:00,6,3914,-6.65500021,55.20800018,10.62254047,50.00000000
0,2023-02-19 06:00:00,6,3915,-6.45699978,54.86500168,5.64015007,50.00000000
0,2023-02-19 06:00:00,6,3916,-6.15299988,55.18099976,8.14822006,50.00000000
0,2023-02-19 06:00:00,6,3917,-6.22399998,54.66400146,6.80396986,50.00000000
0,2023-02-19 06:00:00,6,3923,-6.50199986,54.23699951,8.36728954,50.00000000
0,2023-02-19 06:00:00,6,3927,-5.66699982,54.66400146,6.28207016,50.00000000
0,2023-02-19 06:00:00,6,3928,-5.82999992,54.85200119,9.25739002,50.00000000
0,2023-02-19 06:00:00,6,3930,-2.55929995,51.55139923,4.62462997,50.00000000
0,2023-02-19 06:00:00,6,3931,1.16400003,52.45619965,3.64779997,50.00000000
0,2023-02-19 06:00:00,6,3952,-8.25000000,51.79899979,6.46060991,50.00000000
0,2023-02-19 06:00:00,6,3953,-10.25000000,51.93299866,6.57431984,50.00000000
0,2023-02-19 06:00:00,6,3955,-8.49110031,51.84130096,5.80343008,50.00000000
0,2023-02-19 06:00:00,6,3956,-6.50000000,52.29999924,7.20047998,50.00000000
0,2023-02-19 06:00:00,6,3957,-6.33300018,52.25000000,8.32905006,50.00000000
0,2023-02-19 06:00:00,6,3958,-8.27519989,52.13800049,5.24376011,50.00000000
0,2023-02-19 06:00:00,6,3960,-7.26599979,52.66600037,5.33931017,50.00000000
0,2023-02-19 06:00:00,6,3961,-6.91699982,52.86700058,4.85220003,50.00000000
0,2023-02-19 06:00:00,6,3962,-8.91600037,52.69900131,6.29934978,50.00000000
0,2023-02-19 06:00:00,6,3965,-7.88299990,53.08300018,6.75401020,50.00000000
0,2023-02-19 06:00:00,6,3967,-6.43889999,53.30559921,7.29210997,50.00000000
0,2023-02-19 06:00:00,6,3969,-6.25000000,53.43299866,7.25247002,50.00000000
0,2023-02-19 06:00:00,6,3970,-8.98299980,53.71599960,8.51852989,50.00000000
0,2023-02-19 06:00:00,6,3971,-7.36600018,53.53300095,7.34995985,50.00000000
0,2023-02-19 06:00:00,6,3973,-8.81700039,53.90000153,8.49501038,50.00000000
0,2023-02-19 06:00:00,6,3974,-7.23299980,54.18299866,7.58902979,50.00000000
0,2023-02-19 06:00:00,6,3976,-10.00100040,54.23300171,10.28917980,50.00000000
0,2023-02-19 06:00:00,6,3978,-8.23299980,54.50000000,6.75099993,50.00000000
0,2023-02-19 06:00:00,6,3979,-7.31699991,54.04999924,8.03452969,50.00000000
0,2023-02-19 06:00:00,6,3980,-7.33300018,55.36600113,9.77492046,50.00000000
0,2023-02-19 06:00:00,6,3982,-6.33330011,53.36389923,6.69067001,50.00000000
0,2023-02-19 06:00:00,6,3985,-8.74870014,53.29869843,7.98745012,50.00000000
0,2023-02-19 06:00:00,6,6030,9.84920025,57.09280014,5.67745018,50.00000000
0,2023-02-19 06:00:00,6,6043,10.51700020,57.40000153,6.33401012,50.00000000
0,2023-02-19 06:00:00,6,6060,9.11670017,56.29999924,4.77716017,50.00000000
0,2023-02-19 06:00:00,6,6070,10.61699963,56.29999924,5.33917999,50.00000000
0,2023-02-19 06:00:00,6,6080,8.55340004,55.52590179,4.85783005,50.00000000
0,2023-02-19 06:00:00,6,6081,8.08329964,55.54999924,6.38563013,50.00000000
0,2023-02-19 06:00:00,6,6120,10.33300018,55.48300171,5.81280994,50.00000000
0,2023-02-19 06:00:00,6,6210,4.41699982,52.18299866,3.19022989,50.00000000
0,2023-02-19 06:00:00,6,6235,4.78299999,52.91699982,2.34928989,50.00000000
0,2023-02-19 06:00:00,6,6239,4.69610023,54.85390091,6.39423990,50.00000000
0,2023-02-19 06:00:00,6,6240,4.76700020,52.29999924,2.62571001,50.00000000
0,2023-02-19 06:00:00,6,6242,4.90500021,53.23500061,3.29378009,50.00000000
0,2023-02-19 06:00:00,6,6251,5.34999990,53.38999939,3.61702991,50.00000000
0,2023-02-19 06:00:00,6,6252,3.22029996,53.21780014,3.49942994,50.00000000
0,2023-02-19 06:00:00,6,6260,5.18300009,52.09999847,2.80653000,50.00000000
0,2023-02-19 06:00:00,6,6269,5.53299999,52.45000076,2.36062002,50.00000000
0,2023-02-19 06:00:00,6,6270,5.76700020,53.21699905,2.60964990,50.00000000
0,2023-02-19 06:00:00,6,6275,5.87220001,52.05500031,2.40000010,50.00000000
0,2023-02-19 06:00:00,6,6279,6.46670008,52.71670151,1.95381999,50.00000000
0,2023-02-19 06:00:00,6,6280,6.58300018,53.13299942,2.35521007,50.00000000
0,2023-02-19 06:00:00,6,6290,6.90000010,52.26699829,2.30980992,50.00000000
0,2023-02-19 06:00:00,6,6310,3.59999990,51.45000076,6.95841980,50.00000000
0,2023-02-19 06:00:00,6,6321,3.27500010,51.99779892,7.01586008,50.00000000
0,2023-02-19 06:00:00,6,6344,4.43720007,51.95959854,3.79269004,50.00000000
0,2023-02-19 06:00:00,6,6370,5.41699982,51.45000076,4.35160017,50.00000000
0,2023-02-19 06:00:00,6,6380,5.78299999,50.91699982,4.77595997,50.00000000
0,2023-02-19 06:00:00,6,6407,2.87400007,51.19979858,5.76823997,50.00000000
0,2023-02-19 06:00:00,6,6408,2.91669989,51.23329926,7.31426001,50.00000000
0,2023-02-19 06:00:00,6,6432,3.83299994,50.56700134,4.90757990,50.00000000
0,2023-02-19 06:00:00,6,6447,4.34999990,50.79999924,4.62309980,50.00000000
0,2023-02-19 06:00:00,6,6449,4.44999981,50.46699905,4.46675014,50.00000000
0,2023-02-19 06:00:00,6,6450,4.46700001,51.20000076,4.79227018,50.00000000
0,2023-02-19 06:00:00,6,6451,4.53299999,50.90000153,4.79860020,50.00000000
0,2023-02-19 06:00:00,6,6456,4.65000010,50.23300171,4.62933016,50.00000000
0,2023-02-19 06:00:00,6,6476,5.40000010,50.03300095,4.65400982,50.00000000
0,2023-02-19 06:00:00,6,6490,5.91699982,50.48300171,4.76694012,50.00000000
0,2023-02-19 06:00:00,6,6496,6.18300009,50.46699905,5.21380997,50.00000000
0,2023-02-19 06:00:00,6,6590,6.21600008,49.61600113,4.62914991,50.00000000
0,2023-02-19 06:00:00,6,6660,8.56700039,47.38299942,4.84362984,50.00000000
0,2023-02-19 06:00:00,6,6670,8.54920006,47.46469879,5.06320000,50.00000000
0,2023-02-19 06:00:00,6,6680,9.34360027,47.24940109,5.16900015,50.00000000
0,2023-02-19 06:00:00,6,6700,6.13299990,46.25000000,1.42284000,50.00000000
0,2023-02-19 06:00:00,6,6712,6.91669989,46.33330154,2.54626012,50.00000000
0,2023-02-19 06:00:00,6,6720,7.33099985,46.22000122,2.52995992,50.00000000
0,2023-02-19 06:00:00,6,6730,7.98330021,46.54999924,4.29138994,50.00000000
0,2023-02-19 06:00:00,6,6748,7.75000000,46.03300095,7.79465008,50.00000000
0,2023-02-19 06:00:00,6,6760,8.77999973,46.16999817,2.06055999,50.00000000
0,2023-02-19 06:00:00,6,7002,1.60000002,50.73329926,4.79904985,50.00000000
0,2023-02-19 06:00:00,6,7005,1.83299994,50.13299942,5.17835999,50.00000000
0,2023-02-19 06:00:00,6,7015,3.08940005,50.56190109,4.63197994,50.00000000
0,2023-02-19 06:00:00,6,7020,-1.93299997,49.71699905,4.11504984,50.00000000
0,2023-02-19 06:00:00,6,7028,0.06670000,49.51670074,4.78609991,50.00000000
0,2023-02-19 06:00:00,6,7037,1.18299997,49.38299942,3.94714999,50.00000000
0,2023-02-19 06:00:00,6,7070,4.05000019,49.31000137,4.51046991,50.00000000
0,2023-02-19 06:00:00,6,7110,-4.41599989,48.44900131,2.07792997,50.00000000
0,2023-02-19 06:00:00,6,7127,-1.85000002,48.72000122,3.57887006,50.00000000
0,2023-02-19 06:00:00,6,7130,-1.73479998,48.06949997,1.94535995,50.00000000
0,2023-02-19 06:00:00,6,7145,2.00920010,48.77330017,3.63491988,50.00000000
0,2023-02-19 06:00:00,6,7149,2.39299989,48.71699905,3.16371012,50.00000000
0,2023-02-19 06:00:00,6,7150,2.43799996,48.96469879,3.41056991,50.00000000
0,2023-02-19 06:00:00,6,7157,2.54999995,49.01279831,3.75695992,50.00000000
0,2023-02-19 06:00:00,6,7190,7.62820005,48.53829956,4.06171989,50.00000000
0,2023-02-19 06:00:00,6,7222,-1.60000002,47.16669846,1.72700000,50.00000000
0,2023-02-19 06:00:00,6,7249,1.75000000,47.98300171,2.75594997,50.00000000
0,2023-02-19 06:00:00,6,7280,5.09000015,47.26890182,2.54994988,50.00000000
0,2023-02-19 06:00:00,6,7299,7.52990007,47.58959961,4.90486002,50.00000000
0,2023-02-19 06:00:00,6,7306,-1.37909997,46.70000076,1.53345001,50.00000000
0,2023-02-19 06:00:00,6,7314,-1.41700006,46.04999924,1.70572996,50.00000000
0,2023-02-19 06:00:00,6,7354,1.73070002,46.86220169,2.10027003,50.00000000
0,2023-02-19 06:00:00,6,7412,-0.31700000,45.66699982,2.10786009,50.00000000
0,2023-02-19 06:00:00,6,7434,1.17939997,45.86280060,2.50393009,50.00000000
0,2023-02-19 06:00:00,6,7460,3.16919994,45.78670120,1.51763999,50.00000000
0,2023-02-19 06:00:00,6,7475,4.29640007,45.54059982,3.24165010,50.00000000
0,2023-02-19 06:00:00,6,7480,4.93779993,45.72610092,2.80407000,50.00000000
0,2023-02-19 06:00:00,6,7481,5.09079981,45.72639847,3.50929999,50.00000000
0,2023-02-19 06:00:00,6,7486,5.33330011,45.36669922,4.50864983,50.00000000
0,2023-02-19 06:00:00,6,7491,5.86670017,45.63330078,1.96961999,50.00000000
0,2023-02-19 06:00:00,6,10004,6.34999990,54.16669846,5.29476023,50.00000000
0,2023-02-19 06:00:00,6,10015,7.89309978,54.17639923,4.89697981,50.00000000
0,2023-02-19 06:00:00,6,10020,8.41250038,55.01250076,5.62506008,50.00000000
0,2023-02-19 06:00:00,6,10046,10.14999962,54.34999847,4.68112993,50.00000000
0,2023-02-19 06:00:00,6,10055,11.09000015,54.52999878,8.31501007,50.00000000
0,2023-02-19 06:00:00,6,10142,9.34000015,53.59379959,4.31711006,50.00000000
0,2023-02-19 06:00:00,6,10147,9.98820019,53.63040161,4.17830992,50.00000000
0,2023-02-19 06:00:00,6,10156,10.69999981,53.81700134,4.93896008,50.00000000
0,2023-02-19 06:00:00,6,10224,8.80000019,53.04999924,3.30046010,50.00000000
0,2023-02-19 06:00:00,6,10238,9.93299961,52.81700134,3.82190990,50.00000000
0,2023-02-19 06:00:00,6,10253,11.13920021,52.97389984,5.17438984,50.00000000
0,2023-02-19 06:00:00,6,10314,7.53299999,52.33300018,2.44924998,50.00000000
0,2023-02-19 06:00:00,6,10315,7.68480015,52.13460159,2.53281999,50.00000000
0,2023-02-19 06:00:00,6,10320,8.31700039,51.93299866,2.67508006,50.00000000
0,2023-02-19 06:00:00,6,10338,9.68509960,52.46110153,3.43656993,50.00000000
0,2023-02-19 06:00:00,6,10400,6.76870012,51.29600143,3.98568010,50.00000000
0,2023-02-19 06:00:00,6,10401,6.13299990,51.20000076,4.42628002,50.00000000
0,2023-02-19 06:00:00,6,10405,6.13299990,51.59999847,3.77198005,50.00000000
0,2023-02-19 06:00:00,6,10410,6.96600008,51.39899826,3.71904993,50.00000000
0,2023-02-19 06:00:00,6,10506,6.87029982,50.36109924,4.61345005,50.00000000
0,2023-02-19 06:00:00,6,10513,7.14270020,50.86589813,4.53253984,50.00000000
0,2023-02-19 06:00:00,6,10607,6.69999981,49.84170151,3.95614004,50.00000000
0,2023-02-19 06:00:00,6,10614,7.59999990,49.43669891,5.04439020,50.00000000
0,2023-02-19 06:00:00,6,10616,7.26389980,49.94869995,5.65607977,50.00000000
0,2023-02-19 06:00:00,6,10635,8.44999981,50.21699905,5.61479998,50.00000000
0,2023-02-19 06:00:00,6,10637,8.60000038,50.04999924,4.57293987,50.00000000
0,2023-02-19 06:00:00,6,10648,9.10000038,49.71699905,6.02354002,50.00000000
0,2023-02-19 06:00:00,6,10708,7.11700010,49.21699905,4.71236992,50.00000000
0,2023-02-19 06:00:00,6,10727,8.36670017,49.03329849,5.60848999,50.00000000
0,2023-02-19 06:00:00,6,10738,9.23299980,48.68299866,5.86561012,50.00000000
0,2023-02-19 06:00:00,6,10739,9.19999981,48.83330154,6.08722019,50.00000000
0,2023-02-19 06:00:00,6,16066,8.72809982,45.63059998,1.97403002,50.00000000
0,2023-02-19 06:00:00,6,16080,9.27670002,45.44509888,3.70099998,50.00000000
0,2023-02-19 06:00:00,6,99001,-3.48300004,50.40000153,3.32014990,50.00000000
0,2023-02-19 06:00:00,6,99003,-4.73299980,58.16699982,12.32913971,50.00000000
0,2023-02-19 06:00:00,6,99005,-4.23299980,56.93299866,9.46452999,50.00000000
0,2023-02-19 06:00:00,6,99006,-5.43300009,56.45000076,10.26570034,50.00000000
0,2023-02-19 06:00:00,6,99008,0.44999999,51.28300095,4.31774998,50.00000000
0,2023-02-19 06:00:00,6,99010,-2.38299990,57.45000076,5.07678986,50.00000000
0,2023-02-19 06:00:00,6,99014,-6.09999990,54.29999924,7.11887980,50.00000000
0,2023-02-19 06:00:00,6,99015,-6.18300009,54.06700134,6.23141003,50.00000000
0,2023-02-19 06:00:00,6,99016,-3.91700006,58.23300171,7.35973978,50.00000000
0,2023-02-19 06:00:00,6,99017,-1.58299994,50.66299820,4.40099001,50.00000000
0,2023-02-19 06:00:00,6,99018,-5.58300018,54.66699982,6.48648977,50.00000000
0,2023-02-19 06:00:00,6,99019,-4.36700010,54.41699982,10.33565998,50.00000000
0,2023-02-19 06:00:00,6,99020,-4.65000010,56.41699982,8.81933975,50.00000000
0,2023-02-19 06:00:00,6,99021,-2.51699996,53.61700058,6.21750021,50.00000000
0,2023-02-19 06:00:00,6,99024,-3.86700010,55.86700058,8.76519966,50.00000000
0,2023-02-19 06:00:00,6,99025,-1.25000000,52.83300018,4.94867992,50.00000000
0,2023-02-19 06:00:00,6,99028,-1.93369997,52.47510147,4.26246977,50.00000000
0,2023-02-19 06:00:00,6,99029,-2.25139999,53.46670151,3.97508001,50.00000000
0,2023-02-19 06:00:00,6,99038,-2.16720009,51.89419937,3.71761990,50.00000000
0,2023-02-19 06:00:00,6,99040,-1.78550005,53.64559937,6.11370993,50.00000000
0,2023-02-19 06:00:00,6,99044,-1.48300004,53.38299942,4.52833986,50.00000000
0,2023-02-19 06:00:00,6,99049,-1.58299994,54.76699829,5.26423979,50.00000000
0,2023-02-19 06:00:00,6,99053,-1.42519999,55.01729965,6.06094980,50.00000000
0,2023-02-19 06:00:00,6,99055,-2.98300004,53.36700058,5.17287016,50.00000000
0,2023-02-19 06:00:00,6,99057,-0.60000002,52.01699829,4.42372990,50.00000000
0,2023-02-19 06:00:00,6,99058,-0.34999999,51.79999924,4.61394978,50.00000000
0,2023-02-19 06:00:00,6,99059,-2.04999995,52.09999847,4.16075993,50.00000000
0,2023-02-19 06:00:00,6,99060,-2.46700001,53.84999847,6.16980982,50.00000000
0,2023-02-19 06:00:00,6,99062,-1.92620003,52.45600128,4.09632015,50.00000000
0,2023-02-19 06:00:00,6,99063,-2.18300009,53.59999847,5.34096003,50.00000000
0,2023-02-19 06:00:00,6,99068,-2.43300009,52.76699829,5.07664013,50.00000000
0,2023-02-19 06:00:00,6,99069,-1.68499994,55.21500015,7.64371014,50.00000000
0,2023-02-19 06:00:00,6,99070,-1.53299999,52.41699982,4.14391994,50.00000000
0,2023-02-19 06:00:00,6,99077,-1.33299994,53.86700058,5.44699001,50.00000000
0,2023-02-19 06:00:00,6,99078,-0.23300000,52.40000153,4.14820004,50.00000000
0,2023-02-19 06:00:00,6,99079,-1.39419997,50.89250183,2.96743989,50.00000000
0,2023-02-19 06:00:00,6,99080,-0.46700001,51.31700134,3.64447999,50.00000000
0,2023-02-19 06:00:00,6,99081,-3.90000010,50.76699829,4.15876007,50.00000000
0,2023-02-19 06:00:00,6,99085,-3.47399998,50.72700119,3.82593012,50.00000000
0,2023-02-19 06:00:00,6,99086,-5.75000000,54.66699982,7.67659998,50.00000000
0,2023-02-19 06:00:00,6,99088,-4.56500006,55.47700119,6.98878002,50.00000000
0,2023-02-19 06:00:00,6,99089,-3.39599991,57.01100159,8.19190979,50.00000000
0,2023-02-19 06:00:00,6,99090,-3.95000005,54.92499924,6.03388023,50.00000000
0,2023-02-19 06:00:00,6,99092,-5.30800009,57.61299896,10.87003040,50.00000000
0,2023-02-19 06:00:00,6,99093,-2.26999998,52.99000168,4.43529987,50.00000000
0,2023-02-19 06:00:00,6,99094,-3.97799993,50.70199966,4.87187004,50.00000000
0,2023-02-19 06:00:00,6,99095,-0.28999999,51.48199844,3.66604996,50.00000000
0,2023-02-19 06:00:00,6,99098,1.26699996,52.66699982,3.15107012,50.00000000
0,2023-02-19 06:00:00,6,99099,-0.44900000,51.47900009,3.87333012,50.00000000
0,2023-02-19 06:00:00,6,99102,-0.66399997,51.49300003,3.89602995,50.00000000
0,2023-02-19 06:00:00,6,99107,-1.48300004,53.38299942,4.52833986,50.00000000
0,2023-02-19 06:00:00,6,99113,-2.70300007,53.77399826,5.86279011,50.00000000
0,2023-02-19 06:00:00,6,99114,-5.82800007,54.60300064,7.37808990,50.00000000
0,2023-02-19 06:00:00,6,99115,-0.87900001,52.27299881,4.64062023,50.00000000
0,2023-02-19 06:00:00,6,99116,-0.64099997,54.10499954,6.10548019,50.00000000
0,2023-02-19 06:00:00,6,99117,-5.18400002,57.15599823,11.81046009,50.00000000
0,2023-02-19 06:00:00,6,99118,0.67400002,52.45899963,3.01147008,50.00000000
0,2023-02-19 06:00:00,6,99119,-0.84899998,51.17800140,3.61697006,50.00000000
0,2023-02-19 06:00:00,6,99121,-6.25400019,55.04800034,6.94782019,50.00000000
0,2023-02-19 06:00:00,6,99122,1.29600000,52.93299866,3.26991010,50.00000000
0,2023-02-19 06:00:00,6,99123,0.10300000,52.24499893,4.04697990,50.00000000
0,2023-02-19 06:00:00,6,99124,0.56900001,52.25999832,3.90714002,50.00000000
0,2023-02-19 06:00:00,6,99125,-4.37200022,57.46099854,8.28559971,50.00000000
0,2023-02-19 06:00:00,6,99126,0.46200001,51.07699966,4.34056997,50.00000000
0,2023-02-19 06:00:00,6,99127,0.43200001,51.73300171,4.49420023,50.00000000
0,2023-02-19 06:00:00,6,99128,-2.21900010,51.60599899,4.35406017,50.00000000
0,2023-02-19 06:00:00,6,99129,-2.51699996,55.35800171,6.64381981,50.00000000
0,2023-02-19 06:00:00,6,99130,-5.82999992,54.24499893,6.32436991,50.00000000
0,2023-02-19 06:00:00,6,99131,-6.96600008,54.88499832,8.32600975,50.00000000
0,2023-02-19 06:00:00,6,99132,-4.48400021,57.32899857,8.53433037,50.00000000
0,2023-02-19 06:00:00,6,99133,-2.21300006,57.18700027,5.88476992,50.00000000
0,2023-02-19 06:00:00,6,99134,-4.22599983,55.60100174,8.09867954,50.00000000
0,2023-02-19 06:00:00,6,99135,-4.90999985,55.74800110,7.42273998,50.00000000
0,2023-02-19 06:00:00,6,99136,0.65600002,52.82400131,3.31904006,50.00000000
0,2023-02-19 06:00:00,6,99137,-3.45799994,54.64899826,7.22324991,50.00000000
0,2023-02-19 06:00:00,6,99138,-3.26699996,51.78300095,5.55570984,50.00000000
0,2023-02-19 06:00:00,6,99139,-0.17800000,51.56000137,3.87605000,50.00000000
0,2023-02-19 06:00:00,6,99141,-1.95299995,51.94800186,4.19490004,50.00000000
0,2023-02-19 06:00:00,6,99142,-0.42100000,54.27299881,6.27861977,50.00000000
0,2023-02-19 06:00:00,6,99143,-3.07900000,54.61999893,6.69541979,50.00000000
0,2023-02-19 06:00:00,6,99144,-7.56099987,54.18899918,8.42208958,50.00000000
0,2023-02-19 06:00:00,6,99145,-3.21900010,57.03749847,7.38044024,50.00000000
0,2023-02-19 06:00:00,6,99146,-1.93299997,52.25000000,4.41325998,50.00000000
0,2023-02-19 06:00:00,6,99147,-5.65000010,54.56700134,5.92047024,50.00000000
0,2023-02-19 06:00:00,6,99148,1.28299999,52.16699982,4.13645983,50.00000000
0,2023-02-19 06:00:00,6,99149,-1.63300002,52.73300171,4.31672001,50.00000000
0,2023-02-19 06:00:00,6,99150,-4.01700020,52.43299866,5.48776007,50.00000000
0,2023-02-19 06:00:00,6,99151,-0.88300002,53.40000153,4.67905998,50.00000000
0,2023-02-19 06:00:00,6,99152,-2.78299999,54.66699982,5.24218988,50.00000000
0,2023-02-19 06:00:00,6,99153,-5.01700020,58.06700134,11.54815006,50.00000000
0,2023-02-19 06:00:00,6,99154,0.03300000,51.06700134,4.18123007,50.00000000
0,2023-02-19 06:00:00,6,99155,-2.43300009,52.78300095,5.13727999,50.00000000
0,2023-02-19 06:00:00,6,99157,-1.33299994,51.00000000,2.98023009,50.00000000
0,2023-02-19 06:00:00,6,99158,-1.39999998,52.61700058,4.54170990,50.00000000
0,2023-02-19 06:00:00,6,99159,-1.95879996,50.61360168,3.77337003,50.00000000
0,2023-02-19 06:00:00,6,99160,-3.18300009,51.48300171,4.53362989,50.00000000
0,2023-02-19 06:00:00,6,99161,0.63300002,52.08300018,4.40679979,50.00000000
0,2023-02-19 06:00:00,6,99162,-1.39999998,53.63299942,5.80047989,50.00000000
0,2023-02-19 06:00:00,6,99163,-4.15000010,52.91699982,6.71609020,50.00000000
0,2023-02-19 06:00:00,6,99164,-2.95000005,52.58300018,6.04742002,50.00000000
0,2023-02-19 06:00:00,6,99166,-1.39999998,52.00000000,4.46806002,50.00000000
0,2023-02-19 06:00:00,6,99167,-2.10130000,54.30830002,7.98919010,50.00000000
0,2023-02-19 06:00:00,6,99168,-6.90000010,57.78300095,13.86623001,50.00000000
0,2023-02-19 06:00:00,6,99169,-2.76699996,53.84999847,5.99797010,50.00000000
0,2023-02-19 06:00:00,6,99170,-3.45029998,52.21530151,4.45947981,50.00000000
0,2023-02-19 06:00:00,6,99171,-1.76699996,53.81700134,6.29481983,50.00000000
0,2023-02-19 06:00:00,6,99172,-2.78299999,54.26699829,5.35154009,50.00000000
0,2023-02-19 06:00:00,6,99173,-1.78299999,54.46699905,7.21935987,50.00000000
0,2023-02-19 06:00:00,6,99174,-4.68300009,51.98300171,5.00133991,50.00000000
0,2023-02-19 06:00:00,6,99175,-6.00000000,54.81700134,7.90879011,50.00000000
0,2023-02-19 06:00:00,6,99176,-2.91700006,51.71699905,3.65543008,50.00000000
0,2023-02-19 06:00:00,6,99177,-1.76699996,54.06700134,8.71461964,50.00000000
0,2023-02-19 06:00:00,6,99178,-0.64999998,53.63299942,4.96256018,50.00000000
0,2023-02-19 06:00:00,6,99179,-2.51699996,53.08300018,4.22978020,50.00000000
0,2023-02-19 06:00:00,6,99180,-3.21700001,55.96699905,7.50541019,50.00000000
0,2023-02-19 06:00:00,6,99182,0.60000002,51.13299942,4.63703012,50.00000000
0,2023-02-19 06:00:00,6,99183,-0.93300003,51.43299866,3.67003012,50.00000000
0,2023-02-19 06:00:00,6,99184,-4.91699982,51.86700058,5.28441000,50.00000000
0,2023-02-19 06:00:00,6,99185,-0.41700000,50.93299866,3.63404012,50.00000000
0,2023-02-19 06:00:00,6,99186,-2.57900000,55.23400116,6.83316994,50.00000000
0,2023-02-19 06:00:00,6,99187,-2.84999990,54.08300018,8.00263023,50.00000000
0,2023-02-19 06:00:00,6,99188,-6.51700020,55.23300171,8.82991982,50.00000000
0,2023-02-19 06:00:00,6,99189,-1.60000002,52.20000076,4.27756023,50.00000000
0,2023-02-19 06:00:00,6,99190,-4.54479980,50.82799911,3.83184004,50.00000000
0,2023-02-19 06:00:00,6,99191,-5.37349987,57.18159866,11.81556034,50.00000000
0,2023-02-19 06:00:00,6,99192,-1.01699996,52.04999924,4.40466976,50.00000000
0,2023-02-19 06:00:00,6,99193,-4.95739985,54.74280167,6.57918978,50.00000000
0,2023-02-19 06:00:00,6,99194,-3.91470003,52.27159882,4.73126984,50.00000000
0,2023-02-19 06:00:00,6,99195,-3.48300004,51.91669846,5.09040022,50.00000000
0,2023-02-19 06:00:00,6,99196,-1.91680002,55.52989960,6.22761011,50.00000000
0,2023-02-19 06:00:00,6,99197,-0.38299999,51.41699982,3.82271004,50.00000000
0,2023-02-19 06:00:00,6,99198,-1.54999995,51.51699829,4.11202002,50.00000000
0,2023-02-19 06:00:00,6,99200,-4.30679989,55.90269852,6.69898987,50.00000000
0,2023-02-19 06:00:00,6,99201,-3.98099995,51.60699844,4.71648979,50.00000000
0,2023-02-19 06:00:00,6,99203,-0.00900000,51.53400040,3.61512995,50.00000000
0,2023-02-19 06:00:00,6,99204,-0.01700000,51.54199982,3.64982009,50.00000000
0,2023-02-19 06:00:00,6,99205,-0.76700002,52.04999924,4.39591980,50.00000000
0,2023-02-19 06:00:00,6,99206,-1.59899998,53.80799866,5.69822979,50.00000000
0,2023-02-19 06:00:00,6,99207,-2.58570004,51.91120148,3.80807996,50.00000000
0,2023-02-19 06:00:00,6,99208,-2.21210003,53.44369888,4.05980015,50.00000000
0,2023-02-19 06:00:00,6,99209,-1.90489995,52.48049927,4.06314993,50.00000000
0,2023-02-19 06:00:00,6,99212,-1.16700006,50.83300018,3.22993994,50.00000000
0,2023-02-19 06:00:00,6,99213,-0.36700001,53.75000000,4.69922018,50.00000000
0,2023-02-19 06:00:00,6,99214,-0.30000001,53.76699829,4.73773003,50.00000000
0,2023-02-19 06:00:00,6,99220,1.16400003,52.45619965,3.64779997,50.00000000
0,2023-02-19 06:00:00,6,99223,-2.55929995,51.55139923,4.62462997,50.00000000
0,2023-02-19 06:00:00,6,99430,-0.34040001,51.42309952,3.74536991,50.00000000
0,2023-02-19 06:00:00,6,99557,-2.16700006,54.09999847,8.54378986,50.00000000
0,2023-02-19 06:00:00,6,99578,-2.55679989,53.60789871,5.31132984,50.00000000
0,2023-02-19 06:00:00,6,99674,-0.85000002,51.11700058,3.25585008,50.00000000
