attrs,values
units,""
model_var,""
dtime_units,"hour"
level_type,"isobaric"
time_type,"UT"
time_bounds,"[0, 0]"
level,time,dtime,id,lon,lat,forecast_reference_time_hour,scaled_vertical_displacement
0.00000000,2023-02-17 06:00:00,6,1,0.69559997,51.57139969,6.00000000,1.00872874
0.00000000,2023-02-17 06:00:00,6,2,-0.36829999,51.87440109,6.00000000,1.00886106
0.00000000,2023-02-17 06:00:00,6,3,-1.35669994,50.95029831,6.00000000,0.99081278
0.00000000,2023-02-17 06:00:00,6,4,0.02950000,51.32149887,6.00000000,1.03103602
0.00000000,2023-02-17 06:00:00,6,5,0.05800000,51.50479889,6.00000000,1.00246799
0.00000000,2023-02-17 06:00:00,6,6,0.93919998,50.95610046,6.00000000,1.00363278
0.00000000,2023-02-17 06:00:00,6,7,-0.62669998,52.07030106,6.00000000,1.00970507
0.00000000,2023-02-17 06:00:00,6,8,-5.87699986,54.61299896,6.00000000,0.99579602
0.00000000,2023-02-17 06:00:00,6,9,-1.74810004,52.45389938,6.00000000,0.99973297
0.00000000,2023-02-17 06:00:00,6,11,-2.71919990,51.38280106,6.00000000,1.03508615
0.00000000,2023-02-17 06:00:00,6,12,0.17500000,52.20500183,6.00000000,1.00548863
0.00000000,2023-02-17 06:00:00,6,14,-2.80920005,54.93750000,6.00000000,0.99401814
0.00000000,2023-02-17 06:00:00,6,15,-2.30559993,52.63999939,6.00000000,0.98300302
0.00000000,2023-02-17 06:00:00,6,17,-3.02579999,56.45249939,6.00000000,0.84562993
0.00000000,2023-02-17 06:00:00,6,18,-1.32669997,52.83110046,6.00000000,1.06179750
0.00000000,2023-02-17 06:00:00,6,19,-3.41389990,50.73440170,6.00000000,0.99305600
0.00000000,2023-02-17 06:00:00,6,22,-0.34720001,53.57970047,6.00000000,0.99648851
0.00000000,2023-02-17 06:00:00,6,23,-4.04750013,57.54240036,6.00000000,0.99230206
0.00000000,2023-02-17 06:00:00,6,24,0.56110001,52.40940094,6.00000000,1.00061738
0.00000000,2023-02-17 06:00:00,6,25,-1.66059995,53.86579895,6.00000000,1.04460394
0.00000000,2023-02-17 06:00:00,6,26,-2.84999990,53.33359909,6.00000000,0.99105972
0.00000000,2023-02-17 06:00:00,6,28,0.48830000,52.36080170,6.00000000,1.03984606
0.00000000,2023-02-17 06:00:00,6,29,-1.69169998,55.03749847,6.00000000,1.02036500
0.00000000,2023-02-17 06:00:00,6,30,1.28279996,52.67610168,6.00000000,1.03074157
0.00000000,2023-02-17 06:00:00,6,32,-4.58669996,55.50780106,6.00000000,0.96057409
0.00000000,2023-02-17 06:00:00,6,33,-1.29920006,60.43220139,6.00000000,0.99463475
0.00000000,2023-02-17 06:00:00,6,34,-1.38859999,53.39440155,6.00000000,1.03834474
0.00000000,2023-02-17 06:00:00,6,37,-1.42349994,54.51250076,6.00000000,1.00412405
0.00000000,2023-02-17 06:00:00,6,50,-0.12000000,52.34999847,6.00000000,1.00718224
0.00000000,2023-02-17 06:00:00,6,51,-2.16000009,55.25000000,6.00000000,0.87358409
0.00000000,2023-02-17 06:00:00,6,52,-4.87209988,58.61750031,6.00000000,0.99408400
0.00000000,2023-02-17 06:00:00,6,53,-2.28640008,51.43920135,6.00000000,1.03953540
0.00000000,2023-02-17 06:00:00,6,63,-4.32999992,53.09999847,6.00000000,1.00457287
0.00000000,2023-02-17 06:00:00,6,69,-5.23000002,50.00000000,6.00000000,1.00000000
0.00000000,2023-02-17 06:00:00,6,98,-2.88540006,53.74459839,6.00000000,0.99632233
0.00000000,2023-02-17 06:00:00,6,111,1.72000003,52.63000107,6.00000000,0.99856335
0.00000000,2023-02-17 06:00:00,6,127,-1.32040000,51.83560181,6.00000000,1.02026725
0.00000000,2023-02-17 06:00:00,6,134,-1.77999997,51.68000031,6.00000000,1.00409675
0.00000000,2023-02-17 06:00:00,6,139,-0.73710001,51.79119873,6.00000000,1.02064979
0.00000000,2023-02-17 06:00:00,6,201,-3.23289990,54.10639954,6.00000000,0.97797310
0.00000000,2023-02-17 06:00:00,6,203,-4.94589996,56.28239822,6.00000000,1.03924513
0.00000000,2023-02-17 06:00:00,6,204,-0.22480001,52.72639847,6.00000000,0.99944067
0.00000000,2023-02-17 06:00:00,6,205,-0.10620000,52.50410080,6.00000000,1.00363278
0.00000000,2023-02-17 06:00:00,6,206,0.10820000,52.83789825,6.00000000,1.00000000
0.00000000,2023-02-17 06:00:00,6,207,-0.02400000,52.43470001,6.00000000,1.00181472
0.00000000,2023-02-17 06:00:00,6,208,-4.85449982,57.13069916,6.00000000,1.24372113
0.00000000,2023-02-17 06:00:00,6,209,-4.13000011,58.04999924,6.00000000,0.81629753
0.00000000,2023-02-17 06:00:00,6,210,-1.37860000,54.66429901,6.00000000,0.98444593
0.00000000,2023-02-17 06:00:00,6,211,-2.83010006,55.67060089,6.00000000,1.02583134
0.00000000,2023-02-17 06:00:00,6,212,-1.75950003,54.74380112,6.00000000,1.06897199
0.00000000,2023-02-17 06:00:00,6,213,-2.51620007,55.90069962,6.00000000,1.00596273
0.00000000,2023-02-17 06:00:00,6,216,-4.81160021,55.68460083,6.00000000,1.11373043
0.00000000,2023-02-17 06:00:00,6,217,-0.64260000,53.62699890,6.00000000,0.98896307
0.00000000,2023-02-17 06:00:00,6,220,1.66719997,52.71260071,6.00000000,1.03365803
0.00000000,2023-02-17 06:00:00,6,222,-3.60019994,52.54940033,6.00000000,1.10039067
0.00000000,2023-02-17 06:00:00,6,223,-5.55870008,55.63779831,6.00000000,1.26994598
0.00000000,2023-02-17 06:00:00,6,224,-1.30159998,54.69319916,6.00000000,1.04248881
0.00000000,2023-02-17 06:00:00,6,225,-1.68460000,54.84700012,6.00000000,1.06448078
0.00000000,2023-02-17 06:00:00,6,226,-3.57399988,54.59460068,6.00000000,0.96066612
0.00000000,2023-02-17 06:00:00,6,228,-5.09399986,54.87549973,6.00000000,1.02241158
0.00000000,2023-02-17 06:00:00,6,229,0.10190000,53.66880035,6.00000000,1.04637074
0.00000000,2023-02-17 06:00:00,6,230,-1.93770003,53.78160095,6.00000000,1.17488658
0.00000000,2023-02-17 06:00:00,6,231,-3.48000002,57.45000076,6.00000000,1.04271221
0.00000000,2023-02-17 06:00:00,6,232,-3.03180003,53.45809937,6.00000000,0.97014254
0.00000000,2023-02-17 06:00:00,6,233,-3.87879992,52.40940094,6.00000000,1.08366048
0.00000000,2023-02-17 06:00:00,6,234,-4.40939999,53.40719986,6.00000000,1.05012250
0.00000000,2023-02-17 06:00:00,6,235,-3.68330002,54.75000000,6.00000000,1.00000000
0.00000000,2023-02-17 06:00:00,6,237,-1.68789995,53.53789902,6.00000000,1.09966397
0.00000000,2023-02-17 06:00:00,6,238,1.78690004,52.64250183,6.00000000,1.00000000
0.00000000,2023-02-17 06:00:00,6,240,0.14810000,52.58000183,6.00000000,0.99995285
0.00000000,2023-02-17 06:00:00,6,242,-1.80239999,54.75830078,6.00000000,1.02800655
0.00000000,2023-02-17 06:00:00,6,243,-4.22370005,57.47790146,6.00000000,1.02167296
0.00000000,2023-02-17 06:00:00,6,244,-4.25890017,55.86370087,6.00000000,0.97652042
0.00000000,2023-02-17 06:00:00,6,245,-1.59700000,54.97700119,6.00000000,1.01864803
0.00000000,2023-02-17 06:00:00,6,246,-5.87699986,54.61299896,6.00000000,0.99579602
0.00000000,2023-02-17 06:00:00,6,247,-1.89649999,52.47969818,6.00000000,1.03823733
0.00000000,2023-02-17 06:00:00,6,248,-2.24110007,53.47629929,6.00000000,0.96784532
0.00000000,2023-02-17 06:00:00,6,249,-2.58969998,51.45370102,6.00000000,0.97869194
0.00000000,2023-02-17 06:00:00,6,250,-0.10800000,51.52099991,6.00000000,0.96123409
0.00000000,2023-02-17 06:00:00,6,251,-3.52999997,50.72190094,6.00000000,0.92727113
0.00000000,2023-02-17 06:00:00,6,253,-5.57800007,55.57120132,6.00000000,0.99034095
0.00000000,2023-02-17 06:00:00,6,254,-4.12430000,55.36460114,6.00000000,1.26193821
0.00000000,2023-02-17 06:00:00,6,255,-5.15689993,56.03179932,6.00000000,1.24771667
0.00000000,2023-02-17 06:00:00,6,256,-2.85150003,55.80599976,6.00000000,1.04858100
0.00000000,2023-02-17 06:00:00,6,257,-3.92059994,55.55459976,6.00000000,1.26307905
0.00000000,2023-02-17 06:00:00,6,258,-6.10340023,54.80599976,6.00000000,1.19378448
0.00000000,2023-02-17 06:00:00,6,259,-6.81820011,55.01739883,6.00000000,1.12518251
0.00000000,2023-02-17 06:00:00,6,260,-2.15479994,53.75030136,6.00000000,1.06907105
0.00000000,2023-02-17 06:00:00,6,261,-5.03380013,50.35200119,6.00000000,1.12191737
0.00000000,2023-02-17 06:00:00,6,262,-6.25629997,55.02989960,6.00000000,1.15019107
0.00000000,2023-02-17 06:00:00,6,263,-8.01469994,54.43849945,6.00000000,1.11540282
0.00000000,2023-02-17 06:00:00,6,264,-3.75149989,55.77000046,6.00000000,1.02297342
0.00000000,2023-02-17 06:00:00,6,265,-4.33220005,57.80170059,6.00000000,1.23189068
0.00000000,2023-02-17 06:00:00,6,266,-3.66350007,56.24489975,6.00000000,1.15872478
0.00000000,2023-02-17 06:00:00,6,267,0.15140000,52.58610153,6.00000000,1.00176752
0.00000000,2023-02-17 06:00:00,6,268,-4.24490023,55.68569946,6.00000000,0.99933898
0.00000000,2023-02-17 06:00:00,6,269,-4.05859995,55.22249985,6.00000000,1.17480266
0.00000000,2023-02-17 06:00:00,6,270,-7.98880005,54.70009995,6.00000000,1.22403944
0.00000000,2023-02-17 06:00:00,6,271,-3.41939998,52.45159912,6.00000000,1.16431582
0.00000000,2023-02-17 06:00:00,6,272,-5.27220011,56.38299942,6.00000000,1.14266419
0.00000000,2023-02-17 06:00:00,6,273,-6.45499992,57.42900085,6.00000000,1.13289976
0.00000000,2023-02-17 06:00:00,6,274,-3.44330001,58.29999924,6.00000000,0.97733849
0.00000000,2023-02-17 06:00:00,6,275,-2.63700008,57.66099930,6.00000000,1.11706138
0.00000000,2023-02-17 06:00:00,6,276,-4.06479979,56.26350021,6.00000000,0.91422546
0.00000000,2023-02-17 06:00:00,6,277,-3.37129998,57.53720093,6.00000000,1.21324766
0.00000000,2023-02-17 06:00:00,6,278,-3.45679998,58.42940140,6.00000000,1.00133026
0.00000000,2023-02-17 06:00:00,6,279,-3.75079989,52.40499878,6.00000000,1.15708506
0.00000000,2023-02-17 06:00:00,6,280,-3.65919995,55.18629837,6.00000000,1.01024830
0.00000000,2023-02-17 06:00:00,6,281,-3.35630012,56.67940140,6.00000000,0.96212953
0.00000000,2023-02-17 06:00:00,6,282,-4.10220003,56.07540131,6.00000000,1.00571406
0.00000000,2023-02-17 06:00:00,6,283,-4.09410000,57.32500076,6.00000000,1.02025259
0.00000000,2023-02-17 06:00:00,6,284,-2.64429998,57.41189957,6.00000000,1.08709550
0.00000000,2023-02-17 06:00:00,6,285,-4.72300005,55.24580002,6.00000000,0.96716231
0.00000000,2023-02-17 06:00:00,6,286,-2.69300008,57.45019913,6.00000000,1.02588797
0.00000000,2023-02-17 06:00:00,6,287,-3.21630001,55.11270142,6.00000000,1.06611013
0.00000000,2023-02-17 06:00:00,6,288,-2.68939996,59.18960190,6.00000000,1.02261090
0.00000000,2023-02-17 06:00:00,6,289,-5.67910004,55.49380112,6.00000000,0.94846535
0.00000000,2023-02-17 06:00:00,6,294,-7.02440023,54.96319962,6.00000000,1.03334343
0.00000000,2023-02-17 06:00:00,6,301,-7.61670017,54.15850067,6.00000000,1.22158647
0.00000000,2023-02-17 06:00:00,6,303,-7.11269999,54.50270081,6.00000000,1.09270155
0.00000000,2023-02-17 06:00:00,6,307,-4.88299990,57.71699905,6.00000000,1.02442539
0.00000000,2023-02-17 06:00:00,6,311,-4.02169991,52.30469894,6.00000000,1.15162075
0.00000000,2023-02-17 06:00:00,6,313,-1.41639996,54.76290131,6.00000000,1.03776693
0.00000000,2023-02-17 06:00:00,6,314,-3.17759991,54.18830109,6.00000000,0.95491821
0.00000000,2023-02-17 06:00:00,6,315,-3.13240004,55.71070099,6.00000000,1.08936429
0.00000000,2023-02-17 06:00:00,6,316,-3.55520010,54.65560150,6.00000000,1.00470686
0.00000000,2023-02-17 06:00:00,6,317,-3.54299998,54.67480087,6.00000000,0.98065567
0.00000000,2023-02-17 06:00:00,6,341,-1.43350005,54.83179855,6.00000000,1.03715587
0.00000000,2023-02-17 06:00:00,6,342,-1.44140005,54.77590179,6.00000000,0.98894352
0.00000000,2023-02-17 06:00:00,6,343,-1.37629998,54.66680145,6.00000000,0.98623246
0.00000000,2023-02-17 06:00:00,6,344,-3.38019991,55.15470123,6.00000000,0.92690897
0.00000000,2023-02-17 06:00:00,6,348,1.13999999,51.45000076,6.00000000,1.00000000
0.00000000,2023-02-17 06:00:00,6,349,0.95969999,50.91339874,6.00000000,1.00910676
0.00000000,2023-02-17 06:00:00,6,350,-1.18110001,54.63550186,6.00000000,1.00545418
0.00000000,2023-02-17 06:00:00,6,351,-2.91779995,54.03049850,6.00000000,0.99818093
0.00000000,2023-02-17 06:00:00,6,352,-3.13170004,51.20709991,6.00000000,1.02169740
0.00000000,2023-02-17 06:00:00,6,353,-4.89650011,55.72019958,6.00000000,1.01096690
0.00000000,2023-02-17 06:00:00,6,355,-2.40799999,55.96799850,6.00000000,1.03317440
0.00000000,2023-02-17 06:00:00,6,356,-0.23029999,52.93460083,6.00000000,1.00000000
0.00000000,2023-02-17 06:00:00,6,357,-3.67389989,52.63790131,6.00000000,1.21804702
0.00000000,2023-02-17 06:00:00,6,358,-4.54589987,50.64799881,6.00000000,1.16948998
0.00000000,2023-02-17 06:00:00,6,359,-3.07850003,54.87300110,6.00000000,1.05576956
0.00000000,2023-02-17 06:00:00,6,362,-1.68799996,54.82049942,6.00000000,1.09670103
0.00000000,2023-02-17 06:00:00,6,363,-0.92379999,53.72679901,6.00000000,1.00158775
0.00000000,2023-02-17 06:00:00,6,364,-1.44180000,54.71879959,6.00000000,1.03318512
0.00000000,2023-02-17 06:00:00,6,365,-3.50189996,54.63090134,6.00000000,1.03149581
0.00000000,2023-02-17 06:00:00,6,366,-1.48969996,55.13499832,6.00000000,1.00000000
0.00000000,2023-02-17 06:00:00,6,368,-3.68630004,58.60409927,6.00000000,1.07517147
0.00000000,2023-02-17 06:00:00,6,383,-3.50000000,54.42100143,6.00000000,0.89278167
0.00000000,2023-02-17 06:00:00,6,384,-2.20099998,51.86159897,6.00000000,1.00852776
0.00000000,2023-02-17 06:00:00,6,385,-1.61940002,52.50809860,6.00000000,0.93700916
0.00000000,2023-02-17 06:00:00,6,386,-1.20459998,53.70529938,6.00000000,0.99831951
0.00000000,2023-02-17 06:00:00,6,387,-1.04920006,53.20059967,6.00000000,1.00477529
0.00000000,2023-02-17 06:00:00,6,388,-1.13220000,53.22650146,6.00000000,0.99888080
0.00000000,2023-02-17 06:00:00,6,389,-1.06110001,53.41370010,6.00000000,1.00369418
0.00000000,2023-02-17 06:00:00,6,390,-1.64900005,55.24000168,6.00000000,1.00995231
0.00000000,2023-02-17 06:00:00,6,391,-2.44700003,53.53200150,6.00000000,0.92960703
0.00000000,2023-02-17 06:00:00,6,392,-1.38499999,52.99800110,6.00000000,1.00904310
0.00000000,2023-02-17 06:00:00,6,393,-1.38150001,52.69350052,6.00000000,0.97381389
0.00000000,2023-02-17 06:00:00,6,394,-1.69079995,53.27330017,6.00000000,0.98688859
0.00000000,2023-02-17 06:00:00,6,395,-3.89590001,55.52199936,6.00000000,1.03101909
0.00000000,2023-02-17 06:00:00,6,396,-3.82640004,55.61240005,6.00000000,1.01494884
0.00000000,2023-02-17 06:00:00,6,397,-3.89479995,55.52209854,6.00000000,1.03101909
0.00000000,2023-02-17 06:00:00,6,398,-4.28299999,55.37829971,6.00000000,1.00709307
0.00000000,2023-02-17 06:00:00,6,399,-4.40899992,55.45380020,6.00000000,1.07444704
0.00000000,2023-02-17 06:00:00,6,400,-4.37659979,55.33319855,6.00000000,0.80612445
0.00000000,2023-02-17 06:00:00,6,401,-3.83699989,55.59299850,6.00000000,0.96475321
0.00000000,2023-02-17 06:00:00,6,402,-3.15319991,55.82630157,6.00000000,1.17299128
0.00000000,2023-02-17 06:00:00,6,403,-3.98690009,55.54079819,6.00000000,0.92142934
0.00000000,2023-02-17 06:00:00,6,404,-3.41310000,56.11669922,6.00000000,0.96387726
0.00000000,2023-02-17 06:00:00,6,405,-3.88870001,51.69390106,6.00000000,0.87054545
0.00000000,2023-02-17 06:00:00,6,406,-3.61350012,51.73149872,6.00000000,1.09966099
0.00000000,2023-02-17 06:00:00,6,407,-4.01020002,50.40959930,6.00000000,1.02717769
0.00000000,2023-02-17 06:00:00,6,408,-0.82160002,54.55619812,6.00000000,1.16662443
0.00000000,2023-02-17 06:00:00,6,409,-7.38000011,54.59000015,6.00000000,1.05003524
0.00000000,2023-02-17 06:00:00,6,414,-0.19820000,53.94789886,6.00000000,1.02570844
0.00000000,2023-02-17 06:00:00,6,415,-0.08600000,53.81370163,6.00000000,1.01119268
0.00000000,2023-02-17 06:00:00,6,416,-4.87260008,55.07630157,6.00000000,1.13221216
0.00000000,2023-02-17 06:00:00,6,417,-1.55980003,55.20460129,6.00000000,1.01144874
0.00000000,2023-02-17 06:00:00,6,418,-3.27060008,58.40819931,6.00000000,0.98478448
0.00000000,2023-02-17 06:00:00,6,419,-4.96029997,50.47219849,6.00000000,1.09923184
0.00000000,2023-02-17 06:00:00,6,420,-3.14569998,59.11489868,6.00000000,1.22822511
0.00000000,2023-02-17 06:00:00,6,421,-3.66300011,51.68000031,6.00000000,1.09921265
0.00000000,2023-02-17 06:00:00,6,422,0.80350000,50.96009827,6.00000000,1.00471520
0.00000000,2023-02-17 06:00:00,6,423,-4.43359995,53.36220169,6.00000000,1.03889120
0.00000000,2023-02-17 06:00:00,6,424,-3.65070009,53.38109970,6.00000000,1.00000000
0.00000000,2023-02-17 06:00:00,6,425,-4.20289993,55.29380035,6.00000000,1.23404562
0.00000000,2023-02-17 06:00:00,6,426,6.47489977,48.84550095,6.00000000,1.05909836
0.00000000,2023-02-17 06:00:00,6,427,3.81089997,49.70009995,6.00000000,0.95704865
0.00000000,2023-02-17 06:00:00,6,428,4.04440022,49.67839813,6.00000000,1.06205797
0.00000000,2023-02-17 06:00:00,6,429,-2.04719996,46.94929886,6.00000000,1.01829648
0.00000000,2023-02-17 06:00:00,6,430,6.51420021,49.17070007,6.00000000,1.01643252
0.00000000,2023-02-17 06:00:00,6,431,0.93580002,49.81209946,6.00000000,1.10052800
0.00000000,2023-02-17 06:00:00,6,432,2.29320002,49.65430069,6.00000000,0.98024464
0.00000000,2023-02-17 06:00:00,6,433,1.49689996,49.83990097,6.00000000,1.04886186
0.00000000,2023-02-17 06:00:00,6,434,-4.13329983,48.18000031,6.00000000,1.05608225
0.00000000,2023-02-17 06:00:00,6,436,4.19469976,48.89419937,6.00000000,1.09992039
0.00000000,2023-02-17 06:00:00,6,437,-1.45039999,46.41979980,6.00000000,0.98533702
0.00000000,2023-02-17 06:00:00,6,438,2.06870008,47.00569916,6.00000000,1.02077270
0.00000000,2023-02-17 06:00:00,6,439,1.32939994,47.92919922,6.00000000,1.01057243
0.00000000,2023-02-17 06:00:00,6,440,2.05049992,49.58900070,6.00000000,1.01643991
0.00000000,2023-02-17 06:00:00,6,441,1.25479996,49.95180130,6.00000000,0.90370983
0.00000000,2023-02-17 06:00:00,6,442,-2.41429996,48.42150116,6.00000000,0.99915320
0.00000000,2023-02-17 06:00:00,6,443,5.43900013,48.69789886,6.00000000,1.05894876
0.00000000,2023-02-17 06:00:00,6,444,1.90779996,48.16149902,6.00000000,1.00518203
0.00000000,2023-02-17 06:00:00,6,445,0.10980000,45.81760025,6.00000000,0.99258983
0.00000000,2023-02-17 06:00:00,6,446,-0.93300003,53.61700058,6.00000000,0.99939084
0.00000000,2023-02-17 06:00:00,6,447,-4.13570023,51.68339920,6.00000000,0.90000427
0.00000000,2023-02-17 06:00:00,6,448,-3.56620002,51.70320129,6.00000000,0.89739048
0.00000000,2023-02-17 06:00:00,6,449,-4.96439981,51.79320145,6.00000000,0.96184456
0.00000000,2023-02-17 06:00:00,6,450,-3.33859992,53.04109955,6.00000000,1.02975094
0.00000000,2023-02-17 06:00:00,6,451,-4.18260002,53.20959854,6.00000000,1.00251806
0.00000000,2023-02-17 06:00:00,6,452,-5.21799994,56.21889877,6.00000000,1.12877297
0.00000000,2023-02-17 06:00:00,6,454,10.27099991,52.17499924,6.00000000,1.00717831
0.00000000,2023-02-17 06:00:00,6,455,10.36400032,52.61700058,6.00000000,0.99133611
0.00000000,2023-02-17 06:00:00,6,456,9.50000000,53.12599945,6.00000000,0.99916381
0.00000000,2023-02-17 06:00:00,6,458,-2.25699997,55.90480042,6.00000000,1.13428450
0.00000000,2023-02-17 06:00:00,6,459,-0.47999999,52.24000168,6.00000000,1.01209462
0.00000000,2023-02-17 06:00:00,6,460,1.28999996,52.06000137,6.00000000,1.05756986
0.00000000,2023-02-17 06:00:00,6,461,-1.40999997,51.11000061,6.00000000,0.95255023
0.00000000,2023-02-17 06:00:00,6,462,-1.25999999,51.06000137,6.00000000,1.01629031
0.00000000,2023-02-17 06:00:00,6,463,-0.57999998,51.61000061,6.00000000,0.96455389
0.00000000,2023-02-17 06:00:00,6,464,-4.28809977,55.86090088,6.00000000,0.95672798
0.00000000,2023-02-17 06:00:00,6,465,-4.29379988,55.85829926,6.00000000,0.95672798
0.00000000,2023-02-17 06:00:00,6,466,-3.75900006,56.57569885,6.00000000,1.10632062
0.00000000,2023-02-17 06:00:00,6,467,-3.61109996,55.39619827,6.00000000,1.12620378
0.00000000,2023-02-17 06:00:00,6,468,-7.85160017,54.86640167,6.00000000,0.96728873
0.00000000,2023-02-17 06:00:00,6,470,-2.64910007,57.66510010,6.00000000,1.11503780
0.00000000,2023-02-17 06:00:00,6,471,-6.46540022,57.43920135,6.00000000,1.05203390
0.00000000,2023-02-17 06:00:00,6,472,-3.23740005,58.46020126,6.00000000,1.05047870
0.00000000,2023-02-17 06:00:00,6,473,-4.43860006,57.71549988,6.00000000,1.43354368
0.00000000,2023-02-17 06:00:00,6,474,-5.28240013,56.37990189,6.00000000,1.34764111
0.00000000,2023-02-17 06:00:00,6,475,-3.43059993,56.30619812,6.00000000,1.03301334
0.00000000,2023-02-17 06:00:00,6,476,-3.35840011,54.85810089,6.00000000,1.00365424
0.00000000,2023-02-17 06:00:00,6,477,-1.79799998,54.75510025,6.00000000,1.09464204
0.00000000,2023-02-17 06:00:00,6,478,-2.63840008,54.33369827,6.00000000,1.05077410
0.00000000,2023-02-17 06:00:00,6,479,-3.13649988,54.24710083,6.00000000,1.28980553
0.00000000,2023-02-17 06:00:00,6,480,-1.91509998,54.88249969,6.00000000,1.02981210
0.00000000,2023-02-17 06:00:00,6,481,0.23379999,53.14410019,6.00000000,1.00378668
0.00000000,2023-02-17 06:00:00,6,482,-4.34060001,53.37670135,6.00000000,1.02566159
0.00000000,2023-02-17 06:00:00,6,483,-3.57870007,52.36249924,6.00000000,1.15740883
0.00000000,2023-02-17 06:00:00,6,484,-2.28819990,53.76509857,6.00000000,1.18999827
0.00000000,2023-02-17 06:00:00,6,485,-1.64760005,53.99679947,6.00000000,1.10627508
0.00000000,2023-02-17 06:00:00,6,486,-3.96650004,52.46369934,6.00000000,1.19761658
0.00000000,2023-02-17 06:00:00,6,487,-3.47440004,51.56449890,6.00000000,1.16787469
0.00000000,2023-02-17 06:00:00,6,488,-1.14010000,53.11690140,6.00000000,1.01257563
0.00000000,2023-02-17 06:00:00,6,489,-3.44799995,55.53939819,6.00000000,1.14176977
0.00000000,2023-02-17 06:00:00,6,490,-0.28230000,54.00439835,6.00000000,1.00043666
0.00000000,2023-02-17 06:00:00,6,491,-3.43510008,52.58229828,6.00000000,1.03537273
0.00000000,2023-02-17 06:00:00,6,492,-1.25430000,54.49110031,6.00000000,1.05226922
0.00000000,2023-02-17 06:00:00,6,493,-1.17799997,52.50049973,6.00000000,1.04976201
0.00000000,2023-02-17 06:00:00,6,494,-2.11400008,57.31549835,6.00000000,1.03227937
0.00000000,2023-02-17 06:00:00,6,501,-1.46959996,53.38240051,6.00000000,0.86983067
0.00000000,2023-02-17 06:00:00,6,503,-3.57419991,55.23899841,6.00000000,0.98845410
0.00000000,2023-02-17 06:00:00,6,504,-2.08780003,57.18610001,6.00000000,0.93602335
0.00000000,2023-02-17 06:00:00,6,505,10.09119987,53.67350006,6.00000000,0.99890715
0.00000000,2023-02-17 06:00:00,6,508,6.78840017,53.45159912,6.00000000,1.00363278
0.00000000,2023-02-17 06:00:00,6,509,4.38399982,51.66550064,6.00000000,1.00181472
0.00000000,2023-02-17 06:00:00,6,513,-2.24799991,53.66199875,6.00000000,1.11415434
0.00000000,2023-02-17 06:00:00,6,514,-3.48399997,53.10900116,6.00000000,1.31567657
0.00000000,2023-02-17 06:00:00,6,515,-3.94280005,55.70169830,6.00000000,1.05820239
0.00000000,2023-02-17 06:00:00,6,516,-3.51239991,51.69110107,6.00000000,1.09632421
0.00000000,2023-02-17 06:00:00,6,517,-2.57739997,57.62689972,6.00000000,0.95019579
0.00000000,2023-02-17 06:00:00,6,518,-9.38189983,51.62979889,6.00000000,1.36329865
0.00000000,2023-02-17 06:00:00,6,519,-4.22970009,55.77059937,6.00000000,0.74923211
0.00000000,2023-02-17 06:00:00,6,520,-1.89760005,54.91260147,6.00000000,1.04773915
0.00000000,2023-02-17 06:00:00,6,521,-0.09800000,52.51100159,6.00000000,1.00363278
0.00000000,2023-02-17 06:00:00,6,522,-1.76830006,54.76470184,6.00000000,1.17708874
0.00000000,2023-02-17 06:00:00,6,523,-2.00850010,55.15710068,6.00000000,0.96300811
0.00000000,2023-02-17 06:00:00,6,531,-2.91589999,54.02780151,6.00000000,1.02941597
0.00000000,2023-02-17 06:00:00,6,532,1.61889994,52.21179962,6.00000000,1.01793993
0.00000000,2023-02-17 06:00:00,6,533,0.96399999,50.91339874,6.00000000,1.04258335
0.00000000,2023-02-17 06:00:00,6,534,-1.71980000,52.45389938,6.00000000,1.00315046
0.00000000,2023-02-17 06:00:00,6,537,-2.78629994,53.88859940,6.00000000,0.98421514
0.00000000,2023-02-17 06:00:00,6,538,-6.55240011,52.62210083,6.00000000,0.99208546
0.00000000,2023-02-17 06:00:00,6,539,-9.15820026,52.10770035,6.00000000,0.98584050
0.00000000,2023-02-17 06:00:00,6,540,-8.93789959,51.81169891,6.00000000,1.01094627
0.00000000,2023-02-17 06:00:00,6,541,-3.07879996,55.18420029,6.00000000,0.89987183
0.00000000,2023-02-17 06:00:00,6,542,-3.12350011,58.43700027,6.00000000,1.04310966
0.00000000,2023-02-17 06:00:00,6,543,-3.45910001,52.92229843,6.00000000,0.85484052
0.00000000,2023-02-17 06:00:00,6,545,7.65829992,49.96879959,6.00000000,0.62571609
0.00000000,2023-02-17 06:00:00,6,553,-2.61139989,55.96500015,6.00000000,1.02239192
0.00000000,2023-02-17 06:00:00,6,554,-3.78160000,55.86650085,6.00000000,1.08056617
0.00000000,2023-02-17 06:00:00,6,555,-1.55400002,55.11149979,6.00000000,1.01370561
0.00000000,2023-02-17 06:00:00,6,556,-1.02670002,53.07249832,6.00000000,1.07692587
0.00000000,2023-02-17 06:00:00,6,557,-1.26220000,52.62960052,6.00000000,1.01352048
0.00000000,2023-02-17 06:00:00,6,558,-1.09909999,52.29539871,6.00000000,0.97958821
0.00000000,2023-02-17 06:00:00,6,559,0.13020000,53.23989868,6.00000000,1.06050599
0.00000000,2023-02-17 06:00:00,6,560,1.48810005,52.29629898,6.00000000,1.01622343
0.00000000,2023-02-17 06:00:00,6,561,-5.15780020,50.28260040,6.00000000,1.06001568
0.00000000,2023-02-17 06:00:00,6,562,-0.52859998,54.15100098,6.00000000,1.08592153
0.00000000,2023-02-17 06:00:00,6,563,-1.33109999,53.61569977,6.00000000,1.04288602
0.00000000,2023-02-17 06:00:00,6,564,-1.75940001,55.49969864,6.00000000,1.04569125
0.00000000,2023-02-17 06:00:00,6,565,0.91769999,51.71799850,6.00000000,0.99711889
0.00000000,2023-02-17 06:00:00,6,566,-0.86699998,53.66770172,6.00000000,1.00000000
0.00000000,2023-02-17 06:00:00,6,567,-3.47399998,52.95550156,6.00000000,1.20233929
0.00000000,2023-02-17 06:00:00,6,568,-0.02360000,52.53390121,6.00000000,1.00181472
0.00000000,2023-02-17 06:00:00,6,569,-5.20289993,50.04479980,6.00000000,1.02295125
0.00000000,2023-02-17 06:00:00,6,570,-4.38700008,50.49850082,6.00000000,1.14708614
0.00000000,2023-02-17 06:00:00,6,571,-1.43869996,54.77970123,6.00000000,1.11189997
0.00000000,2023-02-17 06:00:00,6,572,-3.16939998,54.77379990,6.00000000,1.08907831
0.00000000,2023-02-17 06:00:00,6,573,-1.41540003,54.83050156,6.00000000,1.01566851
0.00000000,2023-02-17 06:00:00,6,574,-1.23800004,53.31159973,6.00000000,1.01845324
0.00000000,2023-02-17 06:00:00,6,575,-2.84759998,53.89820099,6.00000000,0.99666458
0.00000000,2023-02-17 06:00:00,6,576,-0.12070000,52.46210098,6.00000000,1.00181472
0.00000000,2023-02-17 06:00:00,6,577,-5.14060020,50.17559814,6.00000000,1.19684899
0.00000000,2023-02-17 06:00:00,6,578,-0.60329998,53.84799957,6.00000000,1.02227449
0.00000000,2023-02-17 06:00:00,6,579,-1.40680003,54.83259964,6.00000000,1.03407228
0.00000000,2023-02-17 06:00:00,6,580,-4.86259985,50.47930145,6.00000000,1.08051503
0.00000000,2023-02-17 06:00:00,6,581,-0.17160000,52.55659866,6.00000000,1.01219559
0.00000000,2023-02-17 06:00:00,6,582,1.12559998,52.33349991,6.00000000,1.01363540
0.00000000,2023-02-17 06:00:00,6,583,-4.16900015,58.51559830,6.00000000,1.03787220
0.00000000,2023-02-17 06:00:00,6,584,-9.24090004,53.28689957,6.00000000,1.05242312
0.00000000,2023-02-17 06:00:00,6,599,-0.75239998,53.60390091,6.00000000,0.99945408
0.00000000,2023-02-17 06:00:00,6,600,-7.10750008,53.99940109,6.00000000,1.04696643
0.00000000,2023-02-17 06:00:00,6,601,-9.12129974,52.40119934,6.00000000,1.23543131
0.00000000,2023-02-17 06:00:00,6,602,-0.85299999,53.11800003,6.00000000,1.01572752
0.00000000,2023-02-17 06:00:00,6,603,-0.83730000,53.17060089,6.00000000,1.03439176
0.00000000,2023-02-17 06:00:00,6,604,-0.52700001,53.99390030,6.00000000,1.05954432
0.00000000,2023-02-17 06:00:00,6,605,-0.16450000,53.86849976,6.00000000,1.00129282
0.00000000,2023-02-17 06:00:00,6,606,-0.16689999,53.56069946,6.00000000,1.02466631
0.00000000,2023-02-17 06:00:00,6,607,-1.06060004,53.08919907,6.00000000,1.03285694
0.00000000,2023-02-17 06:00:00,6,608,-0.78869998,53.84889984,6.00000000,0.99832857
0.00000000,2023-02-17 06:00:00,6,609,-0.77130002,53.75770187,6.00000000,1.00045884
0.00000000,2023-02-17 06:00:00,6,610,-0.80629998,53.81200027,6.00000000,0.99951273
0.00000000,2023-02-17 06:00:00,6,611,-1.37450004,54.79449844,6.00000000,1.01327991
0.00000000,2023-02-17 06:00:00,6,612,-1.61629999,54.55540085,6.00000000,0.97372651
0.00000000,2023-02-17 06:00:00,6,613,-1.74839997,54.84970093,6.00000000,1.01987779
0.00000000,2023-02-17 06:00:00,6,614,-6.04860020,54.82949829,6.00000000,0.87734300
0.00000000,2023-02-17 06:00:00,6,615,-3.97930002,55.66830063,6.00000000,1.05207014
0.00000000,2023-02-17 06:00:00,6,616,-3.65459991,55.78350067,6.00000000,1.03729582
0.00000000,2023-02-17 06:00:00,6,617,-3.89890003,55.91859818,6.00000000,1.03049874
0.00000000,2023-02-17 06:00:00,6,618,-2.95760012,56.38629913,6.00000000,1.14891398
0.00000000,2023-02-17 06:00:00,6,619,-3.98469996,55.66609955,6.00000000,1.06165111
0.00000000,2023-02-17 06:00:00,6,620,-4.61049986,50.68650055,6.00000000,1.09775627
0.00000000,2023-02-17 06:00:00,6,621,-4.69540024,50.47900009,6.00000000,1.00713539
0.00000000,2023-02-17 06:00:00,6,622,-4.44939995,50.43600082,6.00000000,0.99196780
0.00000000,2023-02-17 06:00:00,6,623,-4.40500021,50.82910156,6.00000000,1.01340735
0.00000000,2023-02-17 06:00:00,6,624,-4.34740019,50.85219955,6.00000000,1.04174328
0.00000000,2023-02-17 06:00:00,6,625,-4.36770010,50.39989853,6.00000000,1.10229850
0.00000000,2023-02-17 06:00:00,6,626,-5.00780010,51.72380066,6.00000000,0.99548090
0.00000000,2023-02-17 06:00:00,6,627,-5.05819988,51.72520065,6.00000000,0.99909419
0.00000000,2023-02-17 06:00:00,6,628,-3.33520007,51.77149963,6.00000000,0.88686693
0.00000000,2023-02-17 06:00:00,6,629,-1.25109994,52.47409821,6.00000000,1.01561522
0.00000000,2023-02-17 06:00:00,6,630,0.19589999,51.47900009,6.00000000,1.00727880
0.00000000,2023-02-17 06:00:00,6,631,-0.14749999,52.29809952,6.00000000,1.03327179
0.00000000,2023-02-17 06:00:00,6,632,-1.27719998,52.17890167,6.00000000,0.93729961
0.00000000,2023-02-17 06:00:00,6,633,9.97739983,53.56019974,6.00000000,1.01367712
0.00000000,2023-02-17 06:00:00,6,634,-3.28299999,53.98300171,6.00000000,1.00000000
0.00000000,2023-02-17 06:00:00,6,635,-4.53299999,53.25000000,6.00000000,1.00125611
0.00000000,2023-02-17 06:00:00,6,636,1.88300002,51.93000031,6.00000000,1.00000000
0.00000000,2023-02-17 06:00:00,6,637,0.43610001,53.12749863,6.00000000,0.99401271
0.00000000,2023-02-17 06:00:00,6,638,-2.98609996,53.17449951,6.00000000,1.01504469
0.00000000,2023-02-17 06:00:00,6,639,-2.57579994,51.52140045,6.00000000,0.97592312
0.00000000,2023-02-17 06:00:00,6,640,-1.53149998,54.29679871,6.00000000,1.00735605
0.00000000,2023-02-17 06:00:00,6,641,-3.40000010,51.40999985,6.00000000,0.98866946
0.00000000,2023-02-17 06:00:00,6,642,-5.28240013,56.37990189,6.00000000,1.30673647
0.00000000,2023-02-17 06:00:00,6,643,-4.45749998,57.72290039,6.00000000,1.56389391
0.00000000,2023-02-17 06:00:00,6,644,-4.17030001,55.28559875,6.00000000,1.34609413
0.00000000,2023-02-17 06:00:00,6,645,-4.74550009,55.24089813,6.00000000,1.02122653
0.00000000,2023-02-17 06:00:00,6,646,-4.13780022,55.57619858,6.00000000,1.08742142
0.00000000,2023-02-17 06:00:00,6,647,-0.24969999,52.06000137,6.00000000,1.00312316
0.00000000,2023-02-17 06:00:00,6,648,-6.82639980,55.10089874,6.00000000,1.02449429
0.00000000,2023-02-17 06:00:00,6,649,0.73439997,52.62860107,6.00000000,0.99535793
0.00000000,2023-02-17 06:00:00,6,650,1.11099994,52.69160080,6.00000000,1.01016796
0.00000000,2023-02-17 06:00:00,6,651,-3.86730003,56.03099823,6.00000000,1.00042164
0.00000000,2023-02-17 06:00:00,6,652,-3.73720002,55.87189865,6.00000000,0.98415732
0.00000000,2023-02-17 06:00:00,6,653,7.98859978,50.41059875,6.00000000,1.09614348
0.00000000,2023-02-17 06:00:00,6,654,8.79790020,53.43439865,6.00000000,1.00078034
0.00000000,2023-02-17 06:00:00,6,656,-4.77740002,54.90499878,6.00000000,0.96986896
0.00000000,2023-02-17 06:00:00,6,660,-7.25880003,54.91419983,6.00000000,1.31349146
0.00000000,2023-02-17 06:00:00,6,661,4.41900015,52.60599899,6.00000000,1.00000000
0.00000000,2023-02-17 06:00:00,6,662,2.96900010,51.55599976,6.00000000,1.00000000
0.00000000,2023-02-17 06:00:00,6,663,4.23099995,51.51300049,6.00000000,1.00181472
0.00000000,2023-02-17 06:00:00,6,664,4.36339998,51.23199844,6.00000000,1.02720058
0.00000000,2023-02-17 06:00:00,6,665,-2.02889991,55.63339996,6.00000000,0.91960090
0.00000000,2023-02-17 06:00:00,6,666,-1.16610003,54.59099960,6.00000000,0.99295747
0.00000000,2023-02-17 06:00:00,6,667,-2.99119997,53.39709854,6.00000000,0.92445385
0.00000000,2023-02-17 06:00:00,6,668,9.27079964,54.74729919,6.00000000,0.99664778
0.00000000,2023-02-17 06:00:00,6,669,9.49880028,54.11940002,6.00000000,0.99822479
0.00000000,2023-02-17 06:00:00,6,670,9.45499992,54.38510132,6.00000000,1.00013530
0.00000000,2023-02-17 06:00:00,6,671,2.28909993,48.83190155,6.00000000,0.96467173
0.00000000,2023-02-17 06:00:00,6,672,-6.22730017,54.87889862,6.00000000,0.96375448
0.00000000,2023-02-17 06:00:00,6,673,0.23840000,53.31999969,6.00000000,1.00208199
0.00000000,2023-02-17 06:00:00,6,674,-2.71289992,51.50870132,6.00000000,1.00620282
0.00000000,2023-02-17 06:00:00,6,675,-3.10220003,51.50579834,6.00000000,1.00057364
0.00000000,2023-02-17 06:00:00,6,676,0.16480000,51.51599884,6.00000000,1.01243007
0.00000000,2023-02-17 06:00:00,6,677,-1.03460002,52.80879974,6.00000000,1.02535629
0.00000000,2023-02-17 06:00:00,6,678,-2.89829993,56.48519897,6.00000000,0.95324236
0.00000000,2023-02-17 06:00:00,6,679,-4.16559982,55.73749924,6.00000000,1.01041818
0.00000000,2023-02-17 06:00:00,6,680,0.08340000,53.43299866,6.00000000,0.99994653
0.00000000,2023-02-17 06:00:00,6,681,-4.27379990,50.92399979,6.00000000,1.09747827
0.00000000,2023-02-17 06:00:00,6,682,-0.98559999,51.41870117,6.00000000,0.97848654
0.00000000,2023-02-17 06:00:00,6,683,-2.26780009,51.70209885,6.00000000,1.11893129
0.00000000,2023-02-17 06:00:00,6,684,-2.58240008,51.25450134,6.00000000,1.09511137
0.00000000,2023-02-17 06:00:00,6,685,1.65439999,52.70999908,6.00000000,1.01179504
0.00000000,2023-02-17 06:00:00,6,686,0.68339998,52.65679932,6.00000000,1.01776350
0.00000000,2023-02-17 06:00:00,6,687,-1.08829999,53.29539871,6.00000000,1.01173770
0.00000000,2023-02-17 06:00:00,6,688,-1.96519995,51.71490097,6.00000000,0.96865940
0.00000000,2023-02-17 06:00:00,6,689,-0.16960000,51.15340042,6.00000000,0.96621639
0.00000000,2023-02-17 06:00:00,6,690,-0.61919999,51.18209839,6.00000000,1.05219579
0.00000000,2023-02-17 06:00:00,6,691,-0.20020001,51.79690170,6.00000000,1.00498641
0.00000000,2023-02-17 06:00:00,6,692,-0.23980001,51.52460098,6.00000000,0.98078007
0.00000000,2023-02-17 06:00:00,6,693,-0.05280000,51.47980118,6.00000000,0.99844998
0.00000000,2023-02-17 06:00:00,6,694,-1.33910000,52.06330109,6.00000000,1.00940049
0.00000000,2023-02-17 06:00:00,6,695,-1.23800004,51.74980164,6.00000000,0.95719135
0.00000000,2023-02-17 06:00:00,6,696,-0.97369999,51.45370102,6.00000000,0.98388875
0.00000000,2023-02-17 06:00:00,6,697,-1.73389995,51.41830063,6.00000000,0.95280236
0.00000000,2023-02-17 06:00:00,6,698,-0.81169999,51.81549835,6.00000000,1.01426947
0.00000000,2023-02-17 06:00:00,6,699,-1.09119999,51.26490021,6.00000000,0.97906375
0.00000000,2023-02-17 06:00:00,6,700,-1.72220004,51.92729950,6.00000000,1.14041865
0.00000000,2023-02-17 06:00:00,6,701,-0.08010000,51.65290070,6.00000000,1.00399303
0.00000000,2023-02-17 06:00:00,6,702,0.15400000,51.86380005,6.00000000,0.99786389
0.00000000,2023-02-17 06:00:00,6,703,-0.19210000,51.45500183,6.00000000,1.00108719
0.00000000,2023-02-17 06:00:00,6,704,-0.00120000,51.54100037,6.00000000,0.97594947
0.00000000,2023-02-17 06:00:00,6,705,0.09630000,51.37110138,6.00000000,0.97418177
0.00000000,2023-02-17 06:00:00,6,706,-0.48690000,51.37469864,6.00000000,1.00379670
0.00000000,2023-02-17 06:00:00,6,707,-0.55620003,51.59320068,6.00000000,1.00643432
0.00000000,2023-02-17 06:00:00,6,708,-4.21579981,55.31679916,6.00000000,0.92456347
0.00000000,2023-02-17 06:00:00,6,709,-0.23330000,53.73740005,6.00000000,1.00727880
0.00000000,2023-02-17 06:00:00,6,710,-2.30890012,53.23659897,6.00000000,1.04458559
0.00000000,2023-02-17 06:00:00,6,711,0.03740000,52.16699982,6.00000000,1.00646317
0.00000000,2023-02-17 06:00:00,6,712,-1.09249997,53.59080124,6.00000000,1.00200427
0.00000000,2023-02-17 06:00:00,6,713,-3.37910008,54.75249863,6.00000000,1.05771053
0.00000000,2023-02-17 06:00:00,6,714,-1.16120005,52.38130188,6.00000000,0.99617589
0.00000000,2023-02-17 06:00:00,6,715,8.79790020,53.43439865,6.00000000,1.00078034
0.00000000,2023-02-17 06:00:00,6,717,9.27079964,54.74729919,6.00000000,0.99664778
0.00000000,2023-02-17 06:00:00,6,718,9.49880028,54.11940002,6.00000000,0.99822479
0.00000000,2023-02-17 06:00:00,6,719,9.45499992,54.38510132,6.00000000,1.00013530
0.00000000,2023-02-17 06:00:00,6,720,0.29300001,53.64400101,6.00000000,1.00000000
0.00000000,2023-02-17 06:00:00,6,721,-4.25000000,55.84899902,6.00000000,0.98899317
0.00000000,2023-02-17 06:00:00,6,722,-0.21170001,51.48749924,6.00000000,0.99510342
0.00000000,2023-02-17 06:00:00,6,723,-3.36899996,55.94110107,6.00000000,1.01483524
0.00000000,2023-02-17 06:00:00,6,724,0.00850000,51.76179886,6.00000000,0.96443915
0.00000000,2023-02-17 06:00:00,6,725,-0.22890000,50.82920074,6.00000000,0.92676598
0.00000000,2023-02-17 06:00:00,6,726,-0.10610000,50.81169891,6.00000000,0.86735076
0.00000000,2023-02-17 06:00:00,6,727,0.00970000,51.49729919,6.00000000,0.99694747
0.00000000,2023-02-17 06:00:00,6,728,-0.19560000,52.55099869,6.00000000,1.00309122
0.00000000,2023-02-17 06:00:00,6,729,-3.18829989,55.95330048,6.00000000,1.09525955
0.00000000,2023-02-17 06:00:00,6,730,-4.94430017,58.27909851,6.00000000,0.87202913
0.00000000,2023-02-17 06:00:00,6,731,-4.99009991,56.98339844,6.00000000,0.68075866
0.00000000,2023-02-17 06:00:00,6,732,-4.41639996,57.18410110,6.00000000,1.06972218
0.00000000,2023-02-17 06:00:00,6,733,-5.49510002,56.68759918,6.00000000,0.71820247
0.00000000,2023-02-17 06:00:00,6,734,-3.69169998,53.45080185,6.00000000,1.00000000
0.00000000,2023-02-17 06:00:00,6,735,-3.46210003,53.35210037,6.00000000,1.00000000
0.00000000,2023-02-17 06:00:00,6,736,9.98610020,53.56079865,6.00000000,1.00452912
0.00000000,2023-02-17 06:00:00,6,737,9.99110031,53.63029861,6.00000000,0.99295068
0.00000000,2023-02-17 06:00:00,6,738,-3.69709992,51.66019821,6.00000000,1.02936029
0.00000000,2023-02-17 06:00:00,6,739,-3.60019994,51.67219925,6.00000000,0.96524066
0.00000000,2023-02-17 06:00:00,6,740,-2.14170003,53.70199966,6.00000000,0.96052063
0.00000000,2023-02-17 06:00:00,6,741,-2.05180001,53.80059814,6.00000000,0.84211570
0.00000000,2023-02-17 06:00:00,6,742,-2.01370001,53.74179840,6.00000000,0.70069730
0.00000000,2023-02-17 06:00:00,6,743,-1.78639996,53.70119858,6.00000000,0.92330390
0.00000000,2023-02-17 06:00:00,6,744,-1.92019999,53.79399872,6.00000000,1.19527149
0.00000000,2023-02-17 06:00:00,6,745,-1.90799999,53.77700043,6.00000000,1.04503405
0.00000000,2023-02-17 06:00:00,6,746,-2.98000002,58.99750137,6.00000000,1.01275730
0.00000000,2023-02-17 06:00:00,6,747,-4.34469986,57.80709839,6.00000000,1.76273692
0.00000000,2023-02-17 06:00:00,6,748,-6.51539993,58.23249817,6.00000000,0.91436565
0.00000000,2023-02-17 06:00:00,6,749,-2.00130010,57.61529922,6.00000000,1.04969633
0.00000000,2023-02-17 06:00:00,6,750,-6.18599987,55.68960190,6.00000000,1.00030708
0.00000000,2023-02-17 06:00:00,6,751,-4.44350004,55.76620102,6.00000000,1.08750331
0.00000000,2023-02-17 06:00:00,6,752,-0.94160002,54.54449844,6.00000000,1.08456492
0.00000000,2023-02-17 06:00:00,6,753,-1.07410002,52.79980087,6.00000000,1.03952265
0.00000000,2023-02-17 06:00:00,6,754,-4.52110004,51.75809860,6.00000000,1.02998281
0.00000000,2023-02-17 06:00:00,6,755,-4.70389986,50.63779831,6.00000000,0.96800369
0.00000000,2023-02-17 06:00:00,6,756,-3.66910005,58.56570053,6.00000000,1.04995930
0.00000000,2023-02-17 06:00:00,6,757,-4.23290014,51.97809982,6.00000000,1.17106092
0.00000000,2023-02-17 06:00:00,6,758,-3.55180001,57.48410034,6.00000000,1.05700254
0.00000000,2023-02-17 06:00:00,6,759,-3.83550000,55.50839996,6.00000000,0.99658877
0.00000000,2023-02-17 06:00:00,6,760,9.64319992,50.32720184,6.00000000,1.06875515
0.00000000,2023-02-17 06:00:00,6,761,8.13059998,49.62099838,6.00000000,1.10787332
0.00000000,2023-02-17 06:00:00,6,763,-3.62389994,53.43730164,6.00000000,1.00000000
0.00000000,2023-02-17 06:00:00,6,764,-3.54069996,53.46569824,6.00000000,1.00000000
0.00000000,2023-02-17 06:00:00,6,765,8.16810036,53.83509827,6.00000000,1.00000000
0.00000000,2023-02-17 06:00:00,6,766,5.87200022,54.31800079,6.00000000,1.00000000
0.00000000,2023-02-17 06:00:00,6,768,-1.46070004,51.21569824,6.00000000,0.97563368
0.00000000,2023-02-17 06:00:00,6,769,-2.68740010,51.50320053,6.00000000,1.00620282
0.00000000,2023-02-17 06:00:00,6,770,-0.18990000,51.13610077,6.00000000,1.00737643
0.00000000,2023-02-17 06:00:00,6,771,0.14399999,51.51900101,6.00000000,0.99077010
0.00000000,2023-02-17 06:00:00,6,772,0.24640000,51.46310043,6.00000000,1.00083017
0.00000000,2023-02-17 06:00:00,6,773,-1.62829995,52.59329987,6.00000000,1.03460610
0.00000000,2023-02-17 06:00:00,6,774,-0.02160000,51.67689896,6.00000000,0.99013245
0.00000000,2023-02-17 06:00:00,6,775,-0.24320000,51.76229858,6.00000000,1.00199652
0.00000000,2023-02-17 06:00:00,6,776,-2.86310005,53.48270035,6.00000000,1.00006413
0.00000000,2023-02-17 06:00:00,6,777,-1.65310001,53.74110031,6.00000000,1.02960885
0.00000000,2023-02-17 06:00:00,6,778,-2.20420003,53.35409927,6.00000000,0.99974871
0.00000000,2023-02-17 06:00:00,6,779,-0.73009998,52.06869888,6.00000000,1.01143563
0.00000000,2023-02-17 06:00:00,6,780,-1.52160001,51.63690186,6.00000000,0.99000996
0.00000000,2023-02-17 06:00:00,6,781,-0.21220000,52.57130051,6.00000000,1.00127971
0.00000000,2023-02-17 06:00:00,6,782,-0.38490000,51.55690002,6.00000000,0.98699725
0.00000000,2023-02-17 06:00:00,6,783,-1.43589997,53.40520096,6.00000000,0.89633745
0.00000000,2023-02-17 06:00:00,6,784,-0.48410001,51.34709930,6.00000000,0.99909139
0.00000000,2023-02-17 06:00:00,6,785,-0.19110000,51.43590164,6.00000000,0.99926388
0.00000000,2023-02-17 06:00:00,6,786,-3.17910004,51.48160172,6.00000000,0.98104382
0.00000000,2023-02-17 06:00:00,6,787,-0.33669999,53.74570084,6.00000000,1.00944436
0.00000000,2023-02-17 06:00:00,6,788,1.14699996,53.13499832,6.00000000,1.00000000
0.00000000,2023-02-17 06:00:00,6,789,-3.83800006,52.42699814,6.00000000,0.88729721
0.00000000,2023-02-17 06:00:00,6,790,-1.97969997,52.99509811,6.00000000,0.95571059
0.00000000,2023-02-17 06:00:00,6,791,0.03450000,51.62760162,6.00000000,1.08230317
0.00000000,2023-02-17 06:00:00,6,792,-3.28169990,53.29339981,6.00000000,1.12024665
0.00000000,2023-02-17 06:00:00,6,793,-1.91040003,53.48020172,6.00000000,0.79485464
0.00000000,2023-02-17 06:00:00,6,794,-2.21770000,53.86980057,6.00000000,0.83071339
0.00000000,2023-02-17 06:00:00,6,795,-1.02810001,52.09149933,6.00000000,1.00533378
0.00000000,2023-02-17 06:00:00,6,796,0.26240000,52.39950180,6.00000000,1.01705647
0.00000000,2023-02-17 06:00:00,6,797,-2.24259996,53.48080063,6.00000000,1.00358570
0.00000000,2023-02-17 06:00:00,6,798,-0.00720000,51.54309845,6.00000000,0.98738676
0.00000000,2023-02-17 06:00:00,6,799,-0.22130001,51.50749969,6.00000000,0.95329469
0.00000000,2023-02-17 06:00:00,6,800,-4.18470001,50.38589859,6.00000000,0.93522459
0.00000000,2023-02-17 06:00:00,6,801,-2.08360004,55.16989899,6.00000000,0.94845420
0.00000000,2023-02-17 06:00:00,6,802,-2.97709990,57.35879898,6.00000000,1.09638071
0.00000000,2023-02-17 06:00:00,6,803,-4.53049994,51.75770187,6.00000000,1.06222415
0.00000000,2023-02-17 06:00:00,6,804,-1.16299999,52.41889954,6.00000000,1.01018703
0.00000000,2023-02-17 06:00:00,6,805,-6.41169977,57.44409943,6.00000000,1.07039154
0.00000000,2023-02-17 06:00:00,6,806,-3.26329994,53.31990051,6.00000000,1.00363278
0.00000000,2023-02-17 06:00:00,6,807,-1.84539998,51.54850006,6.00000000,1.01842272
0.00000000,2023-02-17 06:00:00,6,808,-3.29999995,58.29999924,6.00000000,1.00468731
0.00000000,2023-02-17 06:00:00,6,809,-4.80000019,57.59999847,6.00000000,1.16863394
0.00000000,2023-02-17 06:00:00,6,810,-4.09999990,57.40000153,6.00000000,1.14569485
0.00000000,2023-02-17 06:00:00,6,811,-1.89289999,52.99000168,6.00000000,0.89480942
0.00000000,2023-02-17 06:00:00,6,812,-1.87419999,52.98580170,6.00000000,0.88617337
0.00000000,2023-02-17 06:00:00,6,813,-1.89289999,52.99000168,6.00000000,0.69421041
0.00000000,2023-02-17 06:00:00,6,814,-2.80040002,54.04999924,6.00000000,0.97564739
0.00000000,2023-02-17 06:00:00,6,815,-2.91750002,54.89429855,6.00000000,0.99836260
0.00000000,2023-02-17 06:00:00,6,816,-2.02629995,53.74140167,6.00000000,0.70836157
0.00000000,2023-02-17 06:00:00,6,817,-4.48390007,54.96049881,6.00000000,0.94877553
0.00000000,2023-02-17 06:00:00,6,818,-2.74469995,54.32989883,6.00000000,0.98292226
0.00000000,2023-02-17 06:00:00,6,819,-2.80349994,54.04729843,6.00000000,0.99349833
0.00000000,2023-02-17 06:00:00,6,820,-4.48260021,54.95880127,6.00000000,0.90465939
0.00000000,2023-02-17 06:00:00,6,821,-1.07840002,53.82770157,6.00000000,1.00151849
0.00000000,2023-02-17 06:00:00,6,822,-3.14849997,51.47629929,6.00000000,0.98463494
0.00000000,2023-02-17 06:00:00,6,823,-5.76000023,54.72000122,6.00000000,0.90987980
0.00000000,2023-02-17 06:00:00,6,824,-5.78999996,54.84000015,6.00000000,0.94850397
0.00000000,2023-02-17 06:00:00,6,825,-2.43449998,55.79700089,6.00000000,1.14244175
0.00000000,2023-02-17 06:00:00,6,826,0.30430001,52.15729904,6.00000000,0.95425022
0.00000000,2023-02-17 06:00:00,6,827,-4.77500010,54.94139862,6.00000000,0.99662107
0.00000000,2023-02-17 06:00:00,6,830,-3.64409995,51.76699829,6.00000000,1.12006128
0.00000000,2023-02-17 06:00:00,6,831,-3.67170000,51.76100159,6.00000000,1.37723541
0.00000000,2023-02-17 06:00:00,6,832,-3.51279998,51.70700073,6.00000000,1.34038091
0.00000000,2023-02-17 06:00:00,6,833,-3.49729991,51.60910034,6.00000000,0.99984968
0.00000000,2023-02-17 06:00:00,6,834,-3.51799989,51.61690140,6.00000000,1.19449091
0.00000000,2023-02-17 06:00:00,6,835,-0.10840000,51.55490112,6.00000000,0.99334157
0.00000000,2023-02-17 06:00:00,6,836,-0.28470001,51.71110153,6.00000000,0.99208319
0.00000000,2023-02-17 06:00:00,6,837,-0.02400000,51.54349899,6.00000000,0.99097371
0.00000000,2023-02-17 06:00:00,6,838,-3.01810002,56.18220139,6.00000000,0.94197929
0.00000000,2023-02-17 06:00:00,6,839,-4.81669998,57.13330078,6.00000000,1.14792502
0.00000000,2023-02-17 06:00:00,6,840,-9.31079960,51.93859863,6.00000000,1.15015697
0.00000000,2023-02-17 06:00:00,6,841,-3.51320004,54.56850052,6.00000000,1.04157233
0.00000000,2023-02-17 06:00:00,6,842,-3.91459990,55.55749893,6.00000000,1.24263537
0.00000000,2023-02-17 06:00:00,6,843,-4.12779999,58.04800034,6.00000000,0.79872888
0.00000000,2023-02-17 06:00:00,6,844,1.61730003,52.21080017,6.00000000,1.00421762
0.00000000,2023-02-17 06:00:00,6,845,-4.48280001,53.41619873,6.00000000,1.03448820
0.00000000,2023-02-17 06:00:00,6,846,-0.24500000,51.53219986,6.00000000,0.99509704
0.00000000,2023-02-17 06:00:00,6,847,-2.43330002,53.08959961,6.00000000,1.00524712
0.00000000,2023-02-17 06:00:00,6,848,-2.49480009,51.69269943,6.00000000,1.01894498
0.00000000,2023-02-17 06:00:00,6,849,-3.50070000,54.41920090,6.00000000,0.94077647
0.00000000,2023-02-17 06:00:00,6,850,-3.22679996,55.01440048,6.00000000,0.98198181
0.00000000,2023-02-17 06:00:00,6,851,-2.96009994,54.90869904,6.00000000,0.99185151
0.00000000,2023-02-17 06:00:00,6,852,-3.75259995,58.57759857,6.00000000,1.01238370
0.00000000,2023-02-17 06:00:00,6,853,1.25849998,52.10129929,6.00000000,0.95646226
0.00000000,2023-02-17 06:00:00,6,854,0.37320000,52.61080170,6.00000000,1.01535678
0.00000000,2023-02-17 06:00:00,6,855,-0.69650000,53.22460175,6.00000000,0.99757195
0.00000000,2023-02-17 06:00:00,6,856,-0.22950000,53.15340042,6.00000000,0.99424106
0.00000000,2023-02-17 06:00:00,6,857,-0.04550000,52.93939972,6.00000000,1.00331414
0.00000000,2023-02-17 06:00:00,6,858,-0.68390000,53.37060165,6.00000000,0.99480462
0.00000000,2023-02-17 06:00:00,6,859,-0.73449999,52.35900116,6.00000000,0.97664422
0.00000000,2023-02-17 06:00:00,6,860,-0.87540001,51.96910095,6.00000000,0.96553469
0.00000000,2023-02-17 06:00:00,6,861,-0.24320000,52.28810120,6.00000000,1.00341201
0.00000000,2023-02-17 06:00:00,6,862,-0.29789999,52.19219971,6.00000000,1.00141811
0.00000000,2023-02-17 06:00:00,6,863,-0.81120002,52.43569946,6.00000000,0.92729795
0.00000000,2023-02-17 06:00:00,6,864,0.57499999,51.51100159,6.00000000,1.00292790
0.00000000,2023-02-17 06:00:00,6,865,0.70929998,51.55550003,6.00000000,1.00796437
0.00000000,2023-02-17 06:00:00,6,866,0.15490000,52.23339844,6.00000000,1.00435674
0.00000000,2023-02-17 06:00:00,6,867,0.04020000,53.39039993,6.00000000,1.00026464
0.00000000,2023-02-17 06:00:00,6,868,1.73450005,52.46810150,6.00000000,0.98194379
0.00000000,2023-02-17 06:00:00,6,869,0.32049999,51.69110107,6.00000000,0.98311675
0.00000000,2023-02-17 06:00:00,6,870,0.87760001,51.94440079,6.00000000,1.01771533
0.00000000,2023-02-17 06:00:00,6,871,-0.60549998,52.61380005,6.00000000,0.91221452
0.00000000,2023-02-17 06:00:00,6,872,1.29859996,52.69010162,6.00000000,1.00673056
0.00000000,2023-02-17 06:00:00,6,873,0.99210000,52.19620132,6.00000000,0.97643256
0.00000000,2023-02-17 06:00:00,6,874,1.16489995,51.84640121,6.00000000,0.97645509
0.00000000,2023-02-17 06:00:00,6,875,0.80140001,52.56940079,6.00000000,0.98262084
0.00000000,2023-02-17 06:00:00,6,876,-0.45870000,52.47940063,6.00000000,0.99975067
0.00000000,2023-02-17 06:00:00,6,877,-0.24770001,52.51580048,6.00000000,0.99454635
0.00000000,2023-02-17 06:00:00,6,878,-0.27230000,51.97729874,6.00000000,0.97267419
0.00000000,2023-02-17 06:00:00,6,879,1.26250005,52.26979828,6.00000000,0.99940139
0.00000000,2023-02-17 06:00:00,6,880,1.72389996,52.60639954,6.00000000,0.99758577
0.00000000,2023-02-17 06:00:00,6,881,-0.06550000,53.57550049,6.00000000,1.01093805
0.00000000,2023-02-17 06:00:00,6,882,-0.00900000,53.54389954,6.00000000,1.01093805
0.00000000,2023-02-17 06:00:00,6,883,5.49079990,59.75320053,6.00000000,0.90148771
0.00000000,2023-02-17 06:00:00,6,884,5.49079990,59.75320053,6.00000000,0.90148771
0.00000000,2023-02-17 06:00:00,6,885,5.49079990,59.75320053,6.00000000,0.90148771
0.00000000,2023-02-17 06:00:00,6,886,5.49079990,59.75320053,6.00000000,0.90148771
0.00000000,2023-02-17 06:00:00,6,887,5.49079990,59.75320053,6.00000000,0.90148771
0.00000000,2023-02-17 06:00:00,6,888,5.49079990,59.75320053,6.00000000,0.90148771
0.00000000,2023-02-17 06:00:00,6,889,5.49079990,59.75320053,6.00000000,0.90148771
0.00000000,2023-02-17 06:00:00,6,890,5.49079990,59.75320053,6.00000000,0.90148771
0.00000000,2023-02-17 06:00:00,6,891,5.49079990,59.75320053,6.00000000,0.90148771
0.00000000,2023-02-17 06:00:00,6,892,5.49079990,59.75320053,6.00000000,0.90148771
0.00000000,2023-02-17 06:00:00,6,893,5.49079990,59.75320053,6.00000000,0.90148771
0.00000000,2023-02-17 06:00:00,6,894,5.49079990,59.75320053,6.00000000,0.90148771
0.00000000,2023-02-17 06:00:00,6,895,5.49079990,59.75320053,6.00000000,0.90148771
0.00000000,2023-02-17 06:00:00,6,896,5.49079990,59.75320053,6.00000000,0.90148771
0.00000000,2023-02-17 06:00:00,6,897,5.49079990,59.75320053,6.00000000,0.90148771
0.00000000,2023-02-17 06:00:00,6,898,5.49079990,59.75320053,6.00000000,0.90148771
0.00000000,2023-02-17 06:00:00,6,899,5.48330021,59.71670151,6.00000000,0.97936457
0.00000000,2023-02-17 06:00:00,6,900,5.58330011,59.71670151,6.00000000,0.80648643
0.00000000,2023-02-17 06:00:00,6,901,-0.53509998,51.54830170,6.00000000,1.00816965
0.00000000,2023-02-17 06:00:00,6,902,-0.09020000,51.50529861,6.00000000,0.98093712
0.00000000,2023-02-17 06:00:00,6,903,-0.09880000,51.51390076,6.00000000,1.02235472
0.00000000,2023-02-17 06:00:00,6,904,-1.59920001,51.20980072,6.00000000,0.98350924
0.00000000,2023-02-17 06:00:00,6,905,-3.73320007,56.70380020,6.00000000,0.68932354
0.00000000,2023-02-17 06:00:00,6,906,-1.36090004,51.84220123,6.00000000,1.01169717
0.00000000,2023-02-17 06:00:00,6,907,-2.40330005,56.83890152,6.00000000,1.20492756
0.00000000,2023-02-17 06:00:00,6,908,-3.21790004,58.35910034,6.00000000,1.09856510
0.00000000,2023-02-17 06:00:00,6,909,-4.00080013,57.41379929,6.00000000,0.89277732
0.00000000,2023-02-17 06:00:00,6,910,-4.80670023,57.66130066,6.00000000,1.12993884
0.00000000,2023-02-17 06:00:00,6,911,-2.14170003,50.70399857,6.00000000,1.02131295
0.00000000,2023-02-17 06:00:00,6,912,-1.71430004,51.59090042,6.00000000,0.97946608
0.00000000,2023-02-17 06:00:00,6,913,-1.02359998,51.40670013,6.00000000,1.00273955
0.00000000,2023-02-17 06:00:00,6,914,-3.36669993,57.53329849,6.00000000,1.15738118
0.00000000,2023-02-17 06:00:00,6,915,-3.37140012,57.53720093,6.00000000,1.21104991
0.00000000,2023-02-17 06:00:00,6,916,-3.47609997,57.44609833,6.00000000,1.03893793
0.00000000,2023-02-17 06:00:00,6,917,-2.46670008,56.95000076,6.00000000,0.92749131
0.00000000,2023-02-17 06:00:00,6,918,-2.50000000,55.93330002,6.00000000,1.17979336
0.00000000,2023-02-17 06:00:00,6,919,-2.51309991,55.89500046,6.00000000,1.00674653
0.00000000,2023-02-17 06:00:00,6,920,-2.54999995,55.90560150,6.00000000,0.87659580
0.00000000,2023-02-17 06:00:00,6,921,-4.11670017,55.23329926,6.00000000,0.92709166
0.00000000,2023-02-17 06:00:00,6,923,6.71000004,58.15829849,6.00000000,1.14211011
0.00000000,2023-02-17 06:00:00,6,924,-1.89549994,52.98720169,6.00000000,0.88352442
0.00000000,2023-02-17 06:00:00,6,925,-0.44610000,51.47980118,6.00000000,0.99040401
0.00000000,2023-02-17 06:00:00,6,926,-2.57969999,51.45159912,6.00000000,0.97691905
0.00000000,2023-02-17 06:00:00,6,927,-3.17000008,51.47620010,6.00000000,0.98285127
0.00000000,2023-02-17 06:00:00,6,928,-1.06649995,52.95529938,6.00000000,0.99935788
0.00000000,2023-02-17 06:00:00,6,929,-2.97810006,53.40679932,6.00000000,0.96556926
0.00000000,2023-02-17 06:00:00,6,930,-1.61609995,54.97129822,6.00000000,0.97651362
0.00000000,2023-02-17 06:00:00,6,931,-9.60789967,51.39730072,6.00000000,0.93012512
0.00000000,2023-02-17 06:00:00,6,932,-6.41760015,49.87860107,6.00000000,1.00000000
0.00000000,2023-02-17 06:00:00,6,933,-6.30229998,49.98199844,6.00000000,1.00000000
0.00000000,2023-02-17 06:00:00,6,934,-1.30009997,50.76710129,6.00000000,1.00000000
0.00000000,2023-02-17 06:00:00,6,935,-4.15360022,50.35430145,6.00000000,1.00000000
0.00000000,2023-02-17 06:00:00,6,936,-2.45659995,50.51250076,6.00000000,0.90613306
0.00000000,2023-02-17 06:00:00,6,937,-5.72160006,50.06579971,6.00000000,0.86988050
0.00000000,2023-02-17 06:00:00,6,938,-5.20669985,49.95399857,6.00000000,0.96241987
0.00000000,2023-02-17 06:00:00,6,939,-8.91170025,51.05849838,6.00000000,1.00000000
0.00000000,2023-02-17 06:00:00,6,940,-8.05039978,50.74789810,6.00000000,1.00000000
0.00000000,2023-02-17 06:00:00,6,941,-7.34410000,50.37310028,6.00000000,1.00000000
0.00000000,2023-02-17 06:00:00,6,942,-2.98609996,50.35319901,6.00000000,1.00000000
0.00000000,2023-02-17 06:00:00,6,943,-3.63669991,50.22150040,6.00000000,0.87162495
0.00000000,2023-02-17 06:00:00,6,944,-5.87109995,54.56499863,6.00000000,1.12803602
0.00000000,2023-02-17 06:00:00,6,945,-6.47989988,54.89950180,6.00000000,0.97926712
0.00000000,2023-02-17 06:00:00,6,946,-7.28870010,55.00519943,6.00000000,1.05754662
0.00000000,2023-02-17 06:00:00,6,947,-7.65810013,54.46960068,6.00000000,0.95406234
0.00000000,2023-02-17 06:00:00,6,948,-6.42080021,54.18700027,6.00000000,0.98268431
0.00000000,2023-02-17 06:00:00,6,949,-4.97679996,55.08100128,6.00000000,0.98541057
0.00000000,2023-02-17 06:00:00,6,950,-2.73790002,53.34640121,6.00000000,0.96535504
0.00000000,2023-02-17 06:00:00,6,951,-4.09140015,56.06990051,6.00000000,1.07354891
0.00000000,2023-02-17 06:00:00,6,952,-4.19180012,55.68149948,6.00000000,1.00755966
0.00000000,2023-02-17 06:00:00,6,953,-4.87860012,57.12799835,6.00000000,1.45764911
0.00000000,2023-02-17 06:00:00,6,954,-4.04220009,58.05369949,6.00000000,1.20255315
0.00000000,2023-02-17 06:00:00,6,955,-4.81059980,55.23210144,6.00000000,1.37290275
0.00000000,2023-02-17 06:00:00,6,956,-3.95350003,55.57820129,6.00000000,1.13687325
0.00000000,2023-02-17 06:00:00,6,957,-3.21050000,55.96490097,6.00000000,1.03238046
0.00000000,2023-02-17 06:00:00,6,958,-3.21300006,55.96540070,6.00000000,1.02121043
0.00000000,2023-02-17 06:00:00,6,959,-0.15840000,51.50640106,6.00000000,0.97846961
0.00000000,2023-02-17 06:00:00,6,960,-0.16000000,51.50939941,6.00000000,0.97846961
0.00000000,2023-02-17 06:00:00,6,961,-0.15820000,51.50849915,6.00000000,0.97846961
0.00000000,2023-02-17 06:00:00,6,962,-0.15770000,51.50770187,6.00000000,0.97669715
0.00000000,2023-02-17 06:00:00,6,963,-0.15730000,51.50749969,6.00000000,0.97492790
0.00000000,2023-02-17 06:00:00,6,964,0.70160002,51.54899979,6.00000000,1.00979364
0.00000000,2023-02-17 06:00:00,6,965,0.72229999,51.55569839,6.00000000,1.01648796
0.00000000,2023-02-17 06:00:00,6,966,-6.15299988,55.18059921,6.00000000,0.93654436
0.00000000,2023-02-17 06:00:00,6,967,-6.22529984,54.66370010,6.00000000,1.01180744
0.00000000,2023-02-17 06:00:00,6,968,-6.94920015,55.16040039,6.00000000,1.00511849
0.00000000,2023-02-17 06:00:00,6,969,-7.57749987,54.70709991,6.00000000,0.96573144
0.00000000,2023-02-17 06:00:00,6,970,-7.64489985,54.39559937,6.00000000,0.97986162
0.00000000,2023-02-17 06:00:00,6,971,-5.58409977,54.67369843,6.00000000,1.06551576
0.00000000,2023-02-17 06:00:00,6,972,-6.50530005,54.23720169,6.00000000,1.12125909
0.00000000,2023-02-17 06:00:00,6,973,-7.07359982,54.63660049,6.00000000,1.09101367
0.00000000,2023-02-17 06:00:00,6,974,2.09489989,51.96969986,6.00000000,1.00000000
0.00000000,2023-02-17 06:00:00,6,975,2.00600004,51.74449921,6.00000000,1.00000000
0.00000000,2023-02-17 06:00:00,6,976,-4.21019983,51.97589874,6.00000000,1.08831728
0.00000000,2023-02-17 06:00:00,6,977,-3.18400002,51.48410034,6.00000000,0.97395456
0.00000000,2023-02-17 06:00:00,6,978,-3.18560004,51.48540115,6.00000000,0.97572207
0.00000000,2023-02-17 06:00:00,6,979,-0.33530000,51.40090179,6.00000000,0.99679363
0.00000000,2023-02-17 06:00:00,6,980,-0.33070001,51.40090179,6.00000000,0.99679363
0.00000000,2023-02-17 06:00:00,6,981,-0.33120000,51.40319824,6.00000000,0.99268442
0.00000000,2023-02-17 06:00:00,6,982,-1.61420000,53.22280121,6.00000000,0.79109275
0.00000000,2023-02-17 06:00:00,6,983,-1.61520004,53.22579956,6.00000000,0.79109275
0.00000000,2023-02-17 06:00:00,6,984,-1.61730003,53.22470093,6.00000000,0.94218940
0.00000000,2023-02-17 06:00:00,6,985,-2.37639999,53.33340073,6.00000000,1.04893208
0.00000000,2023-02-17 06:00:00,6,986,-2.37890005,53.33129883,6.00000000,1.04135227
0.00000000,2023-02-17 06:00:00,6,987,-2.37949991,53.33290100,6.00000000,1.05465305
0.00000000,2023-02-17 06:00:00,6,988,-0.15490000,51.48540115,6.00000000,0.98123509
0.00000000,2023-02-17 06:00:00,6,989,-0.15590000,51.48770142,6.00000000,0.98837733
0.00000000,2023-02-17 06:00:00,6,990,-0.15889999,51.51330185,6.00000000,0.98380637
0.00000000,2023-02-17 06:00:00,6,991,-0.11320000,51.48369980,6.00000000,1.04036677
0.00000000,2023-02-17 06:00:00,6,992,-0.14929999,51.45800018,6.00000000,1.03199410
0.00000000,2023-02-17 06:00:00,6,993,-0.19260000,51.48180008,6.00000000,0.98125261
0.00000000,2023-02-17 06:00:00,6,994,-5.47559977,50.20890045,6.00000000,0.96709317
0.00000000,2023-02-17 06:00:00,6,995,-5.00190020,57.14419937,6.00000000,0.85804397
0.00000000,2023-02-17 06:00:00,6,996,-4.19350004,56.69940186,6.00000000,0.55122113
0.00000000,2023-02-17 06:00:00,6,997,-4.76539993,56.26100159,6.00000000,0.50648761
0.00000000,2023-02-17 06:00:00,6,998,-4.54050016,51.76050186,6.00000000,1.06608295
0.00000000,2023-02-17 06:00:00,6,999,-4.70450020,50.63610077,6.00000000,0.95406425
0.00000000,2023-02-17 06:00:00,6,1210,6.11019993,62.56039810,6.00000000,1.01781273
0.00000000,2023-02-17 06:00:00,6,1311,5.21810007,60.29339981,6.00000000,0.97628200
0.00000000,2023-02-17 06:00:00,6,1338,6.64690018,61.17110062,6.00000000,1.10286140
0.00000000,2023-02-17 06:00:00,6,1364,8.21700001,60.51699829,6.00000000,0.89243960
0.00000000,2023-02-17 06:00:00,6,1384,11.08300018,60.20000076,6.00000000,0.99678755
0.00000000,2023-02-17 06:00:00,6,1397,12.27169991,61.29420090,6.00000000,0.87210637
0.00000000,2023-02-17 06:00:00,6,1400,3.20000005,56.50000000,6.00000000,1.09092867
0.00000000,2023-02-17 06:00:00,6,1415,5.63789988,58.87680054,6.00000000,1.00456512
0.00000000,2023-02-17 06:00:00,6,1427,6.61000013,58.11700058,6.00000000,0.84809476
0.00000000,2023-02-17 06:00:00,6,1447,8.19919968,59.49689865,6.00000000,0.78911376
0.00000000,2023-02-17 06:00:00,6,1452,8.08300018,58.20000076,6.00000000,0.95669430
0.00000000,2023-02-17 06:00:00,6,1483,10.25860023,59.18669891,6.00000000,1.01651883
0.00000000,2023-02-17 06:00:00,6,1488,10.61670017,59.88330078,6.00000000,0.91744488
0.00000000,2023-02-17 06:00:00,6,1492,10.71700001,59.95000076,6.00000000,0.85956252
0.00000000,2023-02-17 06:00:00,6,2407,13.70720005,60.67639923,6.00000000,1.00544894
0.00000000,2023-02-17 06:00:00,6,2512,11.88329983,57.78329849,6.00000000,1.01120377
0.00000000,2023-02-17 06:00:00,6,2513,12.00000000,57.70000076,6.00000000,0.95681155
0.00000000,2023-02-17 06:00:00,6,3002,-0.85399997,60.74900055,6.00000000,0.96661347
0.00000000,2023-02-17 06:00:00,6,3003,-1.29799998,59.87900162,6.00000000,0.95589328
0.00000000,2023-02-17 06:00:00,6,3005,-1.18299997,60.13899994,6.00000000,1.03409660
0.00000000,2023-02-17 06:00:00,6,3006,-1.27699995,60.44699860,6.00000000,0.92111504
0.00000000,2023-02-17 06:00:00,6,3008,-1.62800002,59.52700043,6.00000000,1.06508482
0.00000000,2023-02-17 06:00:00,6,3010,-4.40399981,59.08300018,6.00000000,1.02199578
0.00000000,2023-02-17 06:00:00,6,3011,-5.82999992,59.12400055,6.00000000,1.19444895
0.00000000,2023-02-17 06:00:00,6,3014,-2.06299996,60.11100006,6.00000000,1.02786016
0.00000000,2023-02-17 06:00:00,6,3017,-2.90000010,58.95399857,6.00000000,1.04400384
0.00000000,2023-02-17 06:00:00,6,3022,-7.38299990,57.47499847,6.00000000,1.00315237
0.00000000,2023-02-17 06:00:00,6,3023,-7.39699984,57.35800171,6.00000000,1.00727880
0.00000000,2023-02-17 06:00:00,6,3026,-6.32499981,58.21400070,6.00000000,1.02756989
0.00000000,2023-02-17 06:00:00,6,3031,-4.89599991,57.72499847,6.00000000,0.92049682
0.00000000,2023-02-17 06:00:00,6,3034,-5.63600016,57.85900116,6.00000000,0.91320544
0.00000000,2023-02-17 06:00:00,6,3035,-7.44890022,57.02569962,6.00000000,0.98856354
0.00000000,2023-02-17 06:00:00,6,3037,-5.80900002,57.25699997,6.00000000,0.98807263
0.00000000,2023-02-17 06:00:00,6,3039,-5.68900013,57.41749954,6.00000000,1.51673150
0.00000000,2023-02-17 06:00:00,6,3041,-4.96999979,56.82199860,6.00000000,2.01222396
0.00000000,2023-02-17 06:00:00,6,3044,-4.44199991,58.28799820,6.00000000,0.92834914
0.00000000,2023-02-17 06:00:00,6,3047,-4.70800018,56.86700058,6.00000000,0.94553649
0.00000000,2023-02-17 06:00:00,6,3055,-3.38499999,58.87400055,6.00000000,0.78550589
0.00000000,2023-02-17 06:00:00,6,3062,-3.96600008,57.81900024,6.00000000,1.00185752
0.00000000,2023-02-17 06:00:00,6,3063,-3.82699990,57.20600128,6.00000000,0.92522615
0.00000000,2023-02-17 06:00:00,6,3065,-3.64199996,57.11600113,6.00000000,2.10011268
0.00000000,2023-02-17 06:00:00,6,3066,-3.56060004,57.64939880,6.00000000,1.00636566
0.00000000,2023-02-17 06:00:00,6,3068,-3.32200003,57.71200180,6.00000000,1.01093805
0.00000000,2023-02-17 06:00:00,6,3070,-3.34400010,57.35400009,6.00000000,0.74970895
0.00000000,2023-02-17 06:00:00,6,3072,-3.42000008,56.87900162,6.00000000,1.46746135
0.00000000,2023-02-17 06:00:00,6,3075,-3.08899999,58.45399857,6.00000000,1.02548075
0.00000000,2023-02-17 06:00:00,6,3080,-2.83599997,57.07699966,6.00000000,0.92140073
0.00000000,2023-02-17 06:00:00,6,3081,-3.39700007,57.00600052,6.00000000,0.89791507
0.00000000,2023-02-17 06:00:00,6,3088,-2.26399994,56.85200119,6.00000000,1.05397952
0.00000000,2023-02-17 06:00:00,6,3091,-2.20199990,57.20600128,6.00000000,1.02354729
0.00000000,2023-02-17 06:00:00,6,3092,-1.77300000,57.50299835,6.00000000,1.00570130
0.00000000,2023-02-17 06:00:00,6,3094,-2.12100005,57.69800186,6.00000000,0.98166335
0.00000000,2023-02-17 06:00:00,6,3100,-6.88700008,56.49700165,6.00000000,1.00359094
0.00000000,2023-02-17 06:00:00,6,3105,-6.25600004,55.68099976,6.00000000,0.96276069
0.00000000,2023-02-17 06:00:00,6,3111,-5.69899988,55.44100189,6.00000000,0.98625588
0.00000000,2023-02-17 06:00:00,6,3114,-5.47499990,56.40999985,6.00000000,0.97555965
0.00000000,2023-02-17 06:00:00,6,3116,-5.00099993,56.40999985,6.00000000,0.74920517
0.00000000,2023-02-17 06:00:00,6,3120,-5.30600023,55.70600128,6.00000000,0.94776487
0.00000000,2023-02-17 06:00:00,6,3130,-4.93599987,54.85900116,6.00000000,1.00063372
0.00000000,2023-02-17 06:00:00,6,3132,-4.93599987,54.85900116,6.00000000,1.00063372
0.00000000,2023-02-17 06:00:00,6,3134,-4.53299999,55.90700150,6.00000000,1.04111242
0.00000000,2023-02-17 06:00:00,6,3136,-4.58500004,55.51499939,6.00000000,0.97284317
0.00000000,2023-02-17 06:00:00,6,3138,-4.79400015,55.96200180,6.00000000,0.99481130
0.00000000,2023-02-17 06:00:00,6,3139,-4.22599983,55.60100174,6.00000000,0.98360664
0.00000000,2023-02-17 06:00:00,6,3140,-4.43330002,55.86669922,6.00000000,0.99583524
0.00000000,2023-02-17 06:00:00,6,3144,-3.72900009,56.32600021,6.00000000,0.95243549
0.00000000,2023-02-17 06:00:00,6,3148,-4.32000017,56.42300034,6.00000000,1.51288116
0.00000000,2023-02-17 06:00:00,6,3152,-3.87500000,55.86199951,6.00000000,1.08996296
0.00000000,2023-02-17 06:00:00,6,3153,-4.00799990,54.80300140,6.00000000,0.97788244
0.00000000,2023-02-17 06:00:00,6,3154,-3.64400005,55.05400085,6.00000000,1.00154710
0.00000000,2023-02-17 06:00:00,6,3155,-3.73499990,55.62699890,6.00000000,1.06713653
0.00000000,2023-02-17 06:00:00,6,3158,-2.38299990,55.70899963,6.00000000,1.00986171
0.00000000,2023-02-17 06:00:00,6,3160,-3.34699988,55.95100021,6.00000000,1.01379514
0.00000000,2023-02-17 06:00:00,6,3162,-3.20600009,55.31100082,6.00000000,0.89240432
0.00000000,2023-02-17 06:00:00,6,3166,-3.34299994,55.92800140,6.00000000,1.01422524
0.00000000,2023-02-17 06:00:00,6,3171,-2.86199999,56.37699890,6.00000000,0.99804217
0.00000000,2023-02-17 06:00:00,6,3173,-3.18799996,55.92300034,6.00000000,1.09521365
0.00000000,2023-02-17 06:00:00,6,3174,-2.58500004,56.27899933,6.00000000,1.02199578
0.00000000,2023-02-17 06:00:00,6,3176,-2.51699996,55.35900116,6.00000000,1.18202591
0.00000000,2023-02-17 06:00:00,6,3188,-2.03200006,55.75400162,6.00000000,1.02343917
0.00000000,2023-02-17 06:00:00,6,3204,-4.63210011,54.08489990,6.00000000,0.94234872
0.00000000,2023-02-17 06:00:00,6,3210,-3.61500001,54.51810074,6.00000000,1.12629044
0.00000000,2023-02-17 06:00:00,6,3212,-3.15700006,54.61399841,6.00000000,0.69351560
0.00000000,2023-02-17 06:00:00,6,3213,-3.40700006,54.32500076,6.00000000,0.99990064
0.00000000,2023-02-17 06:00:00,6,3214,-3.25699997,54.12500000,6.00000000,1.02332830
0.00000000,2023-02-17 06:00:00,6,3220,-2.96300006,54.93299866,6.00000000,1.01858532
0.00000000,2023-02-17 06:00:00,6,3224,-2.55299997,55.04999924,6.00000000,0.99487269
0.00000000,2023-02-17 06:00:00,6,3225,-2.68400002,54.50099945,6.00000000,0.99352646
0.00000000,2023-02-17 06:00:00,6,3226,-2.41300011,54.57199860,6.00000000,0.76648146
0.00000000,2023-02-17 06:00:00,6,3227,-2.45000005,54.68399811,6.00000000,1.47138703
0.00000000,2023-02-17 06:00:00,6,3230,-2.27900004,55.28499985,6.00000000,0.95768929
0.00000000,2023-02-17 06:00:00,6,3235,-2.08899999,54.82099915,6.00000000,1.17166162
0.00000000,2023-02-17 06:00:00,6,3238,-1.88000000,55.02000046,6.00000000,1.01923859
0.00000000,2023-02-17 06:00:00,6,3240,-1.60000002,55.42100143,6.00000000,0.98638940
0.00000000,2023-02-17 06:00:00,6,3246,-1.59700000,54.97700119,6.00000000,1.01864803
0.00000000,2023-02-17 06:00:00,6,3257,-1.52999997,54.29600143,6.00000000,1.00553119
0.00000000,2023-02-17 06:00:00,6,3261,-1.41400003,54.13399887,6.00000000,0.99976486
0.00000000,2023-02-17 06:00:00,6,3262,-1.41499996,55.01800156,6.00000000,1.04769325
0.00000000,2023-02-17 06:00:00,6,3265,-1.38999999,54.20399857,6.00000000,0.99328870
0.00000000,2023-02-17 06:00:00,6,3266,-1.25000000,54.04499817,6.00000000,0.99711883
0.00000000,2023-02-17 06:00:00,6,3275,-0.86299998,54.56299973,6.00000000,1.27836359
0.00000000,2023-02-17 06:00:00,6,3281,-0.67299998,54.36199951,6.00000000,1.07254481
0.00000000,2023-02-17 06:00:00,6,3292,-0.17399999,54.09400177,6.00000000,0.92364603
0.00000000,2023-02-17 06:00:00,6,3301,-4.37599993,53.25999832,6.00000000,0.98162633
0.00000000,2023-02-17 06:00:00,6,3302,-4.53700018,53.25199890,6.00000000,1.00125611
0.00000000,2023-02-17 06:00:00,6,3305,-3.94099998,53.09299850,6.00000000,0.88422555
0.00000000,2023-02-17 06:00:00,6,3308,-4.07700014,53.06800079,6.00000000,2.48358083
0.00000000,2023-02-17 06:00:00,6,3313,-3.50900006,53.25899887,6.00000000,1.10364962
0.00000000,2023-02-17 06:00:00,6,3316,-3.05599999,53.49700165,6.00000000,1.00172150
0.00000000,2023-02-17 06:00:00,6,3318,-3.03699994,53.77600098,6.00000000,1.00243759
0.00000000,2023-02-17 06:00:00,6,3321,-2.98600006,53.17399979,6.00000000,1.00770986
0.00000000,2023-02-17 06:00:00,6,3330,-1.97990000,53.12760162,6.00000000,1.04815626
0.00000000,2023-02-17 06:00:00,6,3334,-2.27900004,53.35599899,6.00000000,1.01852310
0.00000000,2023-02-17 06:00:00,6,3339,-2.02900004,53.96699905,6.00000000,0.96670592
0.00000000,2023-02-17 06:00:00,6,3344,-1.86500001,53.81100082,6.00000000,1.01591945
0.00000000,2023-02-17 06:00:00,6,3345,-1.66400003,53.61299896,6.00000000,1.15413392
0.00000000,2023-02-17 06:00:00,6,3346,-1.66700006,53.61700058,6.00000000,1.17099655
0.00000000,2023-02-17 06:00:00,6,3347,-1.55999994,53.79999924,6.00000000,0.98903942
0.00000000,2023-02-17 06:00:00,6,3348,-2.15400004,53.34000015,6.00000000,0.99100780
0.00000000,2023-02-17 06:00:00,6,3350,-1.58200002,53.43299866,6.00000000,1.46946347
0.00000000,2023-02-17 06:00:00,6,3351,-2.38050008,53.35979843,6.00000000,0.99923354
0.00000000,2023-02-17 06:00:00,6,3354,-1.25000000,53.00500107,6.00000000,1.01061988
0.00000000,2023-02-17 06:00:00,6,3355,-1.19700003,53.83599854,6.00000000,1.00083601
0.00000000,2023-02-17 06:00:00,6,3373,-0.54600000,53.30699921,6.00000000,1.00378191
0.00000000,2023-02-17 06:00:00,6,3377,-0.52100003,53.17499924,6.00000000,1.00648797
0.00000000,2023-02-17 06:00:00,6,3379,-0.50199997,53.03099823,6.00000000,1.00568008
0.00000000,2023-02-17 06:00:00,6,3382,-0.43300000,53.86700058,6.00000000,1.00805020
0.00000000,2023-02-17 06:00:00,6,3384,-0.44000000,53.87400055,6.00000000,1.00805020
0.00000000,2023-02-17 06:00:00,6,3385,0.15400000,53.47299957,6.00000000,1.01461065
0.00000000,2023-02-17 06:00:00,6,3391,-0.17100000,53.09400177,6.00000000,0.99367690
0.00000000,2023-02-17 06:00:00,6,3392,0.27399999,53.08800125,6.00000000,1.00032139
0.00000000,2023-02-17 06:00:00,6,3402,-4.63800001,52.82300186,6.00000000,1.25302863
0.00000000,2023-02-17 06:00:00,6,3403,-4.08199978,52.99499893,6.00000000,0.78353989
0.00000000,2023-02-17 06:00:00,6,3405,-4.74200010,52.78900146,6.00000000,1.14540970
0.00000000,2023-02-17 06:00:00,6,3407,-4.12400007,52.80199814,6.00000000,1.01054752
0.00000000,2023-02-17 06:00:00,6,3409,-3.58299994,52.91699982,6.00000000,0.79417473
0.00000000,2023-02-17 06:00:00,6,3410,-3.46399999,52.75699997,6.00000000,1.07717657
0.00000000,2023-02-17 06:00:00,6,3414,-2.66300011,52.79399872,6.00000000,0.99471611
0.00000000,2023-02-17 06:00:00,6,3453,-0.65399998,52.72700119,6.00000000,1.01440287
0.00000000,2023-02-17 06:00:00,6,3462,-0.45899999,52.61109924,6.00000000,1.00836706
0.00000000,2023-02-17 06:00:00,6,3469,0.14100000,52.87300110,6.00000000,1.00545418
0.00000000,2023-02-17 06:00:00,6,3482,0.56900001,52.65100098,6.00000000,1.00106716
0.00000000,2023-02-17 06:00:00,6,3488,1.12699997,52.94900131,6.00000000,1.01949883
0.00000000,2023-02-17 06:00:00,6,3492,1.30200005,52.62500000,6.00000000,0.99893111
0.00000000,2023-02-17 06:00:00,6,3495,1.35599995,52.75600052,6.00000000,0.99884456
0.00000000,2023-02-17 06:00:00,6,3496,1.69299996,52.68600082,6.00000000,1.02172863
0.00000000,2023-02-17 06:00:00,6,3497,1.75000000,52.56700134,6.00000000,1.00150216
0.00000000,2023-02-17 06:00:00,6,3501,-4.00099993,52.41699982,6.00000000,0.98610801
0.00000000,2023-02-17 06:00:00,6,3502,-4.57100010,52.13899994,6.00000000,1.19103217
0.00000000,2023-02-17 06:00:00,6,3503,-3.94700003,52.34400177,6.00000000,0.82993501
0.00000000,2023-02-17 06:00:00,6,3507,-3.61400008,52.06299973,6.00000000,0.91205102
0.00000000,2023-02-17 06:00:00,6,3520,-2.88499999,52.24200058,6.00000000,0.95345861
0.00000000,2023-02-17 06:00:00,6,3522,-2.79999995,52.08300018,6.00000000,0.98856807
0.00000000,2023-02-17 06:00:00,6,3527,-2.30500007,52.12099838,6.00000000,1.00850844
0.00000000,2023-02-17 06:00:00,6,3529,-2.03999996,52.14799881,6.00000000,0.99906278
0.00000000,2023-02-17 06:00:00,6,3534,-1.74100006,52.45199966,6.00000000,0.99430984
0.00000000,2023-02-17 06:00:00,6,3535,-1.68900001,52.47999954,6.00000000,1.02431023
0.00000000,2023-02-17 06:00:00,6,3544,-1.33000004,52.35800171,6.00000000,1.02153742
0.00000000,2023-02-17 06:00:00,6,3559,-0.42100000,52.10400009,6.00000000,1.00019836
0.00000000,2023-02-17 06:00:00,6,3560,-0.46399999,52.22499847,6.00000000,1.01403105
0.00000000,2023-02-17 06:00:00,6,3566,-0.11400000,52.35300064,6.00000000,1.01067853
0.00000000,2023-02-17 06:00:00,6,3583,0.56110001,52.40940094,6.00000000,1.00061738
0.00000000,2023-02-17 06:00:00,6,3586,0.77399999,52.34000015,6.00000000,1.02842200
0.00000000,2023-02-17 06:00:00,6,3590,0.96100003,52.12300110,6.00000000,1.00920391
0.00000000,2023-02-17 06:00:00,6,3604,-5.05499983,51.70800018,6.00000000,1.01480711
0.00000000,2023-02-17 06:00:00,6,3605,-4.36800003,51.71300125,6.00000000,0.98498356
0.00000000,2023-02-17 06:00:00,6,3609,-3.98099995,51.56499863,6.00000000,1.04193127
0.00000000,2023-02-17 06:00:00,6,3628,-2.57599998,51.52099991,6.00000000,0.97592312
0.00000000,2023-02-17 06:00:00,6,3629,-2.71600008,51.50600052,6.00000000,1.01645184
0.00000000,2023-02-17 06:00:00,6,3647,-1.69200003,51.86000061,6.00000000,1.03896236
0.00000000,2023-02-17 06:00:00,6,3649,-1.57599998,51.75799942,6.00000000,0.99412292
0.00000000,2023-02-17 06:00:00,6,3658,-1.09700000,51.61999893,6.00000000,0.95250845
0.00000000,2023-02-17 06:00:00,6,3660,-0.80199999,51.68000031,6.00000000,0.98735905
0.00000000,2023-02-17 06:00:00,6,3670,-0.40000001,51.61690140,6.00000000,1.06615889
0.00000000,2023-02-17 06:00:00,6,3672,-0.41499999,51.54800034,6.00000000,0.99213284
0.00000000,2023-02-17 06:00:00,6,3680,-0.36019999,51.80670166,6.00000000,1.02400351
0.00000000,2023-02-17 06:00:00,6,3683,0.22499999,51.88000107,6.00000000,1.01436067
0.00000000,2023-02-17 06:00:00,6,3684,0.45300001,51.89599991,6.00000000,1.01236165
0.00000000,2023-02-17 06:00:00,6,3693,0.82999998,51.55400085,6.00000000,1.00363278
0.00000000,2023-02-17 06:00:00,6,3696,1.28299999,51.85400009,6.00000000,0.99892992
0.00000000,2023-02-17 06:00:00,6,3705,-4.22100019,51.11800003,6.00000000,0.91605383
0.00000000,2023-02-17 06:00:00,6,3707,-4.14900017,51.08900070,6.00000000,0.91651928
0.00000000,2023-02-17 06:00:00,6,3710,-3.60800004,51.08700180,6.00000000,1.01541030
0.00000000,2023-02-17 06:00:00,6,3715,-3.34299994,51.40000153,6.00000000,1.02808285
0.00000000,2023-02-17 06:00:00,6,3716,-3.44000006,51.40499878,6.00000000,1.00382721
0.00000000,2023-02-17 06:00:00,6,3717,-3.17799997,51.47800064,6.00000000,1.05483699
0.00000000,2023-02-17 06:00:00,6,3726,-2.59999990,51.46670151,6.00000000,0.98647684
0.00000000,2023-02-17 06:00:00,6,3740,-1.99240005,51.50310135,6.00000000,1.04944289
0.00000000,2023-02-17 06:00:00,6,3743,-1.80499995,51.20100021,6.00000000,1.02894974
0.00000000,2023-02-17 06:00:00,6,3746,-1.75399995,51.16099930,6.00000000,1.03270626
0.00000000,2023-02-17 06:00:00,6,3749,-1.57000005,51.14899826,6.00000000,1.00311589
0.00000000,2023-02-17 06:00:00,6,3761,-0.94400001,51.23799896,6.00000000,1.04204118
0.00000000,2023-02-17 06:00:00,6,3763,-0.78399998,51.38999939,6.00000000,0.97992247
0.00000000,2023-02-17 06:00:00,6,3768,-0.77200001,51.27899933,6.00000000,1.01267207
0.00000000,2023-02-17 06:00:00,6,3769,-0.23330000,51.15000153,6.00000000,0.96548665
0.00000000,2023-02-17 06:00:00,6,3770,-0.13110000,51.50490189,6.00000000,0.96302044
0.00000000,2023-02-17 06:00:00,6,3772,-0.44900000,51.47900009,6.00000000,0.99040401
0.00000000,2023-02-17 06:00:00,6,3776,-0.19100000,51.15100098,6.00000000,1.01065934
0.00000000,2023-02-17 06:00:00,6,3779,-0.10800000,51.52099991,6.00000000,1.02979624
0.00000000,2023-02-17 06:00:00,6,3780,-0.13500001,51.21500015,6.00000000,0.97404855
0.00000000,2023-02-17 06:00:00,6,3781,-0.09000000,51.30300140,6.00000000,1.05784130
0.00000000,2023-02-17 06:00:00,6,3784,0.31400001,51.46400070,6.00000000,0.97944057
0.00000000,2023-02-17 06:00:00,6,3791,0.74699998,51.44499969,6.00000000,1.04637074
0.00000000,2023-02-17 06:00:00,6,3796,1.34800005,51.13299942,6.00000000,1.10577357
0.00000000,2023-02-17 06:00:00,6,3797,1.34609997,51.34220123,6.00000000,1.03364563
0.00000000,2023-02-17 06:00:00,6,3803,-6.30100012,49.91299820,6.00000000,1.03533912
0.00000000,2023-02-17 06:00:00,6,3808,-5.32999992,50.21799850,6.00000000,1.09133720
0.00000000,2023-02-17 06:00:00,6,3809,-5.25699997,50.08499908,6.00000000,1.02920866
0.00000000,2023-02-17 06:00:00,6,3810,-5.04699993,50.14500046,6.00000000,1.04067934
0.00000000,2023-02-17 06:00:00,6,3815,-5.20200014,49.95999908,6.00000000,0.98572427
0.00000000,2023-02-17 06:00:00,6,3817,-4.99900007,50.43799973,6.00000000,1.04487777
0.00000000,2023-02-17 06:00:00,6,3820,-4.62200022,50.64099884,6.00000000,1.06029677
0.00000000,2023-02-17 06:00:00,6,3823,-4.66699982,50.50199890,6.00000000,1.02178192
0.00000000,2023-02-17 06:00:00,6,3827,-4.12099981,50.35400009,6.00000000,1.05889928
0.00000000,2023-02-17 06:00:00,6,3830,-3.98600006,50.93199921,6.00000000,1.08863652
0.00000000,2023-02-17 06:00:00,6,3831,-4.00799990,50.54899979,6.00000000,1.14188743
0.00000000,2023-02-17 06:00:00,6,3837,-3.50900006,50.39699936,6.00000000,1.01461065
0.00000000,2023-02-17 06:00:00,6,3839,-3.40499997,50.73699951,6.00000000,0.98982579
0.00000000,2023-02-17 06:00:00,6,3840,-3.23900008,50.86000061,6.00000000,1.01768601
0.00000000,2023-02-17 06:00:00,6,3844,-3.40459991,50.73659897,6.00000000,0.98982579
0.00000000,2023-02-17 06:00:00,6,3853,-2.64000010,51.00600052,6.00000000,1.00199628
0.00000000,2023-02-17 06:00:00,6,3857,-2.45400000,50.52199936,6.00000000,0.95770526
0.00000000,2023-02-17 06:00:00,6,3858,-2.44899988,50.56499863,6.00000000,1.00545418
0.00000000,2023-02-17 06:00:00,6,3862,-1.83500004,50.77899933,6.00000000,0.99100751
0.00000000,2023-02-17 06:00:00,6,3865,-1.40300000,50.90100098,6.00000000,1.02871382
0.00000000,2023-02-17 06:00:00,6,3866,-1.29700005,50.57699966,6.00000000,0.88413441
0.00000000,2023-02-17 06:00:00,6,3872,-0.92299998,50.81499863,6.00000000,1.00727880
0.00000000,2023-02-17 06:00:00,6,3874,-1.20799994,50.80699921,6.00000000,1.00321209
0.00000000,2023-02-17 06:00:00,6,3876,-0.29200000,50.83599854,6.00000000,0.97992456
0.00000000,2023-02-17 06:00:00,6,3882,0.31900001,50.88999939,6.00000000,1.01677120
0.00000000,2023-02-17 06:00:00,6,3894,-2.59999990,49.43999863,6.00000000,1.05736732
0.00000000,2023-02-17 06:00:00,6,3895,-2.19549990,49.20790100,6.00000000,1.01011407
0.00000000,2023-02-17 06:00:00,6,3896,-2.09999990,49.20000076,6.00000000,0.97140455
0.00000000,2023-02-17 06:00:00,6,3901,-7.59410000,54.32949829,6.00000000,1.02215779
0.00000000,2023-02-17 06:00:00,6,3903,-7.65000010,54.40000153,6.00000000,0.97986162
0.00000000,2023-02-17 06:00:00,6,3904,-7.57700014,54.70700073,6.00000000,0.96573144
0.00000000,2023-02-17 06:00:00,6,3907,-6.94920015,55.16040039,6.00000000,1.00511849
0.00000000,2023-02-17 06:00:00,6,3908,-7.00799990,55.05699921,6.00000000,1.00231040
0.00000000,2023-02-17 06:00:00,6,3911,-6.81400013,54.72100067,6.00000000,0.93919677
0.00000000,2023-02-17 06:00:00,6,3914,-6.65500021,55.20800018,6.00000000,0.99491757
0.00000000,2023-02-17 06:00:00,6,3915,-6.45699978,54.86500168,6.00000000,0.94792485
0.00000000,2023-02-17 06:00:00,6,3916,-6.15299988,55.18099976,6.00000000,0.93654436
0.00000000,2023-02-17 06:00:00,6,3917,-6.22399998,54.66400146,6.00000000,1.01180744
0.00000000,2023-02-17 06:00:00,6,3923,-6.50199986,54.23699951,6.00000000,1.12125909
0.00000000,2023-02-17 06:00:00,6,3927,-5.66699982,54.66400146,6.00000000,1.01586175
0.00000000,2023-02-17 06:00:00,6,3928,-5.82999992,54.85200119,6.00000000,0.98671597
0.00000000,2023-02-17 06:00:00,6,3930,-2.55929995,51.55139923,6.00000000,1.01371765
0.00000000,2023-02-17 06:00:00,6,3931,1.16400003,52.45619965,6.00000000,1.00833547
0.00000000,2023-02-17 06:00:00,6,3952,-8.25000000,51.79899979,6.00000000,0.96995437
0.00000000,2023-02-17 06:00:00,6,3953,-10.25000000,51.93299866,6.00000000,0.96292573
0.00000000,2023-02-17 06:00:00,6,3955,-8.49110031,51.84130096,6.00000000,1.12813771
0.00000000,2023-02-17 06:00:00,6,3956,-6.50000000,52.29999924,6.00000000,1.00000000
0.00000000,2023-02-17 06:00:00,6,3957,-6.33300018,52.25000000,6.00000000,1.03901398
0.00000000,2023-02-17 06:00:00,6,3958,-8.27519989,52.13800049,6.00000000,0.95748836
0.00000000,2023-02-17 06:00:00,6,3960,-7.26599979,52.66600037,6.00000000,1.00600278
0.00000000,2023-02-17 06:00:00,6,3961,-6.91699982,52.86700058,6.00000000,1.01448107
0.00000000,2023-02-17 06:00:00,6,3962,-8.91600037,52.69900131,6.00000000,1.02002251
0.00000000,2023-02-17 06:00:00,6,3965,-7.88299990,53.08300018,6.00000000,1.01453960
0.00000000,2023-02-17 06:00:00,6,3967,-6.43889999,53.30559921,6.00000000,1.05014634
0.00000000,2023-02-17 06:00:00,6,3969,-6.25000000,53.43299866,6.00000000,1.05376732
0.00000000,2023-02-17 06:00:00,6,3970,-8.98299980,53.71599960,6.00000000,0.99515545
0.00000000,2023-02-17 06:00:00,6,3971,-7.36600018,53.53300095,6.00000000,1.00281990
0.00000000,2023-02-17 06:00:00,6,3973,-8.81700039,53.90000153,6.00000000,1.08499324
0.00000000,2023-02-17 06:00:00,6,3974,-7.23299980,54.18299866,6.00000000,1.04737604
0.00000000,2023-02-17 06:00:00,6,3976,-10.00100040,54.23300171,6.00000000,0.99086100
0.00000000,2023-02-17 06:00:00,6,3978,-8.23299980,54.50000000,6.00000000,1.00855935
0.00000000,2023-02-17 06:00:00,6,3979,-7.31699991,54.04999924,6.00000000,1.00000000
0.00000000,2023-02-17 06:00:00,6,3980,-7.33300018,55.36600113,6.00000000,1.01695704
0.00000000,2023-02-17 06:00:00,6,3982,-6.33330011,53.36389923,6.00000000,0.99910206
0.00000000,2023-02-17 06:00:00,6,3985,-8.74870014,53.29869843,6.00000000,0.99058414
0.00000000,2023-02-17 06:00:00,6,6030,9.84920025,57.09280014,6.00000000,0.99862462
0.00000000,2023-02-17 06:00:00,6,6043,10.51700020,57.40000153,6.00000000,1.10104656
0.00000000,2023-02-17 06:00:00,6,6060,9.11670017,56.29999924,6.00000000,1.03526413
0.00000000,2023-02-17 06:00:00,6,6070,10.61699963,56.29999924,6.00000000,1.00555098
0.00000000,2023-02-17 06:00:00,6,6080,8.55340004,55.52590179,6.00000000,1.01784790
0.00000000,2023-02-17 06:00:00,6,6081,8.08329964,55.54999924,6.00000000,1.02912414
0.00000000,2023-02-17 06:00:00,6,6120,10.33300018,55.48300171,6.00000000,1.00203407
0.00000000,2023-02-17 06:00:00,6,6210,4.41699982,52.18299866,6.00000000,1.00363278
0.00000000,2023-02-17 06:00:00,6,6235,4.78299999,52.91699982,6.00000000,1.02570844
0.00000000,2023-02-17 06:00:00,6,6239,4.69610023,54.85390091,6.00000000,1.04258335
0.00000000,2023-02-17 06:00:00,6,6240,4.76700020,52.29999924,6.00000000,0.99277377
0.00000000,2023-02-17 06:00:00,6,6242,4.90500021,53.23500061,6.00000000,1.01978457
0.00000000,2023-02-17 06:00:00,6,6251,5.34999990,53.38999939,6.00000000,1.00053704
0.00000000,2023-02-17 06:00:00,6,6252,3.22029996,53.21780014,6.00000000,1.05589986
0.00000000,2023-02-17 06:00:00,6,6260,5.18300009,52.09999847,6.00000000,0.99249607
0.00000000,2023-02-17 06:00:00,6,6269,5.53299999,52.45000076,6.00000000,0.99277377
0.00000000,2023-02-17 06:00:00,6,6270,5.76700020,53.21699905,6.00000000,1.00181472
0.00000000,2023-02-17 06:00:00,6,6275,5.87220001,52.05500031,6.00000000,1.00518560
0.00000000,2023-02-17 06:00:00,6,6279,6.46670008,52.71670151,6.00000000,0.99849093
0.00000000,2023-02-17 06:00:00,6,6280,6.58300018,53.13299942,6.00000000,1.00190032
0.00000000,2023-02-17 06:00:00,6,6290,6.90000010,52.26699829,6.00000000,1.01121283
0.00000000,2023-02-17 06:00:00,6,6310,3.59999990,51.45000076,6.00000000,1.01829648
0.00000000,2023-02-17 06:00:00,6,6321,3.27500010,51.99779892,6.00000000,1.03130281
0.00000000,2023-02-17 06:00:00,6,6344,4.43720007,51.95959854,6.00000000,0.99097538
0.00000000,2023-02-17 06:00:00,6,6370,5.41699982,51.45000076,6.00000000,1.00134039
0.00000000,2023-02-17 06:00:00,6,6380,5.78299999,50.91699982,6.00000000,1.01635373
0.00000000,2023-02-17 06:00:00,6,6407,2.87400007,51.19979858,6.00000000,1.00341082
0.00000000,2023-02-17 06:00:00,6,6408,2.91669989,51.23329926,6.00000000,1.01073956
0.00000000,2023-02-17 06:00:00,6,6432,3.83299994,50.56700134,6.00000000,1.00681043
0.00000000,2023-02-17 06:00:00,6,6447,4.34999990,50.79999924,6.00000000,1.02989101
0.00000000,2023-02-17 06:00:00,6,6449,4.44999981,50.46699905,6.00000000,1.04011095
0.00000000,2023-02-17 06:00:00,6,6450,4.46700001,51.20000076,6.00000000,1.01030827
0.00000000,2023-02-17 06:00:00,6,6451,4.53299999,50.90000153,6.00000000,1.06372666
0.00000000,2023-02-17 06:00:00,6,6456,4.65000010,50.23300171,6.00000000,1.00199807
0.00000000,2023-02-17 06:00:00,6,6476,5.40000010,50.03300095,6.00000000,1.04759920
0.00000000,2023-02-17 06:00:00,6,6490,5.91699982,50.48300171,6.00000000,1.14212394
0.00000000,2023-02-17 06:00:00,6,6496,6.18300009,50.46699905,6.00000000,0.97602195
0.00000000,2023-02-17 06:00:00,6,6590,6.21600008,49.61600113,6.00000000,1.03018975
0.00000000,2023-02-17 06:00:00,6,6660,8.56700039,47.38299942,6.00000000,1.00188959
0.00000000,2023-02-17 06:00:00,6,6670,8.54920006,47.46469879,6.00000000,0.85790420
0.00000000,2023-02-17 06:00:00,6,6680,9.34360027,47.24940109,6.00000000,2.71071243
0.00000000,2023-02-17 06:00:00,6,6700,6.13299990,46.25000000,6.00000000,1.01796687
0.00000000,2023-02-17 06:00:00,6,6712,6.91669989,46.33330154,6.00000000,0.99762678
0.00000000,2023-02-17 06:00:00,6,6720,7.33099985,46.22000122,6.00000000,0.64312601
0.00000000,2023-02-17 06:00:00,6,6730,7.98330021,46.54999924,6.00000000,2.71071243
0.00000000,2023-02-17 06:00:00,6,6748,7.75000000,46.03300095,6.00000000,0.36890668
0.00000000,2023-02-17 06:00:00,6,6760,8.77999973,46.16999817,6.00000000,0.55307907
0.00000000,2023-02-17 06:00:00,6,7002,1.60000002,50.73329926,6.00000000,1.01436996
0.00000000,2023-02-17 06:00:00,6,7005,1.83299994,50.13299942,6.00000000,1.01814318
0.00000000,2023-02-17 06:00:00,6,7015,3.08940005,50.56190109,6.00000000,1.00903165
0.00000000,2023-02-17 06:00:00,6,7020,-1.93299997,49.71699905,6.00000000,0.95153540
0.00000000,2023-02-17 06:00:00,6,7028,0.06670000,49.51670074,6.00000000,1.02410614
0.00000000,2023-02-17 06:00:00,6,7037,1.18299997,49.38299942,6.00000000,1.03065193
0.00000000,2023-02-17 06:00:00,6,7070,4.05000019,49.31000137,6.00000000,1.01120651
0.00000000,2023-02-17 06:00:00,6,7110,-4.41599989,48.44900131,6.00000000,1.01717913
0.00000000,2023-02-17 06:00:00,6,7127,-1.85000002,48.72000122,6.00000000,1.07521915
0.00000000,2023-02-17 06:00:00,6,7130,-1.73479998,48.06949997,6.00000000,1.00897884
0.00000000,2023-02-17 06:00:00,6,7145,2.00920010,48.77330017,6.00000000,1.00222456
0.00000000,2023-02-17 06:00:00,6,7149,2.39299989,48.71699905,6.00000000,1.02431023
0.00000000,2023-02-17 06:00:00,6,7150,2.43799996,48.96469879,6.00000000,1.02140486
0.00000000,2023-02-17 06:00:00,6,7157,2.54999995,49.01279831,6.00000000,1.01467347
0.00000000,2023-02-17 06:00:00,6,7190,7.62820005,48.53829956,6.00000000,1.01458979
0.00000000,2023-02-17 06:00:00,6,7222,-1.60000002,47.16669846,6.00000000,1.01754880
0.00000000,2023-02-17 06:00:00,6,7249,1.75000000,47.98300171,6.00000000,1.00881720
0.00000000,2023-02-17 06:00:00,6,7280,5.09000015,47.26890182,6.00000000,1.00042140
0.00000000,2023-02-17 06:00:00,6,7299,7.52990007,47.58959961,6.00000000,1.04636192
0.00000000,2023-02-17 06:00:00,6,7306,-1.37909997,46.70000076,6.00000000,1.02433729
0.00000000,2023-02-17 06:00:00,6,7314,-1.41700006,46.04999924,6.00000000,1.03332961
0.00000000,2023-02-17 06:00:00,6,7354,1.73070002,46.86220169,6.00000000,1.00563896
0.00000000,2023-02-17 06:00:00,6,7412,-0.31700000,45.66699982,6.00000000,1.00300181
0.00000000,2023-02-17 06:00:00,6,7434,1.17939997,45.86280060,6.00000000,0.99953198
0.00000000,2023-02-17 06:00:00,6,7460,3.16919994,45.78670120,6.00000000,1.01884592
0.00000000,2023-02-17 06:00:00,6,7475,4.29640007,45.54059982,6.00000000,1.00795996
0.00000000,2023-02-17 06:00:00,6,7480,4.93779993,45.72610092,6.00000000,1.00192201
0.00000000,2023-02-17 06:00:00,6,7481,5.09079981,45.72639847,6.00000000,1.01249814
0.00000000,2023-02-17 06:00:00,6,7486,5.33330011,45.36669922,6.00000000,0.96325243
0.00000000,2023-02-17 06:00:00,6,7491,5.86670017,45.63330078,6.00000000,0.96028543
0.00000000,2023-02-17 06:00:00,6,10004,6.34999990,54.16669846,6.00000000,1.00000000
0.00000000,2023-02-17 06:00:00,6,10015,7.89309978,54.17639923,6.00000000,1.01461065
0.00000000,2023-02-17 06:00:00,6,10020,8.41250038,55.01250076,6.00000000,1.03907406
0.00000000,2023-02-17 06:00:00,6,10046,10.14999962,54.34999847,6.00000000,1.05781603
0.00000000,2023-02-17 06:00:00,6,10055,11.09000015,54.52999878,6.00000000,1.00181472
0.00000000,2023-02-17 06:00:00,6,10142,9.34000015,53.59379959,6.00000000,1.03334761
0.00000000,2023-02-17 06:00:00,6,10147,9.98820019,53.63040161,6.00000000,0.99295068
0.00000000,2023-02-17 06:00:00,6,10156,10.69999981,53.81700134,6.00000000,1.00426245
0.00000000,2023-02-17 06:00:00,6,10224,8.80000019,53.04999924,6.00000000,0.99881721
0.00000000,2023-02-17 06:00:00,6,10238,9.93299961,52.81700134,6.00000000,0.98946410
0.00000000,2023-02-17 06:00:00,6,10253,11.13920021,52.97389984,6.00000000,1.00737107
0.00000000,2023-02-17 06:00:00,6,10314,7.53299999,52.33300018,6.00000000,1.00240648
0.00000000,2023-02-17 06:00:00,6,10315,7.68480015,52.13460159,6.00000000,0.99787539
0.00000000,2023-02-17 06:00:00,6,10320,8.31700039,51.93299866,6.00000000,1.00308573
0.00000000,2023-02-17 06:00:00,6,10338,9.68509960,52.46110153,6.00000000,1.01013672
0.00000000,2023-02-17 06:00:00,6,10400,6.76870012,51.29600143,6.00000000,1.01217651
0.00000000,2023-02-17 06:00:00,6,10401,6.13299990,51.20000076,6.00000000,1.00210893
0.00000000,2023-02-17 06:00:00,6,10405,6.13299990,51.59999847,6.00000000,1.01851416
0.00000000,2023-02-17 06:00:00,6,10410,6.96600008,51.39899826,6.00000000,1.04095960
0.00000000,2023-02-17 06:00:00,6,10506,6.87029982,50.36109924,6.00000000,1.06582832
0.00000000,2023-02-17 06:00:00,6,10513,7.14270020,50.86589813,6.00000000,1.02330232
0.00000000,2023-02-17 06:00:00,6,10607,6.69999981,49.84170151,6.00000000,1.13876748
0.00000000,2023-02-17 06:00:00,6,10614,7.59999990,49.43669891,6.00000000,0.97441804
0.00000000,2023-02-17 06:00:00,6,10616,7.26389980,49.94869995,6.00000000,1.15000975
0.00000000,2023-02-17 06:00:00,6,10635,8.44999981,50.21699905,6.00000000,1.19331717
0.00000000,2023-02-17 06:00:00,6,10637,8.60000038,50.04999924,6.00000000,0.99446756
0.00000000,2023-02-17 06:00:00,6,10648,9.10000038,49.71699905,6.00000000,1.12338245
0.00000000,2023-02-17 06:00:00,6,10708,7.11700010,49.21699905,6.00000000,0.96681345
0.00000000,2023-02-17 06:00:00,6,10727,8.36670017,49.03329849,6.00000000,1.06700194
0.00000000,2023-02-17 06:00:00,6,10738,9.23299980,48.68299866,6.00000000,1.02334487
0.00000000,2023-02-17 06:00:00,6,10739,9.19999981,48.83330154,6.00000000,1.08519101
0.00000000,2023-02-17 06:00:00,6,16066,8.72809982,45.63059998,6.00000000,1.00917590
0.00000000,2023-02-17 06:00:00,6,16080,9.27670002,45.44509888,6.00000000,1.00411296
0.00000000,2023-02-17 06:00:00,6,99001,-3.48300004,50.40000153,6.00000000,1.11088884
0.00000000,2023-02-17 06:00:00,6,99003,-4.73299980,58.16699982,6.00000000,0.98481023
0.00000000,2023-02-17 06:00:00,6,99005,-4.23299980,56.93299866,6.00000000,0.96953899
0.00000000,2023-02-17 06:00:00,6,99006,-5.43300009,56.45000076,6.00000000,0.99184728
0.00000000,2023-02-17 06:00:00,6,99008,0.44999999,51.28300095,6.00000000,1.02646410
0.00000000,2023-02-17 06:00:00,6,99010,-2.38299990,57.45000076,6.00000000,0.92051685
0.00000000,2023-02-17 06:00:00,6,99014,-6.09999990,54.29999924,6.00000000,0.83552891
0.00000000,2023-02-17 06:00:00,6,99015,-6.18300009,54.06700134,6.00000000,0.54051906
0.00000000,2023-02-17 06:00:00,6,99016,-3.91700006,58.23300171,6.00000000,0.83310986
0.00000000,2023-02-17 06:00:00,6,99017,-1.58299994,50.66299820,6.00000000,1.11296844
0.00000000,2023-02-17 06:00:00,6,99018,-5.58300018,54.66699982,6.00000000,1.06358552
0.00000000,2023-02-17 06:00:00,6,99019,-4.36700010,54.41699982,6.00000000,0.97553128
0.00000000,2023-02-17 06:00:00,6,99020,-4.65000010,56.41699982,6.00000000,0.61614740
0.00000000,2023-02-17 06:00:00,6,99021,-2.51699996,53.61700058,6.00000000,1.17228127
0.00000000,2023-02-17 06:00:00,6,99024,-3.86700010,55.86700058,6.00000000,1.08996296
0.00000000,2023-02-17 06:00:00,6,99025,-1.25000000,52.83300018,6.00000000,1.00939238
0.00000000,2023-02-17 06:00:00,6,99028,-1.93369997,52.47510147,6.00000000,1.02477086
0.00000000,2023-02-17 06:00:00,6,99029,-2.25139999,53.46670151,6.00000000,0.99387091
0.00000000,2023-02-17 06:00:00,6,99038,-2.16720009,51.89419937,6.00000000,1.01161885
0.00000000,2023-02-17 06:00:00,6,99040,-1.78550005,53.64559937,6.00000000,1.03903639
0.00000000,2023-02-17 06:00:00,6,99044,-1.48300004,53.38299942,6.00000000,1.07538354
0.00000000,2023-02-17 06:00:00,6,99049,-1.58299994,54.76699829,6.00000000,1.07853246
0.00000000,2023-02-17 06:00:00,6,99053,-1.42519999,55.01729965,6.00000000,1.02700484
0.00000000,2023-02-17 06:00:00,6,99055,-2.98300004,53.36700058,6.00000000,1.08108354
0.00000000,2023-02-17 06:00:00,6,99057,-0.60000002,52.01699829,6.00000000,0.99847239
0.00000000,2023-02-17 06:00:00,6,99058,-0.34999999,51.79999924,6.00000000,1.02400351
0.00000000,2023-02-17 06:00:00,6,99059,-2.04999995,52.09999847,6.00000000,1.02691090
0.00000000,2023-02-17 06:00:00,6,99060,-2.46700001,53.84999847,6.00000000,1.03302300
0.00000000,2023-02-17 06:00:00,6,99062,-1.92620003,52.45600128,6.00000000,1.02731800
0.00000000,2023-02-17 06:00:00,6,99063,-2.18300009,53.59999847,6.00000000,0.92047477
0.00000000,2023-02-17 06:00:00,6,99068,-2.43300009,52.76699829,6.00000000,1.00239384
0.00000000,2023-02-17 06:00:00,6,99069,-1.68499994,55.21500015,6.00000000,0.87079400
0.00000000,2023-02-17 06:00:00,6,99070,-1.53299999,52.41699982,6.00000000,1.01983905
0.00000000,2023-02-17 06:00:00,6,99077,-1.33299994,53.86700058,6.00000000,1.02818394
0.00000000,2023-02-17 06:00:00,6,99078,-0.23300000,52.40000153,6.00000000,1.03486121
0.00000000,2023-02-17 06:00:00,6,99079,-1.39419997,50.89250183,6.00000000,1.03778398
0.00000000,2023-02-17 06:00:00,6,99080,-0.46700001,51.31700134,6.00000000,1.00751388
0.00000000,2023-02-17 06:00:00,6,99081,-3.90000010,50.76699829,6.00000000,1.03206682
0.00000000,2023-02-17 06:00:00,6,99085,-3.47399998,50.72700119,6.00000000,1.00619006
0.00000000,2023-02-17 06:00:00,6,99086,-5.75000000,54.66699982,6.00000000,1.02955210
0.00000000,2023-02-17 06:00:00,6,99088,-4.56500006,55.47700119,6.00000000,1.01370740
0.00000000,2023-02-17 06:00:00,6,99089,-3.39599991,57.01100159,6.00000000,0.75644892
0.00000000,2023-02-17 06:00:00,6,99090,-3.95000005,54.92499924,6.00000000,1.02641857
0.00000000,2023-02-17 06:00:00,6,99092,-5.30800009,57.61299896,6.00000000,0.50060993
0.00000000,2023-02-17 06:00:00,6,99093,-2.26999998,52.99000168,6.00000000,1.05841088
0.00000000,2023-02-17 06:00:00,6,99094,-3.97799993,50.70199966,6.00000000,1.06606984
0.00000000,2023-02-17 06:00:00,6,99095,-0.28999999,51.48199844,6.00000000,0.98595601
0.00000000,2023-02-17 06:00:00,6,99098,1.26699996,52.66699982,6.00000000,1.00509715
0.00000000,2023-02-17 06:00:00,6,99099,-0.44900000,51.47900009,6.00000000,0.99040401
0.00000000,2023-02-17 06:00:00,6,99102,-0.66399997,51.49300003,6.00000000,0.99764359
0.00000000,2023-02-17 06:00:00,6,99107,-1.48300004,53.38299942,6.00000000,1.04653084
0.00000000,2023-02-17 06:00:00,6,99113,-2.70300007,53.77399826,6.00000000,0.99332392
0.00000000,2023-02-17 06:00:00,6,99114,-5.82800007,54.60300064,6.00000000,0.82703334
0.00000000,2023-02-17 06:00:00,6,99115,-0.87900001,52.27299881,6.00000000,1.03517377
0.00000000,2023-02-17 06:00:00,6,99116,-0.64099997,54.10499954,6.00000000,1.10351157
0.00000000,2023-02-17 06:00:00,6,99117,-5.18400002,57.15599823,6.00000000,0.79653788
0.00000000,2023-02-17 06:00:00,6,99118,0.67400002,52.45899963,6.00000000,0.94960552
0.00000000,2023-02-17 06:00:00,6,99119,-0.84899998,51.17800140,6.00000000,1.04612064
0.00000000,2023-02-17 06:00:00,6,99121,-6.25400019,55.04800034,6.00000000,0.91097355
0.00000000,2023-02-17 06:00:00,6,99122,1.29600000,52.93299866,6.00000000,1.06938648
0.00000000,2023-02-17 06:00:00,6,99123,0.10300000,52.24499893,6.00000000,1.02939713
0.00000000,2023-02-17 06:00:00,6,99124,0.56900001,52.25999832,6.00000000,1.03292429
0.00000000,2023-02-17 06:00:00,6,99125,-4.37200022,57.46099854,6.00000000,1.06648088
0.00000000,2023-02-17 06:00:00,6,99126,0.46200001,51.07699966,6.00000000,1.00998378
0.00000000,2023-02-17 06:00:00,6,99127,0.43200001,51.73300171,6.00000000,0.99332464
0.00000000,2023-02-17 06:00:00,6,99128,-2.21900010,51.60599899,6.00000000,0.99396378
0.00000000,2023-02-17 06:00:00,6,99129,-2.51699996,55.35800171,6.00000000,1.02932608
0.00000000,2023-02-17 06:00:00,6,99130,-5.82999992,54.24499893,6.00000000,1.00021613
0.00000000,2023-02-17 06:00:00,6,99131,-6.96600008,54.88499832,6.00000000,1.19963539
0.00000000,2023-02-17 06:00:00,6,99132,-4.48400021,57.32899857,6.00000000,0.82854939
0.00000000,2023-02-17 06:00:00,6,99133,-2.21300006,57.18700027,6.00000000,1.06354403
0.00000000,2023-02-17 06:00:00,6,99134,-4.22599983,55.60100174,6.00000000,0.98360664
0.00000000,2023-02-17 06:00:00,6,99135,-4.90999985,55.74800110,6.00000000,0.91299140
0.00000000,2023-02-17 06:00:00,6,99136,0.65600002,52.82400131,6.00000000,0.99527210
0.00000000,2023-02-17 06:00:00,6,99137,-3.45799994,54.64899826,6.00000000,0.98785728
0.00000000,2023-02-17 06:00:00,6,99138,-3.26699996,51.78300095,6.00000000,0.90783453
0.00000000,2023-02-17 06:00:00,6,99139,-0.17800000,51.56000137,6.00000000,1.08929932
0.00000000,2023-02-17 06:00:00,6,99141,-1.95299995,51.94800186,6.00000000,0.97062802
0.00000000,2023-02-17 06:00:00,6,99142,-0.42100000,54.27299881,6.00000000,1.15641463
0.00000000,2023-02-17 06:00:00,6,99143,-3.07900000,54.61999893,6.00000000,0.85679305
0.00000000,2023-02-17 06:00:00,6,99144,-7.56099987,54.18899918,6.00000000,1.00562990
0.00000000,2023-02-17 06:00:00,6,99145,-3.21900010,57.03749847,6.00000000,0.83950174
0.00000000,2023-02-17 06:00:00,6,99146,-1.93299997,52.25000000,6.00000000,1.01496005
0.00000000,2023-02-17 06:00:00,6,99147,-5.65000010,54.56700134,6.00000000,0.95440751
0.00000000,2023-02-17 06:00:00,6,99148,1.28299999,52.16699982,6.00000000,1.01583290
0.00000000,2023-02-17 06:00:00,6,99149,-1.63300002,52.73300171,6.00000000,1.01938748
0.00000000,2023-02-17 06:00:00,6,99150,-4.01700020,52.43299866,6.00000000,0.92784220
0.00000000,2023-02-17 06:00:00,6,99151,-0.88300002,53.40000153,6.00000000,1.06417072
0.00000000,2023-02-17 06:00:00,6,99152,-2.78299999,54.66699982,6.00000000,0.99532336
0.00000000,2023-02-17 06:00:00,6,99153,-5.01700020,58.06700134,6.00000000,0.79820514
0.00000000,2023-02-17 06:00:00,6,99154,0.03300000,51.06700134,6.00000000,1.11833823
0.00000000,2023-02-17 06:00:00,6,99155,-2.43300009,52.78300095,6.00000000,0.98109353
0.00000000,2023-02-17 06:00:00,6,99157,-1.33299994,51.00000000,6.00000000,0.99778891
0.00000000,2023-02-17 06:00:00,6,99158,-1.39999998,52.61700058,6.00000000,1.02726638
0.00000000,2023-02-17 06:00:00,6,99159,-1.95879996,50.61360168,6.00000000,0.90986782
0.00000000,2023-02-17 06:00:00,6,99160,-3.18300009,51.48300171,6.00000000,0.97572207
0.00000000,2023-02-17 06:00:00,6,99161,0.63300002,52.08300018,6.00000000,0.96999973
0.00000000,2023-02-17 06:00:00,6,99162,-1.39999998,53.63299942,6.00000000,1.02927125
0.00000000,2023-02-17 06:00:00,6,99163,-4.15000010,52.91699982,6.00000000,0.99889374
0.00000000,2023-02-17 06:00:00,6,99164,-2.95000005,52.58300018,6.00000000,0.96173918
0.00000000,2023-02-17 06:00:00,6,99166,-1.39999998,52.00000000,6.00000000,0.96700138
0.00000000,2023-02-17 06:00:00,6,99167,-2.10130000,54.30830002,6.00000000,0.86922628
0.00000000,2023-02-17 06:00:00,6,99168,-6.90000010,57.78300095,6.00000000,0.93650484
0.00000000,2023-02-17 06:00:00,6,99169,-2.76699996,53.84999847,6.00000000,0.99411851
0.00000000,2023-02-17 06:00:00,6,99170,-3.45029998,52.21530151,6.00000000,0.95999557
0.00000000,2023-02-17 06:00:00,6,99171,-1.76699996,53.81700134,6.00000000,1.03278422
0.00000000,2023-02-17 06:00:00,6,99172,-2.78299999,54.26699829,6.00000000,0.90898597
0.00000000,2023-02-17 06:00:00,6,99173,-1.78299999,54.46699905,6.00000000,0.94389611
0.00000000,2023-02-17 06:00:00,6,99174,-4.68300009,51.98300171,6.00000000,0.98075199
0.00000000,2023-02-17 06:00:00,6,99175,-6.00000000,54.81700134,6.00000000,0.94226807
0.00000000,2023-02-17 06:00:00,6,99176,-2.91700006,51.71699905,6.00000000,0.88068396
0.00000000,2023-02-17 06:00:00,6,99177,-1.76699996,54.06700134,6.00000000,1.16825056
0.00000000,2023-02-17 06:00:00,6,99178,-0.64999998,53.63299942,6.00000000,1.02362561
0.00000000,2023-02-17 06:00:00,6,99179,-2.51699996,53.08300018,6.00000000,0.99807668
0.00000000,2023-02-17 06:00:00,6,99180,-3.21700001,55.96699905,6.00000000,1.04694271
0.00000000,2023-02-17 06:00:00,6,99182,0.60000002,51.13299942,6.00000000,1.02762210
0.00000000,2023-02-17 06:00:00,6,99183,-0.93300003,51.43299866,6.00000000,1.02122247
0.00000000,2023-02-17 06:00:00,6,99184,-4.91699982,51.86700058,6.00000000,0.92270404
0.00000000,2023-02-17 06:00:00,6,99185,-0.41700000,50.93299866,6.00000000,0.97431600
0.00000000,2023-02-17 06:00:00,6,99186,-2.57900000,55.23400116,6.00000000,0.73767579
0.00000000,2023-02-17 06:00:00,6,99187,-2.84999990,54.08300018,6.00000000,1.00269830
0.00000000,2023-02-17 06:00:00,6,99188,-6.51700020,55.23300171,6.00000000,1.06047750
0.00000000,2023-02-17 06:00:00,6,99189,-1.60000002,52.20000076,6.00000000,0.99015903
0.00000000,2023-02-17 06:00:00,6,99190,-4.54479980,50.82799911,6.00000000,0.91716111
0.00000000,2023-02-17 06:00:00,6,99191,-5.37349987,57.18159866,6.00000000,0.50073087
0.00000000,2023-02-17 06:00:00,6,99192,-1.01699996,52.04999924,6.00000000,1.00479758
0.00000000,2023-02-17 06:00:00,6,99193,-4.95739985,54.74280167,6.00000000,1.01476347
0.00000000,2023-02-17 06:00:00,6,99194,-3.91470003,52.27159882,6.00000000,0.72948259
0.00000000,2023-02-17 06:00:00,6,99195,-3.48300004,51.91669846,6.00000000,0.95801753
0.00000000,2023-02-17 06:00:00,6,99196,-1.91680002,55.52989960,6.00000000,1.01917112
0.00000000,2023-02-17 06:00:00,6,99197,-0.38299999,51.41699982,6.00000000,0.99172628
0.00000000,2023-02-17 06:00:00,6,99198,-1.54999995,51.51699829,6.00000000,0.95769352
0.00000000,2023-02-17 06:00:00,6,99200,-4.30679989,55.90269852,6.00000000,0.99193293
0.00000000,2023-02-17 06:00:00,6,99201,-3.98099995,51.60699844,6.00000000,0.87551016
0.00000000,2023-02-17 06:00:00,6,99203,-0.00900000,51.53400040,6.00000000,0.99399716
0.00000000,2023-02-17 06:00:00,6,99204,-0.01700000,51.54199982,6.00000000,1.01645017
0.00000000,2023-02-17 06:00:00,6,99205,-0.76700002,52.04999924,6.00000000,1.04232931
0.00000000,2023-02-17 06:00:00,6,99206,-1.59899998,53.80799866,6.00000000,1.02080739
0.00000000,2023-02-17 06:00:00,6,99207,-2.58570004,51.91120148,6.00000000,1.00623429
0.00000000,2023-02-17 06:00:00,6,99208,-2.21210003,53.44369888,6.00000000,0.97693551
0.00000000,2023-02-17 06:00:00,6,99209,-1.90489995,52.48049927,6.00000000,1.01401997
0.00000000,2023-02-17 06:00:00,6,99212,-1.16700006,50.83300018,6.00000000,0.98750329
0.00000000,2023-02-17 06:00:00,6,99213,-0.36700001,53.75000000,6.00000000,0.99839240
0.00000000,2023-02-17 06:00:00,6,99214,-0.30000001,53.76699829,6.00000000,0.99916339
0.00000000,2023-02-17 06:00:00,6,99220,1.16400003,52.45619965,6.00000000,1.00833547
0.00000000,2023-02-17 06:00:00,6,99223,-2.55929995,51.55139923,6.00000000,1.01371765
0.00000000,2023-02-17 06:00:00,6,99430,-0.34040001,51.42309952,6.00000000,0.99525684
0.00000000,2023-02-17 06:00:00,6,99557,-2.16700006,54.09999847,6.00000000,0.93581516
0.00000000,2023-02-17 06:00:00,6,99578,-2.55679989,53.60789871,6.00000000,0.85397369
0.00000000,2023-02-17 06:00:00,6,99674,-0.85000002,51.11700058,6.00000000,0.97643691
