attrs,values
units,"m s-1"
model_var,""
dtime_units,"hour"
level_type,"isobaric"
time_type,"UT"
time_bounds,"['[', '0', ',', ' ', '0', ']']"
level,time,dtime,id,lon,lat,wind_speed,percentile
0.00000000,2023-02-20 06:00:00,6,1,0.69559997,51.57139969,4.28248692,50.00000000
0.00000000,2023-02-20 06:00:00,6,2,-0.36829999,51.87440109,4.73647165,50.00000000
0.00000000,2023-02-20 06:00:00,6,3,-1.35669994,50.95029831,2.14420772,50.00000000
0.00000000,2023-02-20 06:00:00,6,4,0.02950000,51.32149887,4.18666649,50.00000000
0.00000000,2023-02-20 06:00:00,6,5,0.05800000,51.50479889,3.36691856,50.00000000
0.00000000,2023-02-20 06:00:00,6,6,0.93919998,50.95610046,3.41424847,50.00000000
0.00000000,2023-02-20 06:00:00,6,7,-0.62669998,52.07030106,5.08951855,50.00000000
0.00000000,2023-02-20 06:00:00,6,8,-5.87699986,54.61299896,2.91163778,50.00000000
0.00000000,2023-02-20 06:00:00,6,9,-1.74810004,52.45389938,4.27200937,50.00000000
0.00000000,2023-02-20 06:00:00,6,11,-2.71919990,51.38280106,4.54033279,50.00000000
0.00000000,2023-02-20 06:00:00,6,12,0.17500000,52.20500183,5.12989330,50.00000000
0.00000000,2023-02-20 06:00:00,6,14,-2.80920005,54.93750000,5.58768415,50.00000000
0.00000000,2023-02-20 06:00:00,6,15,-2.30559993,52.63999939,4.30081511,50.00000000
0.00000000,2023-02-20 06:00:00,6,17,-3.02579999,56.45249939,2.54926133,50.00000000
0.00000000,2023-02-20 06:00:00,6,18,-1.32669997,52.83110046,5.67288733,50.00000000
0.00000000,2023-02-20 06:00:00,6,19,-3.41389990,50.73440170,1.44640589,50.00000000
0.00000000,2023-02-20 06:00:00,6,22,-0.34720001,53.57970047,6.09982538,50.00000000
0.00000000,2023-02-20 06:00:00,6,23,-4.04750013,57.54240036,5.02527571,50.00000000
0.00000000,2023-02-20 06:00:00,6,24,0.56110001,52.40940094,5.14374399,50.00000000
0.00000000,2023-02-20 06:00:00,6,25,-1.66059995,53.86579895,6.30228376,50.00000000
0.00000000,2023-02-20 06:00:00,6,26,-2.84999990,53.33359909,3.80578828,50.00000000
0.00000000,2023-02-20 06:00:00,6,28,0.48830000,52.36080170,5.44088030,50.00000000
0.00000000,2023-02-20 06:00:00,6,29,-1.69169998,55.03749847,8.49416065,50.00000000
0.00000000,2023-02-20 06:00:00,6,30,1.28279996,52.67610168,5.34998178,50.00000000
0.00000000,2023-02-20 06:00:00,6,32,-4.58669996,55.50780106,5.90135431,50.00000000
0.00000000,2023-02-20 06:00:00,6,33,-1.29920006,60.43220139,15.50894165,50.00000000
0.00000000,2023-02-20 06:00:00,6,34,-1.38859999,53.39440155,3.84607053,50.00000000
0.00000000,2023-02-20 06:00:00,6,37,-1.42349994,54.51250076,4.53044701,50.00000000
0.00000000,2023-02-20 06:00:00,6,50,-0.12000000,52.34999847,5.58214617,50.00000000
0.00000000,2023-02-20 06:00:00,6,51,-2.16000009,55.25000000,5.56591892,50.00000000
0.00000000,2023-02-20 06:00:00,6,52,-4.87209988,58.61750031,13.01567173,50.00000000
0.00000000,2023-02-20 06:00:00,6,53,-2.28640008,51.43920135,4.93505907,50.00000000
0.00000000,2023-02-20 06:00:00,6,63,-4.32999992,53.09999847,5.28059721,50.00000000
0.00000000,2023-02-20 06:00:00,6,69,-5.23000002,50.00000000,2.26511002,50.00000000
0.00000000,2023-02-20 06:00:00,6,98,-2.88540006,53.74459839,5.72729874,50.00000000
0.00000000,2023-02-20 06:00:00,6,111,1.72000003,52.63000107,5.49493456,50.00000000
0.00000000,2023-02-20 06:00:00,6,127,-1.32040000,51.83560181,4.70402384,50.00000000
0.00000000,2023-02-20 06:00:00,6,134,-1.77999997,51.68000031,5.37669706,50.00000000
0.00000000,2023-02-20 06:00:00,6,139,-0.73710001,51.79119873,4.80981207,50.00000000
0.00000000,2023-02-20 06:00:00,6,201,-3.23289990,54.10639954,5.22649336,50.00000000
0.00000000,2023-02-20 06:00:00,6,203,-4.94589996,56.28239822,2.27640414,50.00000000
0.00000000,2023-02-20 06:00:00,6,204,-0.22480001,52.72639847,6.02545786,50.00000000
0.00000000,2023-02-20 06:00:00,6,205,-0.10620000,52.50410080,5.87549686,50.00000000
0.00000000,2023-02-20 06:00:00,6,206,0.10820000,52.83789825,6.11631012,50.00000000
0.00000000,2023-02-20 06:00:00,6,207,-0.02400000,52.43470001,5.68242359,50.00000000
0.00000000,2023-02-20 06:00:00,6,208,-4.85449982,57.13069916,5.84086275,50.00000000
0.00000000,2023-02-20 06:00:00,6,209,-4.13000011,58.04999924,6.34649324,50.00000000
0.00000000,2023-02-20 06:00:00,6,210,-1.37860000,54.66429901,5.49351311,50.00000000
0.00000000,2023-02-20 06:00:00,6,211,-2.83010006,55.67060089,6.57026529,50.00000000
0.00000000,2023-02-20 06:00:00,6,212,-1.75950003,54.74380112,7.11962175,50.00000000
0.00000000,2023-02-20 06:00:00,6,213,-2.51620007,55.90069962,7.75089312,50.00000000
0.00000000,2023-02-20 06:00:00,6,216,-4.81160021,55.68460083,4.67159796,50.00000000
0.00000000,2023-02-20 06:00:00,6,217,-0.64260000,53.62699890,5.95862103,50.00000000
0.00000000,2023-02-20 06:00:00,6,220,1.66719997,52.71260071,5.80380297,50.00000000
0.00000000,2023-02-20 06:00:00,6,222,-3.60019994,52.54940033,5.22934294,50.00000000
0.00000000,2023-02-20 06:00:00,6,223,-5.55870008,55.63779831,9.55083179,50.00000000
0.00000000,2023-02-20 06:00:00,6,224,-1.30159998,54.69319916,6.21770525,50.00000000
0.00000000,2023-02-20 06:00:00,6,225,-1.68460000,54.84700012,8.62503052,50.00000000
0.00000000,2023-02-20 06:00:00,6,226,-3.57399988,54.59460068,5.80549765,50.00000000
0.00000000,2023-02-20 06:00:00,6,228,-5.09399986,54.87549973,4.62790537,50.00000000
0.00000000,2023-02-20 06:00:00,6,229,0.10190000,53.66880035,5.78857565,50.00000000
0.00000000,2023-02-20 06:00:00,6,230,-1.93770003,53.78160095,9.49588013,50.00000000
0.00000000,2023-02-20 06:00:00,6,231,-3.48000002,57.45000076,6.82932806,50.00000000
0.00000000,2023-02-20 06:00:00,6,232,-3.03180003,53.45809937,4.40500975,50.00000000
0.00000000,2023-02-20 06:00:00,6,233,-3.87879992,52.40940094,4.22809601,50.00000000
0.00000000,2023-02-20 06:00:00,6,234,-4.40939999,53.40719986,5.70903301,50.00000000
0.00000000,2023-02-20 06:00:00,6,235,-3.68330002,54.75000000,7.49746990,50.00000000
0.00000000,2023-02-20 06:00:00,6,237,-1.68789995,53.53789902,7.00452948,50.00000000
0.00000000,2023-02-20 06:00:00,6,238,1.78690004,52.64250183,6.26910019,50.00000000
0.00000000,2023-02-20 06:00:00,6,240,0.14810000,52.58000183,6.01799679,50.00000000
0.00000000,2023-02-20 06:00:00,6,242,-1.80239999,54.75830078,6.75372553,50.00000000
0.00000000,2023-02-20 06:00:00,6,243,-4.22370005,57.47790146,4.15009689,50.00000000
0.00000000,2023-02-20 06:00:00,6,244,-4.25890017,55.86370087,3.17575169,50.00000000
0.00000000,2023-02-20 06:00:00,6,245,-1.59700000,54.97700119,7.38810158,50.00000000
0.00000000,2023-02-20 06:00:00,6,246,-5.87699986,54.61299896,2.91163778,50.00000000
0.00000000,2023-02-20 06:00:00,6,247,-1.89649999,52.47969818,3.98575115,50.00000000
0.00000000,2023-02-20 06:00:00,6,248,-2.24110007,53.47629929,3.47941375,50.00000000
0.00000000,2023-02-20 06:00:00,6,249,-2.58969998,51.45370102,4.14464283,50.00000000
0.00000000,2023-02-20 06:00:00,6,250,-0.10800000,51.52099991,3.12018538,50.00000000
0.00000000,2023-02-20 06:00:00,6,251,-3.52999997,50.72190094,1.55287325,50.00000000
0.00000000,2023-02-20 06:00:00,6,253,-5.57800007,55.57120132,7.31178617,50.00000000
0.00000000,2023-02-20 06:00:00,6,254,-4.12430000,55.36460114,9.54829121,50.00000000
0.00000000,2023-02-20 06:00:00,6,255,-5.15689993,56.03179932,2.76546407,50.00000000
0.00000000,2023-02-20 06:00:00,6,256,-2.85150003,55.80599976,7.64316988,50.00000000
0.00000000,2023-02-20 06:00:00,6,257,-3.92059994,55.55459976,10.10910416,50.00000000
0.00000000,2023-02-20 06:00:00,6,258,-6.10340023,54.80599976,6.55725479,50.00000000
0.00000000,2023-02-20 06:00:00,6,259,-6.81820011,55.01739883,6.00993776,50.00000000
0.00000000,2023-02-20 06:00:00,6,260,-2.15479994,53.75030136,7.84979296,50.00000000
0.00000000,2023-02-20 06:00:00,6,261,-5.03380013,50.35200119,2.47346878,50.00000000
0.00000000,2023-02-20 06:00:00,6,262,-6.25629997,55.02989960,5.62920713,50.00000000
0.00000000,2023-02-20 06:00:00,6,263,-8.01469994,54.43849945,4.67280197,50.00000000
0.00000000,2023-02-20 06:00:00,6,264,-3.75149989,55.77000046,6.91824627,50.00000000
0.00000000,2023-02-20 06:00:00,6,265,-4.33220005,57.80170059,9.32823277,50.00000000
0.00000000,2023-02-20 06:00:00,6,266,-3.66350007,56.24489975,5.07983780,50.00000000
0.00000000,2023-02-20 06:00:00,6,267,0.15140000,52.58610153,6.02891731,50.00000000
0.00000000,2023-02-20 06:00:00,6,268,-4.24490023,55.68569946,6.15232086,50.00000000
0.00000000,2023-02-20 06:00:00,6,269,-4.05859995,55.22249985,6.16717386,50.00000000
0.00000000,2023-02-20 06:00:00,6,270,-7.98880005,54.70009995,6.12435913,50.00000000
0.00000000,2023-02-20 06:00:00,6,271,-3.41939998,52.45159912,4.99525309,50.00000000
0.00000000,2023-02-20 06:00:00,6,272,-5.27220011,56.38299942,2.89490533,50.00000000
0.00000000,2023-02-20 06:00:00,6,273,-6.45499992,57.42900085,2.91208506,50.00000000
0.00000000,2023-02-20 06:00:00,6,274,-3.44330001,58.29999924,7.39639091,50.00000000
0.00000000,2023-02-20 06:00:00,6,275,-2.63700008,57.66099930,6.10818100,50.00000000
0.00000000,2023-02-20 06:00:00,6,276,-4.06479979,56.26350021,3.84640241,50.00000000
0.00000000,2023-02-20 06:00:00,6,277,-3.37129998,57.53720093,7.06102848,50.00000000
0.00000000,2023-02-20 06:00:00,6,278,-3.45679998,58.42940140,7.59640169,50.00000000
0.00000000,2023-02-20 06:00:00,6,279,-3.75079989,52.40499878,5.17740059,50.00000000
0.00000000,2023-02-20 06:00:00,6,280,-3.65919995,55.18629837,3.32826304,50.00000000
0.00000000,2023-02-20 06:00:00,6,281,-3.35630012,56.67940140,3.06821203,50.00000000
0.00000000,2023-02-20 06:00:00,6,282,-4.10220003,56.07540131,3.92191267,50.00000000
0.00000000,2023-02-20 06:00:00,6,283,-4.09410000,57.32500076,6.11319017,50.00000000
0.00000000,2023-02-20 06:00:00,6,284,-2.64429998,57.41189957,5.58550739,50.00000000
0.00000000,2023-02-20 06:00:00,6,285,-4.72300005,55.24580002,5.14283752,50.00000000
0.00000000,2023-02-20 06:00:00,6,286,-2.69300008,57.45019913,4.40671206,50.00000000
0.00000000,2023-02-20 06:00:00,6,287,-3.21630001,55.11270142,5.00341463,50.00000000
0.00000000,2023-02-20 06:00:00,6,288,-2.68939996,59.18960190,16.22973442,50.00000000
0.00000000,2023-02-20 06:00:00,6,289,-5.67910004,55.49380112,4.85771704,50.00000000
0.00000000,2023-02-20 06:00:00,6,294,-7.02440023,54.96319962,5.98603439,50.00000000
0.00000000,2023-02-20 06:00:00,6,301,-7.61670017,54.15850067,5.46313000,50.00000000
0.00000000,2023-02-20 06:00:00,6,303,-7.11269999,54.50270081,5.58273220,50.00000000
0.00000000,2023-02-20 06:00:00,6,307,-4.88299990,57.71699905,7.86551762,50.00000000
0.00000000,2023-02-20 06:00:00,6,311,-4.02169991,52.30469894,4.07232618,50.00000000
0.00000000,2023-02-20 06:00:00,6,313,-1.41639996,54.76290131,7.22014809,50.00000000
0.00000000,2023-02-20 06:00:00,6,314,-3.17759991,54.18830109,5.20737886,50.00000000
0.00000000,2023-02-20 06:00:00,6,315,-3.13240004,55.71070099,7.67094374,50.00000000
0.00000000,2023-02-20 06:00:00,6,316,-3.55520010,54.65560150,5.47399473,50.00000000
0.00000000,2023-02-20 06:00:00,6,317,-3.54299998,54.67480087,7.15286303,50.00000000
0.00000000,2023-02-20 06:00:00,6,341,-1.43350005,54.83179855,6.49843454,50.00000000
0.00000000,2023-02-20 06:00:00,6,342,-1.44140005,54.77590179,6.12881947,50.00000000
0.00000000,2023-02-20 06:00:00,6,343,-1.37629998,54.66680145,5.50348282,50.00000000
0.00000000,2023-02-20 06:00:00,6,344,-3.38019991,55.15470123,3.39880824,50.00000000
0.00000000,2023-02-20 06:00:00,6,348,1.13999999,51.45000076,5.18406010,50.00000000
0.00000000,2023-02-20 06:00:00,6,349,0.95969999,50.91339874,3.81422210,50.00000000
0.00000000,2023-02-20 06:00:00,6,350,-1.18110001,54.63550186,5.46327591,50.00000000
0.00000000,2023-02-20 06:00:00,6,351,-2.91779995,54.03049850,7.42352152,50.00000000
0.00000000,2023-02-20 06:00:00,6,352,-3.13170004,51.20709991,3.23138380,50.00000000
0.00000000,2023-02-20 06:00:00,6,353,-4.89650011,55.72019958,4.67600441,50.00000000
0.00000000,2023-02-20 06:00:00,6,355,-2.40799999,55.96799850,6.21747828,50.00000000
0.00000000,2023-02-20 06:00:00,6,356,-0.23029999,52.93460083,6.16333008,50.00000000
0.00000000,2023-02-20 06:00:00,6,357,-3.67389989,52.63790131,5.09349537,50.00000000
0.00000000,2023-02-20 06:00:00,6,358,-4.54589987,50.64799881,3.18683696,50.00000000
0.00000000,2023-02-20 06:00:00,6,359,-3.07850003,54.87300110,6.81135035,50.00000000
0.00000000,2023-02-20 06:00:00,6,362,-1.68799996,54.82049942,8.45298767,50.00000000
0.00000000,2023-02-20 06:00:00,6,363,-0.92379999,53.72679901,5.58053637,50.00000000
0.00000000,2023-02-20 06:00:00,6,364,-1.44180000,54.71879959,5.98372269,50.00000000
0.00000000,2023-02-20 06:00:00,6,365,-3.50189996,54.63090134,5.54405308,50.00000000
0.00000000,2023-02-20 06:00:00,6,366,-1.48969996,55.13499832,8.45518970,50.00000000
0.00000000,2023-02-20 06:00:00,6,368,-3.68630004,58.60409927,10.36444855,50.00000000
0.00000000,2023-02-20 06:00:00,6,383,-3.50000000,54.42100143,2.96882057,50.00000000
0.00000000,2023-02-20 06:00:00,6,384,-2.20099998,51.86159897,3.58227038,50.00000000
0.00000000,2023-02-20 06:00:00,6,385,-1.61940002,52.50809860,4.28064203,50.00000000
0.00000000,2023-02-20 06:00:00,6,386,-1.20459998,53.70529938,5.75385380,50.00000000
0.00000000,2023-02-20 06:00:00,6,387,-1.04920006,53.20059967,4.27590084,50.00000000
0.00000000,2023-02-20 06:00:00,6,388,-1.13220000,53.22650146,3.75719047,50.00000000
0.00000000,2023-02-20 06:00:00,6,389,-1.06110001,53.41370010,4.44024229,50.00000000
0.00000000,2023-02-20 06:00:00,6,390,-1.64900005,55.24000168,8.35470772,50.00000000
0.00000000,2023-02-20 06:00:00,6,391,-2.44700003,53.53200150,4.69274950,50.00000000
0.00000000,2023-02-20 06:00:00,6,392,-1.38499999,52.99800110,5.24570227,50.00000000
0.00000000,2023-02-20 06:00:00,6,393,-1.38150001,52.69350052,5.23956633,50.00000000
0.00000000,2023-02-20 06:00:00,6,394,-1.69079995,53.27330017,5.51641130,50.00000000
0.00000000,2023-02-20 06:00:00,6,395,-3.89590001,55.52199936,7.88839006,50.00000000
0.00000000,2023-02-20 06:00:00,6,396,-3.82640004,55.61240005,6.79947710,50.00000000
0.00000000,2023-02-20 06:00:00,6,397,-3.89479995,55.52209854,7.88839006,50.00000000
0.00000000,2023-02-20 06:00:00,6,398,-4.28299999,55.37829971,6.13663197,50.00000000
0.00000000,2023-02-20 06:00:00,6,399,-4.40899992,55.45380020,6.80311918,50.00000000
0.00000000,2023-02-20 06:00:00,6,400,-4.37659979,55.33319855,4.69350624,50.00000000
0.00000000,2023-02-20 06:00:00,6,401,-3.83699989,55.59299850,6.09217501,50.00000000
0.00000000,2023-02-20 06:00:00,6,402,-3.15319991,55.82630157,7.08466816,50.00000000
0.00000000,2023-02-20 06:00:00,6,403,-3.98690009,55.54079819,7.36339045,50.00000000
0.00000000,2023-02-20 06:00:00,6,404,-3.41310000,56.11669922,4.40518904,50.00000000
0.00000000,2023-02-20 06:00:00,6,405,-3.88870001,51.69390106,2.70564628,50.00000000
0.00000000,2023-02-20 06:00:00,6,406,-3.61350012,51.73149872,3.60874629,50.00000000
0.00000000,2023-02-20 06:00:00,6,407,-4.01020002,50.40959930,2.14519882,50.00000000
0.00000000,2023-02-20 06:00:00,6,408,-0.82160002,54.55619812,7.21857023,50.00000000
0.00000000,2023-02-20 06:00:00,6,409,-7.38000011,54.59000015,4.96096468,50.00000000
0.00000000,2023-02-20 06:00:00,6,414,-0.19820000,53.94789886,7.11610937,50.00000000
0.00000000,2023-02-20 06:00:00,6,415,-0.08600000,53.81370163,6.30889177,50.00000000
0.00000000,2023-02-20 06:00:00,6,416,-4.87260008,55.07630157,5.66831923,50.00000000
0.00000000,2023-02-20 06:00:00,6,417,-1.55980003,55.20460129,8.13830948,50.00000000
0.00000000,2023-02-20 06:00:00,6,418,-3.27060008,58.40819931,7.20238876,50.00000000
0.00000000,2023-02-20 06:00:00,6,419,-4.96029997,50.47219849,2.75587320,50.00000000
0.00000000,2023-02-20 06:00:00,6,420,-3.14569998,59.11489868,15.08325577,50.00000000
0.00000000,2023-02-20 06:00:00,6,421,-3.66300011,51.68000031,3.50325680,50.00000000
0.00000000,2023-02-20 06:00:00,6,422,0.80350000,50.96009827,3.40797424,50.00000000
0.00000000,2023-02-20 06:00:00,6,423,-4.43359995,53.36220169,5.59683990,50.00000000
0.00000000,2023-02-20 06:00:00,6,424,-3.65070009,53.38109970,6.72347021,50.00000000
0.00000000,2023-02-20 06:00:00,6,425,-4.20289993,55.29380035,7.50325584,50.00000000
0.00000000,2023-02-20 06:00:00,6,426,6.47489977,48.84550095,2.17669058,50.00000000
0.00000000,2023-02-20 06:00:00,6,427,3.81089997,49.70009995,1.81547332,50.00000000
0.00000000,2023-02-20 06:00:00,6,428,4.04440022,49.67839813,2.11599112,50.00000000
0.00000000,2023-02-20 06:00:00,6,429,-2.04719996,46.94929886,0.78665441,50.00000000
0.00000000,2023-02-20 06:00:00,6,430,6.51420021,49.17070007,3.13974977,50.00000000
0.00000000,2023-02-20 06:00:00,6,431,0.93580002,49.81209946,2.72202396,50.00000000
0.00000000,2023-02-20 06:00:00,6,432,2.29320002,49.65430069,2.00257087,50.00000000
0.00000000,2023-02-20 06:00:00,6,433,1.49689996,49.83990097,3.03206038,50.00000000
0.00000000,2023-02-20 06:00:00,6,434,-4.13329983,48.18000031,0.23911814,50.00000000
0.00000000,2023-02-20 06:00:00,6,436,4.19469976,48.89419937,1.74342883,50.00000000
0.00000000,2023-02-20 06:00:00,6,437,-1.45039999,46.41979980,1.00636411,50.00000000
0.00000000,2023-02-20 06:00:00,6,438,2.06870008,47.00569916,0.25964373,50.00000000
0.00000000,2023-02-20 06:00:00,6,439,1.32939994,47.92919922,0.17815381,50.00000000
0.00000000,2023-02-20 06:00:00,6,440,2.05049992,49.58900070,2.10602283,50.00000000
0.00000000,2023-02-20 06:00:00,6,441,1.25479996,49.95180130,2.81386328,50.00000000
0.00000000,2023-02-20 06:00:00,6,442,-2.41429996,48.42150116,0.12228636,50.00000000
0.00000000,2023-02-20 06:00:00,6,443,5.43900013,48.69789886,2.56595993,50.00000000
0.00000000,2023-02-20 06:00:00,6,444,1.90779996,48.16149902,0.25548711,50.00000000
0.00000000,2023-02-20 06:00:00,6,445,0.10980000,45.81760025,0.17887461,50.00000000
0.00000000,2023-02-20 06:00:00,6,446,-0.93300003,53.61700058,5.56348896,50.00000000
0.00000000,2023-02-20 06:00:00,6,447,-4.13570023,51.68339920,3.65955257,50.00000000
0.00000000,2023-02-20 06:00:00,6,448,-3.56620002,51.70320129,3.92332840,50.00000000
0.00000000,2023-02-20 06:00:00,6,449,-4.96439981,51.79320145,4.22347832,50.00000000
0.00000000,2023-02-20 06:00:00,6,450,-3.33859992,53.04109955,4.76502800,50.00000000
0.00000000,2023-02-20 06:00:00,6,451,-4.18260002,53.20959854,5.42135715,50.00000000
0.00000000,2023-02-20 06:00:00,6,452,-5.21799994,56.21889877,2.34419084,50.00000000
0.00000000,2023-02-20 06:00:00,6,454,10.27099991,52.17499924,7.10010338,50.00000000
0.00000000,2023-02-20 06:00:00,6,455,10.36400032,52.61700058,6.77683306,50.00000000
0.00000000,2023-02-20 06:00:00,6,456,9.50000000,53.12599945,6.84282255,50.00000000
0.00000000,2023-02-20 06:00:00,6,458,-2.25699997,55.90480042,6.85949564,50.00000000
0.00000000,2023-02-20 06:00:00,6,459,-0.47999999,52.24000168,5.40918016,50.00000000
0.00000000,2023-02-20 06:00:00,6,460,1.28999996,52.06000137,4.85624409,50.00000000
0.00000000,2023-02-20 06:00:00,6,461,-1.40999997,51.11000061,2.98975015,50.00000000
0.00000000,2023-02-20 06:00:00,6,462,-1.25999999,51.06000137,2.92397857,50.00000000
0.00000000,2023-02-20 06:00:00,6,463,-0.57999998,51.61000061,3.99151659,50.00000000
0.00000000,2023-02-20 06:00:00,6,464,-4.28809977,55.86090088,3.12389851,50.00000000
0.00000000,2023-02-20 06:00:00,6,465,-4.29379988,55.85829926,3.12389851,50.00000000
0.00000000,2023-02-20 06:00:00,6,466,-3.75900006,56.57569885,4.08005476,50.00000000
0.00000000,2023-02-20 06:00:00,6,467,-3.61109996,55.39619827,6.35433388,50.00000000
0.00000000,2023-02-20 06:00:00,6,468,-7.85160017,54.86640167,5.46679688,50.00000000
0.00000000,2023-02-20 06:00:00,6,470,-2.64910007,57.66510010,6.09711599,50.00000000
0.00000000,2023-02-20 06:00:00,6,471,-6.46540022,57.43920135,3.03595924,50.00000000
0.00000000,2023-02-20 06:00:00,6,472,-3.23740005,58.46020126,7.66731787,50.00000000
0.00000000,2023-02-20 06:00:00,6,473,-4.43860006,57.71549988,10.26190662,50.00000000
0.00000000,2023-02-20 06:00:00,6,474,-5.28240013,56.37990189,3.41420841,50.00000000
0.00000000,2023-02-20 06:00:00,6,475,-3.43059993,56.30619812,3.44686604,50.00000000
0.00000000,2023-02-20 06:00:00,6,476,-3.35840011,54.85810089,6.20745134,50.00000000
0.00000000,2023-02-20 06:00:00,6,477,-1.79799998,54.75510025,7.25158834,50.00000000
0.00000000,2023-02-20 06:00:00,6,478,-2.63840008,54.33369827,5.29744625,50.00000000
0.00000000,2023-02-20 06:00:00,6,479,-3.13649988,54.24710083,6.09825182,50.00000000
0.00000000,2023-02-20 06:00:00,6,480,-1.91509998,54.88249969,8.24384117,50.00000000
0.00000000,2023-02-20 06:00:00,6,481,0.23379999,53.14410019,6.10183859,50.00000000
0.00000000,2023-02-20 06:00:00,6,482,-4.34060001,53.37670135,5.53676796,50.00000000
0.00000000,2023-02-20 06:00:00,6,483,-3.57870007,52.36249924,4.71070099,50.00000000
0.00000000,2023-02-20 06:00:00,6,484,-2.28819990,53.76509857,7.48055506,50.00000000
0.00000000,2023-02-20 06:00:00,6,485,-1.64760005,53.99679947,7.13913584,50.00000000
0.00000000,2023-02-20 06:00:00,6,486,-3.96650004,52.46369934,4.76619053,50.00000000
0.00000000,2023-02-20 06:00:00,6,487,-3.47440004,51.56449890,5.07025814,50.00000000
0.00000000,2023-02-20 06:00:00,6,488,-1.14010000,53.11690140,4.23753786,50.00000000
0.00000000,2023-02-20 06:00:00,6,489,-3.44799995,55.53939819,8.19153595,50.00000000
0.00000000,2023-02-20 06:00:00,6,490,-0.28230000,54.00439835,6.51663542,50.00000000
0.00000000,2023-02-20 06:00:00,6,491,-3.43510008,52.58229828,5.20398045,50.00000000
0.00000000,2023-02-20 06:00:00,6,492,-1.25430000,54.49110031,4.57509851,50.00000000
0.00000000,2023-02-20 06:00:00,6,493,-1.17799997,52.50049973,5.54244947,50.00000000
0.00000000,2023-02-20 06:00:00,6,494,-2.11400008,57.31549835,5.13420677,50.00000000
0.00000000,2023-02-20 06:00:00,6,501,-1.46959996,53.38240051,2.63991880,50.00000000
0.00000000,2023-02-20 06:00:00,6,503,-3.57419991,55.23899841,4.52721834,50.00000000
0.00000000,2023-02-20 06:00:00,6,504,-2.08780003,57.18610001,3.96492910,50.00000000
0.00000000,2023-02-20 06:00:00,6,505,10.09119987,53.67350006,6.40658045,50.00000000
0.00000000,2023-02-20 06:00:00,6,508,6.78840017,53.45159912,7.54154730,50.00000000
0.00000000,2023-02-20 06:00:00,6,509,4.38399982,51.66550064,5.35408831,50.00000000
0.00000000,2023-02-20 06:00:00,6,513,-2.24799991,53.66199875,6.94779873,50.00000000
0.00000000,2023-02-20 06:00:00,6,514,-3.48399997,53.10900116,5.94708204,50.00000000
0.00000000,2023-02-20 06:00:00,6,515,-3.94280005,55.70169830,6.47969007,50.00000000
0.00000000,2023-02-20 06:00:00,6,516,-3.51239991,51.69110107,5.05584145,50.00000000
0.00000000,2023-02-20 06:00:00,6,517,-2.57739997,57.62689972,4.96231174,50.00000000
0.00000000,2023-02-20 06:00:00,6,518,-9.38189983,51.62979889,5.68495560,50.00000000
0.00000000,2023-02-20 06:00:00,6,519,-4.22970009,55.77059937,3.81671548,50.00000000
0.00000000,2023-02-20 06:00:00,6,520,-1.89760005,54.91260147,7.90679455,50.00000000
0.00000000,2023-02-20 06:00:00,6,521,-0.09800000,52.51100159,5.88422871,50.00000000
0.00000000,2023-02-20 06:00:00,6,522,-1.76830006,54.76470184,8.27750015,50.00000000
0.00000000,2023-02-20 06:00:00,6,523,-2.00850010,55.15710068,7.71228838,50.00000000
0.00000000,2023-02-20 06:00:00,6,531,-2.91589999,54.02780151,7.69831228,50.00000000
0.00000000,2023-02-20 06:00:00,6,532,1.61889994,52.21179962,5.41112471,50.00000000
0.00000000,2023-02-20 06:00:00,6,533,0.96399999,50.91339874,3.94075656,50.00000000
0.00000000,2023-02-20 06:00:00,6,534,-1.71980000,52.45389938,4.30931377,50.00000000
0.00000000,2023-02-20 06:00:00,6,537,-2.78629994,53.88859940,5.01208591,50.00000000
0.00000000,2023-02-20 06:00:00,6,538,-6.55240011,52.62210083,2.23450398,50.00000000
0.00000000,2023-02-20 06:00:00,6,539,-9.15820026,52.10770035,4.11900902,50.00000000
0.00000000,2023-02-20 06:00:00,6,540,-8.93789959,51.81169891,4.35447931,50.00000000
0.00000000,2023-02-20 06:00:00,6,541,-3.07879996,55.18420029,3.81660867,50.00000000
0.00000000,2023-02-20 06:00:00,6,542,-3.12350011,58.43700027,7.61982250,50.00000000
0.00000000,2023-02-20 06:00:00,6,543,-3.45910001,52.92229843,3.58367085,50.00000000
0.00000000,2023-02-20 06:00:00,6,545,7.65829992,49.96879959,2.88236117,50.00000000
0.00000000,2023-02-20 06:00:00,6,553,-2.61139989,55.96500015,5.83003664,50.00000000
0.00000000,2023-02-20 06:00:00,6,554,-3.78160000,55.86650085,7.16640043,50.00000000
0.00000000,2023-02-20 06:00:00,6,555,-1.55400002,55.11149979,8.19622517,50.00000000
0.00000000,2023-02-20 06:00:00,6,556,-1.02670002,53.07249832,5.42650032,50.00000000
0.00000000,2023-02-20 06:00:00,6,557,-1.26220000,52.62960052,5.29540110,50.00000000
0.00000000,2023-02-20 06:00:00,6,558,-1.09909999,52.29539871,5.12359905,50.00000000
0.00000000,2023-02-20 06:00:00,6,559,0.13020000,53.23989868,5.91596985,50.00000000
0.00000000,2023-02-20 06:00:00,6,560,1.48810005,52.29629898,5.26581478,50.00000000
0.00000000,2023-02-20 06:00:00,6,561,-5.15780020,50.28260040,2.30114579,50.00000000
0.00000000,2023-02-20 06:00:00,6,562,-0.52859998,54.15100098,8.17379665,50.00000000
0.00000000,2023-02-20 06:00:00,6,563,-1.33109999,53.61569977,5.83926439,50.00000000
0.00000000,2023-02-20 06:00:00,6,564,-1.75940001,55.49969864,7.58233929,50.00000000
0.00000000,2023-02-20 06:00:00,6,565,0.91769999,51.71799850,5.18934584,50.00000000
0.00000000,2023-02-20 06:00:00,6,566,-0.86699998,53.66770172,5.96991014,50.00000000
0.00000000,2023-02-20 06:00:00,6,567,-3.47399998,52.95550156,6.12664032,50.00000000
0.00000000,2023-02-20 06:00:00,6,568,-0.02360000,52.53390121,5.95275307,50.00000000
0.00000000,2023-02-20 06:00:00,6,569,-5.20289993,50.04479980,2.24785352,50.00000000
0.00000000,2023-02-20 06:00:00,6,570,-4.38700008,50.49850082,1.83895111,50.00000000
0.00000000,2023-02-20 06:00:00,6,571,-1.43869996,54.77970123,6.84430027,50.00000000
0.00000000,2023-02-20 06:00:00,6,572,-3.16939998,54.77379990,6.68022108,50.00000000
0.00000000,2023-02-20 06:00:00,6,573,-1.41540003,54.83050156,7.13716364,50.00000000
0.00000000,2023-02-20 06:00:00,6,574,-1.23800004,53.31159973,4.31200886,50.00000000
0.00000000,2023-02-20 06:00:00,6,575,-2.84759998,53.89820099,5.31710577,50.00000000
0.00000000,2023-02-20 06:00:00,6,576,-0.12070000,52.46210098,5.86729813,50.00000000
0.00000000,2023-02-20 06:00:00,6,577,-5.14060020,50.17559814,2.00189734,50.00000000
0.00000000,2023-02-20 06:00:00,6,578,-0.60329998,53.84799957,6.02044010,50.00000000
0.00000000,2023-02-20 06:00:00,6,579,-1.40680003,54.83259964,7.32678461,50.00000000
0.00000000,2023-02-20 06:00:00,6,580,-4.86259985,50.47930145,2.64301538,50.00000000
0.00000000,2023-02-20 06:00:00,6,581,-0.17160000,52.55659866,5.57373667,50.00000000
0.00000000,2023-02-20 06:00:00,6,582,1.12559998,52.33349991,5.24890852,50.00000000
0.00000000,2023-02-20 06:00:00,6,583,-4.16900015,58.51559830,7.75785589,50.00000000
0.00000000,2023-02-20 06:00:00,6,584,-9.24090004,53.28689957,4.95700788,50.00000000
0.00000000,2023-02-20 06:00:00,6,599,-0.75239998,53.60390091,5.83986998,50.00000000
0.00000000,2023-02-20 06:00:00,6,600,-7.10750008,53.99940109,5.29000711,50.00000000
0.00000000,2023-02-20 06:00:00,6,601,-9.12129974,52.40119934,5.99344683,50.00000000
0.00000000,2023-02-20 06:00:00,6,602,-0.85299999,53.11800003,5.15214586,50.00000000
0.00000000,2023-02-20 06:00:00,6,603,-0.83730000,53.17060089,5.21706867,50.00000000
0.00000000,2023-02-20 06:00:00,6,604,-0.52700001,53.99390030,7.35373688,50.00000000
0.00000000,2023-02-20 06:00:00,6,605,-0.16450000,53.86849976,6.45180082,50.00000000
0.00000000,2023-02-20 06:00:00,6,606,-0.16689999,53.56069946,5.97836494,50.00000000
0.00000000,2023-02-20 06:00:00,6,607,-1.06060004,53.08919907,4.66812086,50.00000000
0.00000000,2023-02-20 06:00:00,6,608,-0.78869998,53.84889984,4.97487116,50.00000000
0.00000000,2023-02-20 06:00:00,6,609,-0.77130002,53.75770187,5.60170841,50.00000000
0.00000000,2023-02-20 06:00:00,6,610,-0.80629998,53.81200027,5.19421816,50.00000000
0.00000000,2023-02-20 06:00:00,6,611,-1.37450004,54.79449844,7.41596270,50.00000000
0.00000000,2023-02-20 06:00:00,6,612,-1.61629999,54.55540085,5.57434082,50.00000000
0.00000000,2023-02-20 06:00:00,6,613,-1.74839997,54.84970093,8.16126633,50.00000000
0.00000000,2023-02-20 06:00:00,6,614,-6.04860020,54.82949829,4.97660542,50.00000000
0.00000000,2023-02-20 06:00:00,6,615,-3.97930002,55.66830063,7.67433596,50.00000000
0.00000000,2023-02-20 06:00:00,6,616,-3.65459991,55.78350067,6.78952646,50.00000000
0.00000000,2023-02-20 06:00:00,6,617,-3.89890003,55.91859818,5.23814869,50.00000000
0.00000000,2023-02-20 06:00:00,6,618,-2.95760012,56.38629913,3.90387201,50.00000000
0.00000000,2023-02-20 06:00:00,6,619,-3.98469996,55.66609955,7.74422455,50.00000000
0.00000000,2023-02-20 06:00:00,6,620,-4.61049986,50.68650055,3.35478711,50.00000000
0.00000000,2023-02-20 06:00:00,6,621,-4.69540024,50.47900009,2.02697062,50.00000000
0.00000000,2023-02-20 06:00:00,6,622,-4.44939995,50.43600082,2.00563979,50.00000000
0.00000000,2023-02-20 06:00:00,6,623,-4.40500021,50.82910156,3.26901913,50.00000000
0.00000000,2023-02-20 06:00:00,6,624,-4.34740019,50.85219955,3.58635759,50.00000000
0.00000000,2023-02-20 06:00:00,6,625,-4.36770010,50.39989853,1.62852478,50.00000000
0.00000000,2023-02-20 06:00:00,6,626,-5.00780010,51.72380066,4.84170055,50.00000000
0.00000000,2023-02-20 06:00:00,6,627,-5.05819988,51.72520065,4.79116583,50.00000000
0.00000000,2023-02-20 06:00:00,6,628,-3.33520007,51.77149963,3.10011411,50.00000000
0.00000000,2023-02-20 06:00:00,6,629,-1.25109994,52.47409821,5.22578669,50.00000000
0.00000000,2023-02-20 06:00:00,6,630,0.19589999,51.47900009,3.67534876,50.00000000
0.00000000,2023-02-20 06:00:00,6,631,-0.14749999,52.29809952,5.61897326,50.00000000
0.00000000,2023-02-20 06:00:00,6,632,-1.27719998,52.17890167,4.83070183,50.00000000
0.00000000,2023-02-20 06:00:00,6,633,9.97739983,53.56019974,6.34624815,50.00000000
0.00000000,2023-02-20 06:00:00,6,634,-3.28299999,53.98300171,7.74170017,50.00000000
0.00000000,2023-02-20 06:00:00,6,635,-4.53299999,53.25000000,5.47133398,50.00000000
0.00000000,2023-02-20 06:00:00,6,636,1.88300002,51.93000031,7.65941000,50.00000000
0.00000000,2023-02-20 06:00:00,6,637,0.43610001,53.12749863,6.43725586,50.00000000
0.00000000,2023-02-20 06:00:00,6,638,-2.98609996,53.17449951,4.13113070,50.00000000
0.00000000,2023-02-20 06:00:00,6,639,-2.57579994,51.52140045,4.68236208,50.00000000
0.00000000,2023-02-20 06:00:00,6,640,-1.53149998,54.29679871,3.27840972,50.00000000
0.00000000,2023-02-20 06:00:00,6,641,-3.40000010,51.40999985,4.43417263,50.00000000
0.00000000,2023-02-20 06:00:00,6,642,-5.28240013,56.37990189,3.31057787,50.00000000
0.00000000,2023-02-20 06:00:00,6,643,-4.45749998,57.72290039,11.19500923,50.00000000
0.00000000,2023-02-20 06:00:00,6,644,-4.17030001,55.28559875,9.64920712,50.00000000
0.00000000,2023-02-20 06:00:00,6,645,-4.74550009,55.24089813,5.43032122,50.00000000
0.00000000,2023-02-20 06:00:00,6,646,-4.13780022,55.57619858,8.23583603,50.00000000
0.00000000,2023-02-20 06:00:00,6,647,-0.24969999,52.06000137,4.89516068,50.00000000
0.00000000,2023-02-20 06:00:00,6,648,-6.82639980,55.10089874,5.84999561,50.00000000
0.00000000,2023-02-20 06:00:00,6,649,0.73439997,52.62860107,5.30233145,50.00000000
0.00000000,2023-02-20 06:00:00,6,650,1.11099994,52.69160080,5.43456125,50.00000000
0.00000000,2023-02-20 06:00:00,6,651,-3.86730003,56.03099823,2.15142679,50.00000000
0.00000000,2023-02-20 06:00:00,6,652,-3.73720002,55.87189865,6.40888166,50.00000000
0.00000000,2023-02-20 06:00:00,6,653,7.98859978,50.41059875,3.71782231,50.00000000
0.00000000,2023-02-20 06:00:00,6,654,8.79790020,53.43439865,6.87552214,50.00000000
0.00000000,2023-02-20 06:00:00,6,656,-4.77740002,54.90499878,4.21823168,50.00000000
0.00000000,2023-02-20 06:00:00,6,660,-7.25880003,54.91419983,7.78719234,50.00000000
0.00000000,2023-02-20 06:00:00,6,661,4.41900015,52.60599899,10.26165009,50.00000000
0.00000000,2023-02-20 06:00:00,6,662,2.96900010,51.55599976,8.57948971,50.00000000
0.00000000,2023-02-20 06:00:00,6,663,4.23099995,51.51300049,4.91750765,50.00000000
0.00000000,2023-02-20 06:00:00,6,664,4.36339998,51.23199844,3.70852327,50.00000000
0.00000000,2023-02-20 06:00:00,6,665,-2.02889991,55.63339996,6.10499191,50.00000000
0.00000000,2023-02-20 06:00:00,6,666,-1.16610003,54.59099960,5.02589417,50.00000000
0.00000000,2023-02-20 06:00:00,6,667,-2.99119997,53.39709854,2.04304314,50.00000000
0.00000000,2023-02-20 06:00:00,6,668,9.27079964,54.74729919,8.46996117,50.00000000
0.00000000,2023-02-20 06:00:00,6,669,9.49880028,54.11940002,8.57475185,50.00000000
0.00000000,2023-02-20 06:00:00,6,670,9.45499992,54.38510132,8.50473022,50.00000000
0.00000000,2023-02-20 06:00:00,6,671,2.28909993,48.83190155,0.40488237,50.00000000
0.00000000,2023-02-20 06:00:00,6,672,-6.22730017,54.87889862,4.00613451,50.00000000
0.00000000,2023-02-20 06:00:00,6,673,0.23840000,53.31999969,5.44622469,50.00000000
0.00000000,2023-02-20 06:00:00,6,674,-2.71289992,51.50870132,4.76302242,50.00000000
0.00000000,2023-02-20 06:00:00,6,675,-3.10220003,51.50579834,4.49641800,50.00000000
0.00000000,2023-02-20 06:00:00,6,676,0.16480000,51.51599884,3.66231370,50.00000000
0.00000000,2023-02-20 06:00:00,6,677,-1.03460002,52.80879974,5.90259695,50.00000000
0.00000000,2023-02-20 06:00:00,6,678,-2.89829993,56.48519897,3.14225888,50.00000000
0.00000000,2023-02-20 06:00:00,6,679,-4.16559982,55.73749924,6.27922344,50.00000000
0.00000000,2023-02-20 06:00:00,6,680,0.08340000,53.43299866,5.08864784,50.00000000
0.00000000,2023-02-20 06:00:00,6,681,-4.27379990,50.92399979,3.61738706,50.00000000
0.00000000,2023-02-20 06:00:00,6,682,-0.98559999,51.41870117,3.96006227,50.00000000
0.00000000,2023-02-20 06:00:00,6,683,-2.26780009,51.70209885,5.32082081,50.00000000
0.00000000,2023-02-20 06:00:00,6,684,-2.58240008,51.25450134,4.50368929,50.00000000
0.00000000,2023-02-20 06:00:00,6,685,1.65439999,52.70999908,5.63297653,50.00000000
0.00000000,2023-02-20 06:00:00,6,686,0.68339998,52.65679932,5.50823832,50.00000000
0.00000000,2023-02-20 06:00:00,6,687,-1.08829999,53.29539871,4.14000034,50.00000000
0.00000000,2023-02-20 06:00:00,6,688,-1.96519995,51.71490097,4.84528255,50.00000000
0.00000000,2023-02-20 06:00:00,6,689,-0.16960000,51.15340042,3.10391212,50.00000000
0.00000000,2023-02-20 06:00:00,6,690,-0.61919999,51.18209839,3.25182152,50.00000000
0.00000000,2023-02-20 06:00:00,6,691,-0.20020001,51.79690170,4.16638231,50.00000000
0.00000000,2023-02-20 06:00:00,6,692,-0.23980001,51.52460098,3.17590332,50.00000000
0.00000000,2023-02-20 06:00:00,6,693,-0.05280000,51.47980118,3.38291836,50.00000000
0.00000000,2023-02-20 06:00:00,6,694,-1.33910000,52.06330109,4.73165607,50.00000000
0.00000000,2023-02-20 06:00:00,6,695,-1.23800004,51.74980164,4.07585526,50.00000000
0.00000000,2023-02-20 06:00:00,6,696,-0.97369999,51.45370102,3.96593714,50.00000000
0.00000000,2023-02-20 06:00:00,6,697,-1.73389995,51.41830063,4.24070454,50.00000000
0.00000000,2023-02-20 06:00:00,6,698,-0.81169999,51.81549835,4.84132147,50.00000000
0.00000000,2023-02-20 06:00:00,6,699,-1.09119999,51.26490021,3.99454045,50.00000000
0.00000000,2023-02-20 06:00:00,6,700,-1.72220004,51.92729950,5.52860117,50.00000000
0.00000000,2023-02-20 06:00:00,6,701,-0.08010000,51.65290070,3.59892344,50.00000000
0.00000000,2023-02-20 06:00:00,6,702,0.15400000,51.86380005,4.60795546,50.00000000
0.00000000,2023-02-20 06:00:00,6,703,-0.19210000,51.45500183,3.33781481,50.00000000
0.00000000,2023-02-20 06:00:00,6,704,-0.00120000,51.54100037,3.10934567,50.00000000
0.00000000,2023-02-20 06:00:00,6,705,0.09630000,51.37110138,3.74706388,50.00000000
0.00000000,2023-02-20 06:00:00,6,706,-0.48690000,51.37469864,3.34519267,50.00000000
0.00000000,2023-02-20 06:00:00,6,707,-0.55620003,51.59320068,4.10488319,50.00000000
0.00000000,2023-02-20 06:00:00,6,708,-4.21579981,55.31679916,5.92377090,50.00000000
0.00000000,2023-02-20 06:00:00,6,709,-0.23330000,53.73740005,5.84099817,50.00000000
0.00000000,2023-02-20 06:00:00,6,710,-2.30890012,53.23659897,4.39588785,50.00000000
0.00000000,2023-02-20 06:00:00,6,711,0.03740000,52.16699982,5.29770088,50.00000000
0.00000000,2023-02-20 06:00:00,6,712,-1.09249997,53.59080124,5.09464025,50.00000000
0.00000000,2023-02-20 06:00:00,6,713,-3.37910008,54.75249863,6.61831760,50.00000000
0.00000000,2023-02-20 06:00:00,6,714,-1.16120005,52.38130188,5.19502735,50.00000000
0.00000000,2023-02-20 06:00:00,6,715,8.79790020,53.43439865,6.87552214,50.00000000
0.00000000,2023-02-20 06:00:00,6,717,9.27079964,54.74729919,8.46996117,50.00000000
0.00000000,2023-02-20 06:00:00,6,718,9.49880028,54.11940002,8.57475185,50.00000000
0.00000000,2023-02-20 06:00:00,6,719,9.45499992,54.38510132,8.50473022,50.00000000
0.00000000,2023-02-20 06:00:00,6,720,0.29300001,53.64400101,6.00583982,50.00000000
0.00000000,2023-02-20 06:00:00,6,721,-4.25000000,55.84899902,3.21631455,50.00000000
0.00000000,2023-02-20 06:00:00,6,722,-0.21170001,51.48749924,3.27297497,50.00000000
0.00000000,2023-02-20 06:00:00,6,723,-3.36899996,55.94110107,4.60483456,50.00000000
0.00000000,2023-02-20 06:00:00,6,724,0.00850000,51.76179886,3.58129048,50.00000000
0.00000000,2023-02-20 06:00:00,6,725,-0.22890000,50.82920074,2.86370659,50.00000000
0.00000000,2023-02-20 06:00:00,6,726,-0.10610000,50.81169891,3.26770091,50.00000000
0.00000000,2023-02-20 06:00:00,6,727,0.00970000,51.49729919,3.35361147,50.00000000
0.00000000,2023-02-20 06:00:00,6,728,-0.19560000,52.55099869,5.39580774,50.00000000
0.00000000,2023-02-20 06:00:00,6,729,-3.18829989,55.95330048,5.08628654,50.00000000
0.00000000,2023-02-20 06:00:00,6,730,-4.94430017,58.27909851,8.01376438,50.00000000
0.00000000,2023-02-20 06:00:00,6,731,-4.99009991,56.98339844,2.80912352,50.00000000
0.00000000,2023-02-20 06:00:00,6,732,-4.41639996,57.18410110,4.52563095,50.00000000
0.00000000,2023-02-20 06:00:00,6,733,-5.49510002,56.68759918,1.52791810,50.00000000
0.00000000,2023-02-20 06:00:00,6,734,-3.69169998,53.45080185,8.14463997,50.00000000
0.00000000,2023-02-20 06:00:00,6,735,-3.46210003,53.35210037,4.25988007,50.00000000
0.00000000,2023-02-20 06:00:00,6,736,9.98610020,53.56079865,6.28897524,50.00000000
0.00000000,2023-02-20 06:00:00,6,737,9.99110031,53.63029861,6.22457981,50.00000000
0.00000000,2023-02-20 06:00:00,6,738,-3.69709992,51.66019821,3.23090506,50.00000000
0.00000000,2023-02-20 06:00:00,6,739,-3.60019994,51.67219925,3.92259312,50.00000000
0.00000000,2023-02-20 06:00:00,6,740,-2.14170003,53.70199966,7.26437950,50.00000000
0.00000000,2023-02-20 06:00:00,6,741,-2.05180001,53.80059814,7.04742241,50.00000000
0.00000000,2023-02-20 06:00:00,6,742,-2.01370001,53.74179840,5.23621988,50.00000000
0.00000000,2023-02-20 06:00:00,6,743,-1.78639996,53.70119858,5.57791901,50.00000000
0.00000000,2023-02-20 06:00:00,6,744,-1.92019999,53.79399872,9.12473965,50.00000000
0.00000000,2023-02-20 06:00:00,6,745,-1.90799999,53.77700043,8.23953915,50.00000000
0.00000000,2023-02-20 06:00:00,6,746,-2.98000002,58.99750137,12.27053642,50.00000000
0.00000000,2023-02-20 06:00:00,6,747,-4.34469986,57.80709839,13.49004936,50.00000000
0.00000000,2023-02-20 06:00:00,6,748,-6.51539993,58.23249817,6.43539667,50.00000000
0.00000000,2023-02-20 06:00:00,6,749,-2.00130010,57.61529922,5.75558996,50.00000000
0.00000000,2023-02-20 06:00:00,6,750,-6.18599987,55.68960190,6.21395826,50.00000000
0.00000000,2023-02-20 06:00:00,6,751,-4.44350004,55.76620102,6.57930803,50.00000000
0.00000000,2023-02-20 06:00:00,6,752,-0.94160002,54.54449844,6.78666592,50.00000000
0.00000000,2023-02-20 06:00:00,6,753,-1.07410002,52.79980087,5.73239565,50.00000000
0.00000000,2023-02-20 06:00:00,6,754,-4.52110004,51.75809860,3.99027658,50.00000000
0.00000000,2023-02-20 06:00:00,6,755,-4.70389986,50.63779831,2.92367125,50.00000000
0.00000000,2023-02-20 06:00:00,6,756,-3.66910005,58.56570053,9.07388401,50.00000000
0.00000000,2023-02-20 06:00:00,6,757,-4.23290014,51.97809982,3.79409742,50.00000000
0.00000000,2023-02-20 06:00:00,6,758,-3.55180001,57.48410034,5.38072443,50.00000000
0.00000000,2023-02-20 06:00:00,6,759,-3.83550000,55.50839996,7.20450926,50.00000000
0.00000000,2023-02-20 06:00:00,6,760,9.64319992,50.32720184,4.54364157,50.00000000
0.00000000,2023-02-20 06:00:00,6,761,8.13059998,49.62099838,5.16386461,50.00000000
0.00000000,2023-02-20 06:00:00,6,763,-3.62389994,53.43730164,8.09342957,50.00000000
0.00000000,2023-02-20 06:00:00,6,764,-3.54069996,53.46569824,8.12053013,50.00000000
0.00000000,2023-02-20 06:00:00,6,765,8.16810036,53.83509827,14.17255974,50.00000000
0.00000000,2023-02-20 06:00:00,6,766,5.87200022,54.31800079,13.21345997,50.00000000
0.00000000,2023-02-20 06:00:00,6,768,-1.46070004,51.21569824,3.28541708,50.00000000
0.00000000,2023-02-20 06:00:00,6,769,-2.68740010,51.50320053,4.76302242,50.00000000
0.00000000,2023-02-20 06:00:00,6,770,-0.18990000,51.13610077,3.16169167,50.00000000
0.00000000,2023-02-20 06:00:00,6,771,0.14399999,51.51900101,3.45813441,50.00000000
0.00000000,2023-02-20 06:00:00,6,772,0.24640000,51.46310043,3.68460679,50.00000000
0.00000000,2023-02-20 06:00:00,6,773,-1.62829995,52.59329987,5.14859295,50.00000000
0.00000000,2023-02-20 06:00:00,6,774,-0.02160000,51.67689896,3.33201385,50.00000000
0.00000000,2023-02-20 06:00:00,6,775,-0.24320000,51.76229858,4.22305489,50.00000000
0.00000000,2023-02-20 06:00:00,6,776,-2.86310005,53.48270035,4.15916634,50.00000000
0.00000000,2023-02-20 06:00:00,6,777,-1.65310001,53.74110031,6.44876957,50.00000000
0.00000000,2023-02-20 06:00:00,6,778,-2.20420003,53.35409927,4.26094913,50.00000000
0.00000000,2023-02-20 06:00:00,6,779,-0.73009998,52.06869888,4.85870409,50.00000000
0.00000000,2023-02-20 06:00:00,6,780,-1.52160001,51.63690186,5.24611235,50.00000000
0.00000000,2023-02-20 06:00:00,6,781,-0.21220000,52.57130051,5.30283689,50.00000000
0.00000000,2023-02-20 06:00:00,6,782,-0.38490000,51.55690002,3.60992265,50.00000000
0.00000000,2023-02-20 06:00:00,6,783,-1.43589997,53.40520096,2.84231281,50.00000000
0.00000000,2023-02-20 06:00:00,6,784,-0.48410001,51.34709930,3.29038787,50.00000000
0.00000000,2023-02-20 06:00:00,6,785,-0.19110000,51.43590164,3.39230084,50.00000000
0.00000000,2023-02-20 06:00:00,6,786,-3.17910004,51.48160172,4.08695936,50.00000000
0.00000000,2023-02-20 06:00:00,6,787,-0.33669999,53.74570084,5.12492847,50.00000000
0.00000000,2023-02-20 06:00:00,6,788,1.14699996,53.13499832,8.63127995,50.00000000
0.00000000,2023-02-20 06:00:00,6,789,-3.83800006,52.42699814,3.76464200,50.00000000
0.00000000,2023-02-20 06:00:00,6,790,-1.97969997,52.99509811,4.96397972,50.00000000
0.00000000,2023-02-20 06:00:00,6,791,0.03450000,51.62760162,3.61794448,50.00000000
0.00000000,2023-02-20 06:00:00,6,792,-3.28169990,53.29339981,4.72971535,50.00000000
0.00000000,2023-02-20 06:00:00,6,793,-1.91040003,53.48020172,5.57506227,50.00000000
0.00000000,2023-02-20 06:00:00,6,794,-2.21770000,53.86980057,6.00776052,50.00000000
0.00000000,2023-02-20 06:00:00,6,795,-1.02810001,52.09149933,4.31001616,50.00000000
0.00000000,2023-02-20 06:00:00,6,796,0.26240000,52.39950180,5.72634268,50.00000000
0.00000000,2023-02-20 06:00:00,6,797,-2.24259996,53.48080063,3.60790062,50.00000000
0.00000000,2023-02-20 06:00:00,6,798,-0.00720000,51.54309845,3.09663224,50.00000000
0.00000000,2023-02-20 06:00:00,6,799,-0.22130001,51.50749969,3.07840776,50.00000000
0.00000000,2023-02-20 06:00:00,6,800,-4.18470001,50.38589859,1.43308222,50.00000000
0.00000000,2023-02-20 06:00:00,6,801,-2.08360004,55.16989899,6.40303278,50.00000000
0.00000000,2023-02-20 06:00:00,6,802,-2.97709990,57.35879898,5.54282951,50.00000000
0.00000000,2023-02-20 06:00:00,6,803,-4.53049994,51.75770187,4.11518383,50.00000000
0.00000000,2023-02-20 06:00:00,6,804,-1.16299999,52.41889954,5.18587637,50.00000000
0.00000000,2023-02-20 06:00:00,6,805,-6.41169977,57.44409943,3.34754229,50.00000000
0.00000000,2023-02-20 06:00:00,6,806,-3.26329994,53.31990051,4.59009457,50.00000000
0.00000000,2023-02-20 06:00:00,6,807,-1.84539998,51.54850006,5.42061567,50.00000000
0.00000000,2023-02-20 06:00:00,6,808,-3.29999995,58.29999924,7.08101606,50.00000000
0.00000000,2023-02-20 06:00:00,6,809,-4.80000019,57.59999847,6.37225723,50.00000000
0.00000000,2023-02-20 06:00:00,6,810,-4.09999990,57.40000153,4.32301569,50.00000000
0.00000000,2023-02-20 06:00:00,6,811,-1.89289999,52.99000168,4.06887722,50.00000000
0.00000000,2023-02-20 06:00:00,6,812,-1.87419999,52.98580170,4.31286430,50.00000000
0.00000000,2023-02-20 06:00:00,6,813,-1.89289999,52.99000168,3.15671372,50.00000000
0.00000000,2023-02-20 06:00:00,6,814,-2.80040002,54.04999924,5.18306828,50.00000000
0.00000000,2023-02-20 06:00:00,6,815,-2.91750002,54.89429855,6.15021276,50.00000000
0.00000000,2023-02-20 06:00:00,6,816,-2.02629995,53.74140167,5.29349375,50.00000000
0.00000000,2023-02-20 06:00:00,6,817,-4.48390007,54.96049881,3.12257218,50.00000000
0.00000000,2023-02-20 06:00:00,6,818,-2.74469995,54.32989883,4.37604809,50.00000000
0.00000000,2023-02-20 06:00:00,6,819,-2.80349994,54.04729843,5.27790022,50.00000000
0.00000000,2023-02-20 06:00:00,6,820,-4.48260021,54.95880127,3.03316903,50.00000000
0.00000000,2023-02-20 06:00:00,6,821,-1.07840002,53.82770157,5.15255213,50.00000000
0.00000000,2023-02-20 06:00:00,6,822,-3.14849997,51.47629929,4.08818436,50.00000000
0.00000000,2023-02-20 06:00:00,6,823,-5.76000023,54.72000122,5.12373257,50.00000000
0.00000000,2023-02-20 06:00:00,6,824,-5.78999996,54.84000015,3.39460087,50.00000000
0.00000000,2023-02-20 06:00:00,6,825,-2.43449998,55.79700089,7.00336218,50.00000000
0.00000000,2023-02-20 06:00:00,6,826,0.30430001,52.15729904,4.96111822,50.00000000
0.00000000,2023-02-20 06:00:00,6,827,-4.77500010,54.94139862,4.33020926,50.00000000
0.00000000,2023-02-20 06:00:00,6,830,-3.64409995,51.76699829,3.92737174,50.00000000
0.00000000,2023-02-20 06:00:00,6,831,-3.67170000,51.76100159,4.82912397,50.00000000
0.00000000,2023-02-20 06:00:00,6,832,-3.51279998,51.70700073,5.82646132,50.00000000
0.00000000,2023-02-20 06:00:00,6,833,-3.49729991,51.60910034,4.93506813,50.00000000
0.00000000,2023-02-20 06:00:00,6,834,-3.51799989,51.61690140,5.85001945,50.00000000
0.00000000,2023-02-20 06:00:00,6,835,-0.10840000,51.55490112,3.36068296,50.00000000
0.00000000,2023-02-20 06:00:00,6,836,-0.28470001,51.71110153,4.18164062,50.00000000
0.00000000,2023-02-20 06:00:00,6,837,-0.02400000,51.54349899,3.10788155,50.00000000
0.00000000,2023-02-20 06:00:00,6,838,-3.01810002,56.18220139,3.83583403,50.00000000
0.00000000,2023-02-20 06:00:00,6,839,-4.81669998,57.13330078,5.43333578,50.00000000
0.00000000,2023-02-20 06:00:00,6,840,-9.31079960,51.93859863,4.89303255,50.00000000
0.00000000,2023-02-20 06:00:00,6,841,-3.51320004,54.56850052,5.28827095,50.00000000
0.00000000,2023-02-20 06:00:00,6,842,-3.91459990,55.55749893,9.94548321,50.00000000
0.00000000,2023-02-20 06:00:00,6,843,-4.12779999,58.04800034,6.20990181,50.00000000
0.00000000,2023-02-20 06:00:00,6,844,1.61730003,52.21080017,5.35102320,50.00000000
0.00000000,2023-02-20 06:00:00,6,845,-4.48280001,53.41619873,5.77010632,50.00000000
0.00000000,2023-02-20 06:00:00,6,846,-0.24500000,51.53219986,3.28722358,50.00000000
0.00000000,2023-02-20 06:00:00,6,847,-2.43330002,53.08959961,3.97965264,50.00000000
0.00000000,2023-02-20 06:00:00,6,848,-2.49480009,51.69269943,4.09283686,50.00000000
0.00000000,2023-02-20 06:00:00,6,849,-3.50070000,54.41920090,3.41389918,50.00000000
0.00000000,2023-02-20 06:00:00,6,850,-3.22679996,55.01440048,4.82056808,50.00000000
0.00000000,2023-02-20 06:00:00,6,851,-2.96009994,54.90869904,6.21348381,50.00000000
0.00000000,2023-02-20 06:00:00,6,852,-3.75259995,58.57759857,9.28977394,50.00000000
0.00000000,2023-02-20 06:00:00,6,853,1.25849998,52.10129929,4.81112003,50.00000000
0.00000000,2023-02-20 06:00:00,6,854,0.37320000,52.61080170,5.48117065,50.00000000
0.00000000,2023-02-20 06:00:00,6,855,-0.69650000,53.22460175,5.00248337,50.00000000
0.00000000,2023-02-20 06:00:00,6,856,-0.22950000,53.15340042,5.84964752,50.00000000
0.00000000,2023-02-20 06:00:00,6,857,-0.04550000,52.93939972,6.17955256,50.00000000
0.00000000,2023-02-20 06:00:00,6,858,-0.68390000,53.37060165,5.19959497,50.00000000
0.00000000,2023-02-20 06:00:00,6,859,-0.73449999,52.35900116,5.35235214,50.00000000
0.00000000,2023-02-20 06:00:00,6,860,-0.87540001,51.96910095,4.77165318,50.00000000
0.00000000,2023-02-20 06:00:00,6,861,-0.24320000,52.28810120,5.26817369,50.00000000
0.00000000,2023-02-20 06:00:00,6,862,-0.29789999,52.19219971,5.13438034,50.00000000
0.00000000,2023-02-20 06:00:00,6,863,-0.81120002,52.43569946,4.85582352,50.00000000
0.00000000,2023-02-20 06:00:00,6,864,0.57499999,51.51100159,4.36199427,50.00000000
0.00000000,2023-02-20 06:00:00,6,865,0.70929998,51.55550003,4.21638584,50.00000000
0.00000000,2023-02-20 06:00:00,6,866,0.15490000,52.23339844,5.14287901,50.00000000
0.00000000,2023-02-20 06:00:00,6,867,0.04020000,53.39039993,5.10249996,50.00000000
0.00000000,2023-02-20 06:00:00,6,868,1.73450005,52.46810150,5.08659649,50.00000000
0.00000000,2023-02-20 06:00:00,6,869,0.32049999,51.69110107,4.51165056,50.00000000
0.00000000,2023-02-20 06:00:00,6,870,0.87760001,51.94440079,4.94701242,50.00000000
0.00000000,2023-02-20 06:00:00,6,871,-0.60549998,52.61380005,5.06007195,50.00000000
0.00000000,2023-02-20 06:00:00,6,872,1.29859996,52.69010162,5.22535467,50.00000000
0.00000000,2023-02-20 06:00:00,6,873,0.99210000,52.19620132,4.96328449,50.00000000
0.00000000,2023-02-20 06:00:00,6,874,1.16489995,51.84640121,4.76403666,50.00000000
0.00000000,2023-02-20 06:00:00,6,875,0.80140001,52.56940079,5.16849709,50.00000000
0.00000000,2023-02-20 06:00:00,6,876,-0.45870000,52.47940063,5.35416460,50.00000000
0.00000000,2023-02-20 06:00:00,6,877,-0.24770001,52.51580048,5.49392366,50.00000000
0.00000000,2023-02-20 06:00:00,6,878,-0.27230000,51.97729874,4.45497417,50.00000000
0.00000000,2023-02-20 06:00:00,6,879,1.26250005,52.26979828,5.19215059,50.00000000
0.00000000,2023-02-20 06:00:00,6,880,1.72389996,52.60639954,5.38971615,50.00000000
0.00000000,2023-02-20 06:00:00,6,881,-0.06550000,53.57550049,5.42065001,50.00000000
0.00000000,2023-02-20 06:00:00,6,882,-0.00900000,53.54389954,5.46230078,50.00000000
0.00000000,2023-02-20 06:00:00,6,883,5.49079990,59.75320053,4.82337379,50.00000000
0.00000000,2023-02-20 06:00:00,6,884,5.49079990,59.75320053,4.82337379,50.00000000
0.00000000,2023-02-20 06:00:00,6,885,5.49079990,59.75320053,4.82337379,50.00000000
0.00000000,2023-02-20 06:00:00,6,886,5.49079990,59.75320053,4.82337379,50.00000000
0.00000000,2023-02-20 06:00:00,6,887,5.49079990,59.75320053,4.82337379,50.00000000
0.00000000,2023-02-20 06:00:00,6,888,5.49079990,59.75320053,4.82337379,50.00000000
0.00000000,2023-02-20 06:00:00,6,889,5.49079990,59.75320053,4.82337379,50.00000000
0.00000000,2023-02-20 06:00:00,6,890,5.49079990,59.75320053,4.82337379,50.00000000
0.00000000,2023-02-20 06:00:00,6,891,5.49079990,59.75320053,4.82337379,50.00000000
0.00000000,2023-02-20 06:00:00,6,892,5.49079990,59.75320053,4.82337379,50.00000000
0.00000000,2023-02-20 06:00:00,6,893,5.49079990,59.75320053,4.82337379,50.00000000
0.00000000,2023-02-20 06:00:00,6,894,5.49079990,59.75320053,4.82337379,50.00000000
0.00000000,2023-02-20 06:00:00,6,895,5.49079990,59.75320053,4.82337379,50.00000000
0.00000000,2023-02-20 06:00:00,6,896,5.49079990,59.75320053,4.82337379,50.00000000
0.00000000,2023-02-20 06:00:00,6,897,5.49079990,59.75320053,4.82337379,50.00000000
0.00000000,2023-02-20 06:00:00,6,898,5.49079990,59.75320053,4.82337379,50.00000000
0.00000000,2023-02-20 06:00:00,6,899,5.48330021,59.71670151,5.87926245,50.00000000
0.00000000,2023-02-20 06:00:00,6,900,5.58330011,59.71670151,4.32919502,50.00000000
0.00000000,2023-02-20 06:00:00,6,901,-0.53509998,51.54830170,4.05082512,50.00000000
0.00000000,2023-02-20 06:00:00,6,902,-0.09020000,51.50529861,3.13498688,50.00000000
0.00000000,2023-02-20 06:00:00,6,903,-0.09880000,51.51390076,3.31858349,50.00000000
0.00000000,2023-02-20 06:00:00,6,904,-1.59920001,51.20980072,3.95765114,50.00000000
0.00000000,2023-02-20 06:00:00,6,905,-3.73320007,56.70380020,1.59328854,50.00000000
0.00000000,2023-02-20 06:00:00,6,906,-1.36090004,51.84220123,4.52249908,50.00000000
0.00000000,2023-02-20 06:00:00,6,907,-2.40330005,56.83890152,3.80563116,50.00000000
0.00000000,2023-02-20 06:00:00,6,908,-3.21790004,58.35910034,8.01819706,50.00000000
0.00000000,2023-02-20 06:00:00,6,909,-4.00080013,57.41379929,5.14815521,50.00000000
0.00000000,2023-02-20 06:00:00,6,910,-4.80670023,57.66130066,7.98730040,50.00000000
0.00000000,2023-02-20 06:00:00,6,911,-2.14170003,50.70399857,2.06465554,50.00000000
0.00000000,2023-02-20 06:00:00,6,912,-1.71430004,51.59090042,5.14049244,50.00000000
0.00000000,2023-02-20 06:00:00,6,913,-1.02359998,51.40670013,4.03613615,50.00000000
0.00000000,2023-02-20 06:00:00,6,914,-3.36669993,57.53329849,6.73588991,50.00000000
0.00000000,2023-02-20 06:00:00,6,915,-3.37140012,57.53720093,7.04823780,50.00000000
0.00000000,2023-02-20 06:00:00,6,916,-3.47609997,57.44609833,6.80460739,50.00000000
0.00000000,2023-02-20 06:00:00,6,917,-2.46670008,56.95000076,2.38675952,50.00000000
0.00000000,2023-02-20 06:00:00,6,918,-2.50000000,55.93330002,7.75661039,50.00000000
0.00000000,2023-02-20 06:00:00,6,919,-2.51309991,55.89500046,7.64006853,50.00000000
0.00000000,2023-02-20 06:00:00,6,920,-2.54999995,55.90560150,6.74969959,50.00000000
0.00000000,2023-02-20 06:00:00,6,921,-4.11670017,55.23329926,4.68649435,50.00000000
0.00000000,2023-02-20 06:00:00,6,923,6.71000004,58.15829849,7.67210197,50.00000000
0.00000000,2023-02-20 06:00:00,6,924,-1.89549994,52.98720169,4.01756239,50.00000000
0.00000000,2023-02-20 06:00:00,6,925,-0.44610000,51.47980118,3.70796394,50.00000000
0.00000000,2023-02-20 06:00:00,6,926,-2.57969999,51.45159912,4.13713503,50.00000000
0.00000000,2023-02-20 06:00:00,6,927,-3.17000008,51.47620010,4.08077908,50.00000000
0.00000000,2023-02-20 06:00:00,6,928,-1.06649995,52.95529938,5.04223967,50.00000000
0.00000000,2023-02-20 06:00:00,6,929,-2.97810006,53.40679932,3.15046906,50.00000000
0.00000000,2023-02-20 06:00:00,6,930,-1.61609995,54.97129822,7.34056044,50.00000000
0.00000000,2023-02-20 06:00:00,6,931,-9.60789967,51.39730072,4.17227173,50.00000000
0.00000000,2023-02-20 06:00:00,6,932,-6.41760015,49.87860107,2.94406009,50.00000000
0.00000000,2023-02-20 06:00:00,6,933,-6.30229998,49.98199844,3.17012000,50.00000000
0.00000000,2023-02-20 06:00:00,6,934,-1.30009997,50.76710129,3.13384008,50.00000000
0.00000000,2023-02-20 06:00:00,6,935,-4.15360022,50.35430145,1.87172997,50.00000000
0.00000000,2023-02-20 06:00:00,6,936,-2.45659995,50.51250076,3.62113404,50.00000000
0.00000000,2023-02-20 06:00:00,6,937,-5.72160006,50.06579971,2.61004162,50.00000000
0.00000000,2023-02-20 06:00:00,6,938,-5.20669985,49.95399857,2.32148194,50.00000000
0.00000000,2023-02-20 06:00:00,6,939,-8.91170025,51.05849838,5.13574982,50.00000000
0.00000000,2023-02-20 06:00:00,6,940,-8.05039978,50.74789810,4.89603996,50.00000000
0.00000000,2023-02-20 06:00:00,6,941,-7.34410000,50.37310028,3.69320011,50.00000000
0.00000000,2023-02-20 06:00:00,6,942,-2.98609996,50.35319901,3.88706994,50.00000000
0.00000000,2023-02-20 06:00:00,6,943,-3.63669991,50.22150040,3.27335238,50.00000000
0.00000000,2023-02-20 06:00:00,6,944,-5.87109995,54.56499863,4.58235312,50.00000000
0.00000000,2023-02-20 06:00:00,6,945,-6.47989988,54.89950180,3.05460835,50.00000000
0.00000000,2023-02-20 06:00:00,6,946,-7.28870010,55.00519943,4.66582155,50.00000000
0.00000000,2023-02-20 06:00:00,6,947,-7.65810013,54.46960068,3.79421997,50.00000000
0.00000000,2023-02-20 06:00:00,6,948,-6.42080021,54.18700027,5.04832411,50.00000000
0.00000000,2023-02-20 06:00:00,6,949,-4.97679996,55.08100128,4.26486731,50.00000000
0.00000000,2023-02-20 06:00:00,6,950,-2.73790002,53.34640121,3.88379717,50.00000000
0.00000000,2023-02-20 06:00:00,6,951,-4.09140015,56.06990051,4.18644381,50.00000000
0.00000000,2023-02-20 06:00:00,6,952,-4.19180012,55.68149948,6.21332788,50.00000000
0.00000000,2023-02-20 06:00:00,6,953,-4.87860012,57.12799835,6.31847143,50.00000000
0.00000000,2023-02-20 06:00:00,6,954,-4.04220009,58.05369949,8.99032211,50.00000000
0.00000000,2023-02-20 06:00:00,6,955,-4.81059980,55.23210144,7.23389387,50.00000000
0.00000000,2023-02-20 06:00:00,6,956,-3.95350003,55.57820129,9.15506935,50.00000000
0.00000000,2023-02-20 06:00:00,6,957,-3.21050000,55.96490097,4.83510256,50.00000000
0.00000000,2023-02-20 06:00:00,6,958,-3.21300006,55.96540070,4.78278780,50.00000000
0.00000000,2023-02-20 06:00:00,6,959,-0.15840000,51.50640106,3.22254109,50.00000000
0.00000000,2023-02-20 06:00:00,6,960,-0.16000000,51.50939941,3.22254109,50.00000000
0.00000000,2023-02-20 06:00:00,6,961,-0.15820000,51.50849915,3.22254109,50.00000000
0.00000000,2023-02-20 06:00:00,6,962,-0.15770000,51.50770187,3.21670341,50.00000000
0.00000000,2023-02-20 06:00:00,6,963,-0.15730000,51.50749969,3.21087646,50.00000000
0.00000000,2023-02-20 06:00:00,6,964,0.70160002,51.54899979,4.22403765,50.00000000
0.00000000,2023-02-20 06:00:00,6,965,0.72229999,51.55569839,4.26942158,50.00000000
0.00000000,2023-02-20 06:00:00,6,966,-6.15299988,55.18059921,5.07320452,50.00000000
0.00000000,2023-02-20 06:00:00,6,967,-6.22529984,54.66370010,4.31136227,50.00000000
0.00000000,2023-02-20 06:00:00,6,968,-6.94920015,55.16040039,5.11909866,50.00000000
0.00000000,2023-02-20 06:00:00,6,969,-7.57749987,54.70709991,4.85467434,50.00000000
0.00000000,2023-02-20 06:00:00,6,970,-7.64489985,54.39559937,3.39821887,50.00000000
0.00000000,2023-02-20 06:00:00,6,971,-5.58409977,54.67369843,5.74616575,50.00000000
0.00000000,2023-02-20 06:00:00,6,972,-6.50530005,54.23720169,5.81942463,50.00000000
0.00000000,2023-02-20 06:00:00,6,973,-7.07359982,54.63660049,5.62131691,50.00000000
0.00000000,2023-02-20 06:00:00,6,974,2.09489989,51.96969986,8.31299973,50.00000000
0.00000000,2023-02-20 06:00:00,6,975,2.00600004,51.74449921,8.32639980,50.00000000
0.00000000,2023-02-20 06:00:00,6,976,-4.21019983,51.97589874,3.49617577,50.00000000
0.00000000,2023-02-20 06:00:00,6,977,-3.18400002,51.48410034,4.05742645,50.00000000
0.00000000,2023-02-20 06:00:00,6,978,-3.18560004,51.48540115,4.06478977,50.00000000
0.00000000,2023-02-20 06:00:00,6,979,-0.33530000,51.40090179,3.48693347,50.00000000
0.00000000,2023-02-20 06:00:00,6,980,-0.33070001,51.40090179,3.48693347,50.00000000
0.00000000,2023-02-20 06:00:00,6,981,-0.33120000,51.40319824,3.43265295,50.00000000
0.00000000,2023-02-20 06:00:00,6,982,-1.61420000,53.22280121,3.15021849,50.00000000
0.00000000,2023-02-20 06:00:00,6,983,-1.61520004,53.22579956,3.15021849,50.00000000
0.00000000,2023-02-20 06:00:00,6,984,-1.61730003,53.22470093,3.82912397,50.00000000
0.00000000,2023-02-20 06:00:00,6,985,-2.37639999,53.33340073,4.33932686,50.00000000
0.00000000,2023-02-20 06:00:00,6,986,-2.37890005,53.33129883,4.30797005,50.00000000
0.00000000,2023-02-20 06:00:00,6,987,-2.37949991,53.33290100,4.36299467,50.00000000
0.00000000,2023-02-20 06:00:00,6,988,-0.15490000,51.48540115,3.22801805,50.00000000
0.00000000,2023-02-20 06:00:00,6,989,-0.15590000,51.48770142,3.25151420,50.00000000
0.00000000,2023-02-20 06:00:00,6,990,-0.15889999,51.51330185,3.24011707,50.00000000
0.00000000,2023-02-20 06:00:00,6,991,-0.11320000,51.48369980,3.46008253,50.00000000
0.00000000,2023-02-20 06:00:00,6,992,-0.14929999,51.45800018,3.43750000,50.00000000
0.00000000,2023-02-20 06:00:00,6,993,-0.19260000,51.48180008,3.22741842,50.00000000
0.00000000,2023-02-20 06:00:00,6,994,-5.47559977,50.20890045,2.28757215,50.00000000
0.00000000,2023-02-20 06:00:00,6,995,-5.00190020,57.14419937,3.89089441,50.00000000
0.00000000,2023-02-20 06:00:00,6,996,-4.19350004,56.69940186,1.69102514,50.00000000
0.00000000,2023-02-20 06:00:00,6,997,-4.76539993,56.26100159,2.18620825,50.00000000
0.00000000,2023-02-20 06:00:00,6,998,-4.54050016,51.76050186,4.13013363,50.00000000
0.00000000,2023-02-20 06:00:00,6,999,-4.70450020,50.63610077,2.88156962,50.00000000
0.00000000,2023-02-20 06:00:00,6,1210,6.11019993,62.56039810,13.71127033,50.00000000
0.00000000,2023-02-20 06:00:00,6,1311,5.21810007,60.29339981,3.64375758,50.00000000
0.00000000,2023-02-20 06:00:00,6,1338,6.64690018,61.17110062,3.50311780,50.00000000
0.00000000,2023-02-20 06:00:00,6,1364,8.21700001,60.51699829,3.80317569,50.00000000
0.00000000,2023-02-20 06:00:00,6,1384,11.08300018,60.20000076,0.74421155,50.00000000
0.00000000,2023-02-20 06:00:00,6,1397,12.27169991,61.29420090,0.20324439,50.00000000
0.00000000,2023-02-20 06:00:00,6,1400,3.20000005,56.50000000,8.81104851,50.00000000
0.00000000,2023-02-20 06:00:00,6,1415,5.63789988,58.87680054,6.67111588,50.00000000
0.00000000,2023-02-20 06:00:00,6,1427,6.61000013,58.11700058,6.72448397,50.00000000
0.00000000,2023-02-20 06:00:00,6,1447,8.19919968,59.49689865,3.19411922,50.00000000
0.00000000,2023-02-20 06:00:00,6,1452,8.08300018,58.20000076,5.74032879,50.00000000
0.00000000,2023-02-20 06:00:00,6,1483,10.25860023,59.18669891,3.48622251,50.00000000
0.00000000,2023-02-20 06:00:00,6,1488,10.61670017,59.88330078,1.98876369,50.00000000
0.00000000,2023-02-20 06:00:00,6,1492,10.71700001,59.95000076,0.61550689,50.00000000
0.00000000,2023-02-20 06:00:00,6,2407,13.70720005,60.67639923,1.70834827,50.00000000
0.00000000,2023-02-20 06:00:00,6,2512,11.88329983,57.78329849,6.60688114,50.00000000
0.00000000,2023-02-20 06:00:00,6,2513,12.00000000,57.70000076,6.03129959,50.00000000
0.00000000,2023-02-20 06:00:00,6,3002,-0.85399997,60.74900055,15.70893860,50.00000000
0.00000000,2023-02-20 06:00:00,6,3003,-1.29799998,59.87900162,17.27358246,50.00000000
0.00000000,2023-02-20 06:00:00,6,3005,-1.18299997,60.13899994,16.63051796,50.00000000
0.00000000,2023-02-20 06:00:00,6,3006,-1.27699995,60.44699860,14.63207912,50.00000000
0.00000000,2023-02-20 06:00:00,6,3008,-1.62800002,59.52700043,14.49022388,50.00000000
0.00000000,2023-02-20 06:00:00,6,3010,-4.40399981,59.08300018,16.44659042,50.00000000
0.00000000,2023-02-20 06:00:00,6,3011,-5.82999992,59.12400055,17.15479660,50.00000000
0.00000000,2023-02-20 06:00:00,6,3014,-2.06299996,60.11100006,20.41989326,50.00000000
0.00000000,2023-02-20 06:00:00,6,3017,-2.90000010,58.95399857,12.29534721,50.00000000
0.00000000,2023-02-20 06:00:00,6,3022,-7.38299990,57.47499847,3.30781460,50.00000000
0.00000000,2023-02-20 06:00:00,6,3023,-7.39699984,57.35800171,3.32476544,50.00000000
0.00000000,2023-02-20 06:00:00,6,3026,-6.32499981,58.21400070,5.28441191,50.00000000
0.00000000,2023-02-20 06:00:00,6,3031,-4.89599991,57.72499847,7.06755638,50.00000000
0.00000000,2023-02-20 06:00:00,6,3034,-5.63600016,57.85900116,5.80485392,50.00000000
0.00000000,2023-02-20 06:00:00,6,3035,-7.44890022,57.02569962,3.36683011,50.00000000
0.00000000,2023-02-20 06:00:00,6,3037,-5.80900002,57.25699997,3.61255169,50.00000000
0.00000000,2023-02-20 06:00:00,6,3039,-5.68900013,57.41749954,9.18655396,50.00000000
0.00000000,2023-02-20 06:00:00,6,3041,-4.96999979,56.82199860,11.46060085,50.00000000
0.00000000,2023-02-20 06:00:00,6,3044,-4.44199991,58.28799820,3.05487204,50.00000000
0.00000000,2023-02-20 06:00:00,6,3047,-4.70800018,56.86700058,3.24963880,50.00000000
0.00000000,2023-02-20 06:00:00,6,3055,-3.38499999,58.87400055,10.16979599,50.00000000
0.00000000,2023-02-20 06:00:00,6,3062,-3.96600008,57.81900024,5.02803230,50.00000000
0.00000000,2023-02-20 06:00:00,6,3063,-3.82699990,57.20600128,3.87178493,50.00000000
0.00000000,2023-02-20 06:00:00,6,3065,-3.64199996,57.11600113,13.51882458,50.00000000
0.00000000,2023-02-20 06:00:00,6,3066,-3.56060004,57.64939880,5.12325668,50.00000000
0.00000000,2023-02-20 06:00:00,6,3068,-3.32200003,57.71200180,6.16282988,50.00000000
0.00000000,2023-02-20 06:00:00,6,3070,-3.34400010,57.35400009,3.78146458,50.00000000
0.00000000,2023-02-20 06:00:00,6,3072,-3.42000008,56.87900162,6.32004738,50.00000000
0.00000000,2023-02-20 06:00:00,6,3075,-3.08899999,58.45399857,7.73647308,50.00000000
0.00000000,2023-02-20 06:00:00,6,3080,-2.83599997,57.07699966,1.54121792,50.00000000
0.00000000,2023-02-20 06:00:00,6,3081,-3.39700007,57.00600052,3.51866865,50.00000000
0.00000000,2023-02-20 06:00:00,6,3088,-2.26399994,56.85200119,3.15617371,50.00000000
0.00000000,2023-02-20 06:00:00,6,3091,-2.20199990,57.20600128,4.20913363,50.00000000
0.00000000,2023-02-20 06:00:00,6,3092,-1.77300000,57.50299835,4.86574364,50.00000000
0.00000000,2023-02-20 06:00:00,6,3094,-2.12100005,57.69800186,9.83078861,50.00000000
0.00000000,2023-02-20 06:00:00,6,3100,-6.88700008,56.49700165,0.96888679,50.00000000
0.00000000,2023-02-20 06:00:00,6,3105,-6.25600004,55.68099976,5.79237318,50.00000000
0.00000000,2023-02-20 06:00:00,6,3111,-5.69899988,55.44100189,6.71463680,50.00000000
0.00000000,2023-02-20 06:00:00,6,3114,-5.47499990,56.40999985,1.14636064,50.00000000
0.00000000,2023-02-20 06:00:00,6,3116,-5.00099993,56.40999985,1.44985425,50.00000000
0.00000000,2023-02-20 06:00:00,6,3120,-5.30600023,55.70600128,6.47163296,50.00000000
0.00000000,2023-02-20 06:00:00,6,3130,-4.93599987,54.85900116,3.90613389,50.00000000
0.00000000,2023-02-20 06:00:00,6,3132,-4.93599987,54.85900116,3.90613389,50.00000000
0.00000000,2023-02-20 06:00:00,6,3134,-4.53299999,55.90700150,2.98882556,50.00000000
0.00000000,2023-02-20 06:00:00,6,3136,-4.58500004,55.51499939,5.97672987,50.00000000
0.00000000,2023-02-20 06:00:00,6,3138,-4.79400015,55.96200180,3.08774495,50.00000000
0.00000000,2023-02-20 06:00:00,6,3139,-4.22599983,55.60100174,7.00199080,50.00000000
0.00000000,2023-02-20 06:00:00,6,3140,-4.43330002,55.86669922,3.51834583,50.00000000
0.00000000,2023-02-20 06:00:00,6,3144,-3.72900009,56.32600021,2.41394782,50.00000000
0.00000000,2023-02-20 06:00:00,6,3148,-4.32000017,56.42300034,4.13421965,50.00000000
0.00000000,2023-02-20 06:00:00,6,3152,-3.87500000,55.86199951,6.63132381,50.00000000
0.00000000,2023-02-20 06:00:00,6,3153,-4.00799990,54.80300140,4.28007412,50.00000000
0.00000000,2023-02-20 06:00:00,6,3154,-3.64400005,55.05400085,3.61496449,50.00000000
0.00000000,2023-02-20 06:00:00,6,3155,-3.73499990,55.62699890,7.41934156,50.00000000
0.00000000,2023-02-20 06:00:00,6,3158,-2.38299990,55.70899963,6.20069218,50.00000000
0.00000000,2023-02-20 06:00:00,6,3160,-3.34699988,55.95100021,4.64798737,50.00000000
0.00000000,2023-02-20 06:00:00,6,3162,-3.20600009,55.31100082,2.32537365,50.00000000
0.00000000,2023-02-20 06:00:00,6,3166,-3.34299994,55.92800140,4.83909178,50.00000000
0.00000000,2023-02-20 06:00:00,6,3171,-2.86199999,56.37699890,3.47747827,50.00000000
0.00000000,2023-02-20 06:00:00,6,3173,-3.18799996,55.92300034,5.54127693,50.00000000
0.00000000,2023-02-20 06:00:00,6,3174,-2.58500004,56.27899933,4.33668566,50.00000000
0.00000000,2023-02-20 06:00:00,6,3176,-2.51699996,55.35900116,5.93956232,50.00000000
0.00000000,2023-02-20 06:00:00,6,3188,-2.03200006,55.75400162,6.43408537,50.00000000
0.00000000,2023-02-20 06:00:00,6,3204,-4.63210011,54.08489990,5.86164522,50.00000000
0.00000000,2023-02-20 06:00:00,6,3210,-3.61500001,54.51810074,4.55203772,50.00000000
0.00000000,2023-02-20 06:00:00,6,3212,-3.15700006,54.61399841,3.60755706,50.00000000
0.00000000,2023-02-20 06:00:00,6,3213,-3.40700006,54.32500076,5.09975290,50.00000000
0.00000000,2023-02-20 06:00:00,6,3214,-3.25699997,54.12500000,5.58202076,50.00000000
0.00000000,2023-02-20 06:00:00,6,3220,-2.96300006,54.93299866,6.40145206,50.00000000
0.00000000,2023-02-20 06:00:00,6,3224,-2.55299997,55.04999924,6.07301140,50.00000000
0.00000000,2023-02-20 06:00:00,6,3225,-2.68400002,54.50099945,4.68884897,50.00000000
0.00000000,2023-02-20 06:00:00,6,3226,-2.41300011,54.57199860,2.66196680,50.00000000
0.00000000,2023-02-20 06:00:00,6,3227,-2.45000005,54.68399811,10.69145107,50.00000000
0.00000000,2023-02-20 06:00:00,6,3230,-2.27900004,55.28499985,5.00841761,50.00000000
0.00000000,2023-02-20 06:00:00,6,3235,-2.08899999,54.82099915,10.11024475,50.00000000
0.00000000,2023-02-20 06:00:00,6,3238,-1.88000000,55.02000046,8.73553753,50.00000000
0.00000000,2023-02-20 06:00:00,6,3240,-1.60000002,55.42100143,6.14294720,50.00000000
0.00000000,2023-02-20 06:00:00,6,3246,-1.59700000,54.97700119,7.38810158,50.00000000
0.00000000,2023-02-20 06:00:00,6,3257,-1.52999997,54.29600143,3.27247119,50.00000000
0.00000000,2023-02-20 06:00:00,6,3261,-1.41400003,54.13399887,3.93622398,50.00000000
0.00000000,2023-02-20 06:00:00,6,3262,-1.41499996,55.01800156,9.04560566,50.00000000
0.00000000,2023-02-20 06:00:00,6,3265,-1.38999999,54.20399857,3.67765141,50.00000000
0.00000000,2023-02-20 06:00:00,6,3266,-1.25000000,54.04499817,3.53088760,50.00000000
0.00000000,2023-02-20 06:00:00,6,3275,-0.86299998,54.56299973,7.76219749,50.00000000
0.00000000,2023-02-20 06:00:00,6,3281,-0.67299998,54.36199951,6.55564022,50.00000000
0.00000000,2023-02-20 06:00:00,6,3292,-0.17399999,54.09400177,5.99082422,50.00000000
0.00000000,2023-02-20 06:00:00,6,3301,-4.37599993,53.25999832,5.28833532,50.00000000
0.00000000,2023-02-20 06:00:00,6,3302,-4.53700018,53.25199890,5.47133398,50.00000000
0.00000000,2023-02-20 06:00:00,6,3305,-3.94099998,53.09299850,4.52566051,50.00000000
0.00000000,2023-02-20 06:00:00,6,3308,-4.07700014,53.06800079,11.40239239,50.00000000
0.00000000,2023-02-20 06:00:00,6,3313,-3.50900006,53.25899887,3.57357335,50.00000000
0.00000000,2023-02-20 06:00:00,6,3316,-3.05599999,53.49700165,4.34650946,50.00000000
0.00000000,2023-02-20 06:00:00,6,3318,-3.03699994,53.77600098,5.28571320,50.00000000
0.00000000,2023-02-20 06:00:00,6,3321,-2.98600006,53.17399979,4.10127831,50.00000000
0.00000000,2023-02-20 06:00:00,6,3330,-1.97990000,53.12760162,4.96602821,50.00000000
0.00000000,2023-02-20 06:00:00,6,3334,-2.27900004,53.35599899,4.27214432,50.00000000
0.00000000,2023-02-20 06:00:00,6,3339,-2.02900004,53.96699905,6.77656937,50.00000000
0.00000000,2023-02-20 06:00:00,6,3344,-1.86500001,53.81100082,7.35867023,50.00000000
0.00000000,2023-02-20 06:00:00,6,3345,-1.66400003,53.61299896,7.86048269,50.00000000
0.00000000,2023-02-20 06:00:00,6,3346,-1.66700006,53.61700058,7.97532940,50.00000000
0.00000000,2023-02-20 06:00:00,6,3347,-1.55999994,53.79999924,5.25062275,50.00000000
0.00000000,2023-02-20 06:00:00,6,3348,-2.15400004,53.34000015,4.24243546,50.00000000
0.00000000,2023-02-20 06:00:00,6,3350,-1.58200002,53.43299866,8.33181381,50.00000000
0.00000000,2023-02-20 06:00:00,6,3351,-2.38050008,53.35979843,4.17175007,50.00000000
0.00000000,2023-02-20 06:00:00,6,3354,-1.25000000,53.00500107,4.88271904,50.00000000
0.00000000,2023-02-20 06:00:00,6,3355,-1.19700003,53.83599854,5.16512442,50.00000000
0.00000000,2023-02-20 06:00:00,6,3373,-0.54600000,53.30699921,5.53701162,50.00000000
0.00000000,2023-02-20 06:00:00,6,3377,-0.52100003,53.17499924,5.26982975,50.00000000
0.00000000,2023-02-20 06:00:00,6,3379,-0.50199997,53.03099823,6.11860800,50.00000000
0.00000000,2023-02-20 06:00:00,6,3382,-0.43300000,53.86700058,6.10987234,50.00000000
0.00000000,2023-02-20 06:00:00,6,3384,-0.44000000,53.87400055,6.10987234,50.00000000
0.00000000,2023-02-20 06:00:00,6,3385,0.15400000,53.47299957,5.69847870,50.00000000
0.00000000,2023-02-20 06:00:00,6,3391,-0.17100000,53.09400177,6.01557159,50.00000000
0.00000000,2023-02-20 06:00:00,6,3392,0.27399999,53.08800125,6.16885281,50.00000000
0.00000000,2023-02-20 06:00:00,6,3402,-4.63800001,52.82300186,6.35569954,50.00000000
0.00000000,2023-02-20 06:00:00,6,3403,-4.08199978,52.99499893,2.43459940,50.00000000
0.00000000,2023-02-20 06:00:00,6,3405,-4.74200010,52.78900146,7.23840523,50.00000000
0.00000000,2023-02-20 06:00:00,6,3407,-4.12400007,52.80199814,4.25535488,50.00000000
0.00000000,2023-02-20 06:00:00,6,3409,-3.58299994,52.91699982,3.31046939,50.00000000
0.00000000,2023-02-20 06:00:00,6,3410,-3.46399999,52.75699997,4.37932587,50.00000000
0.00000000,2023-02-20 06:00:00,6,3414,-2.66300011,52.79399872,5.26027775,50.00000000
0.00000000,2023-02-20 06:00:00,6,3453,-0.65399998,52.72700119,5.99519205,50.00000000
0.00000000,2023-02-20 06:00:00,6,3462,-0.45899999,52.61109924,5.52637482,50.00000000
0.00000000,2023-02-20 06:00:00,6,3469,0.14100000,52.87300110,6.29215240,50.00000000
0.00000000,2023-02-20 06:00:00,6,3482,0.56900001,52.65100098,5.12968826,50.00000000
0.00000000,2023-02-20 06:00:00,6,3488,1.12699997,52.94900131,7.46772623,50.00000000
0.00000000,2023-02-20 06:00:00,6,3492,1.30200005,52.62500000,4.99953079,50.00000000
0.00000000,2023-02-20 06:00:00,6,3495,1.35599995,52.75600052,5.34823370,50.00000000
0.00000000,2023-02-20 06:00:00,6,3496,1.69299996,52.68600082,5.65743399,50.00000000
0.00000000,2023-02-20 06:00:00,6,3497,1.75000000,52.56700134,6.04763079,50.00000000
0.00000000,2023-02-20 06:00:00,6,3501,-4.00099993,52.41699982,4.11583710,50.00000000
0.00000000,2023-02-20 06:00:00,6,3502,-4.57100010,52.13899994,5.07710886,50.00000000
0.00000000,2023-02-20 06:00:00,6,3503,-3.94700003,52.34400177,2.57538795,50.00000000
0.00000000,2023-02-20 06:00:00,6,3507,-3.61400008,52.06299973,3.41671658,50.00000000
0.00000000,2023-02-20 06:00:00,6,3520,-2.88499999,52.24200058,2.95842934,50.00000000
0.00000000,2023-02-20 06:00:00,6,3522,-2.79999995,52.08300018,2.99254346,50.00000000
0.00000000,2023-02-20 06:00:00,6,3527,-2.30500007,52.12099838,4.10622263,50.00000000
0.00000000,2023-02-20 06:00:00,6,3529,-2.03999996,52.14799881,4.25551796,50.00000000
0.00000000,2023-02-20 06:00:00,6,3534,-1.74100006,52.45199966,4.24883509,50.00000000
0.00000000,2023-02-20 06:00:00,6,3535,-1.68900001,52.47999954,4.39634895,50.00000000
0.00000000,2023-02-20 06:00:00,6,3544,-1.33000004,52.35800171,5.27247143,50.00000000
0.00000000,2023-02-20 06:00:00,6,3559,-0.42100000,52.10400009,5.08509922,50.00000000
0.00000000,2023-02-20 06:00:00,6,3560,-0.46399999,52.22499847,5.46853781,50.00000000
0.00000000,2023-02-20 06:00:00,6,3566,-0.11400000,52.35300064,5.76328325,50.00000000
0.00000000,2023-02-20 06:00:00,6,3583,0.56110001,52.40940094,5.14374399,50.00000000
0.00000000,2023-02-20 06:00:00,6,3586,0.77399999,52.34000015,5.27610302,50.00000000
0.00000000,2023-02-20 06:00:00,6,3590,0.96100003,52.12300110,5.20814800,50.00000000
0.00000000,2023-02-20 06:00:00,6,3604,-5.05499983,51.70800018,4.94376516,50.00000000
0.00000000,2023-02-20 06:00:00,6,3605,-4.36800003,51.71300125,4.66239023,50.00000000
0.00000000,2023-02-20 06:00:00,6,3609,-3.98099995,51.56499863,4.52516937,50.00000000
0.00000000,2023-02-20 06:00:00,6,3628,-2.57599998,51.52099991,4.68236208,50.00000000
0.00000000,2023-02-20 06:00:00,6,3629,-2.71600008,51.50600052,4.94086027,50.00000000
0.00000000,2023-02-20 06:00:00,6,3647,-1.69200003,51.86000061,5.19854259,50.00000000
0.00000000,2023-02-20 06:00:00,6,3649,-1.57599998,51.75799942,5.22208834,50.00000000
0.00000000,2023-02-20 06:00:00,6,3658,-1.09700000,51.61999893,3.95813894,50.00000000
0.00000000,2023-02-20 06:00:00,6,3660,-0.80199999,51.68000031,4.19517040,50.00000000
0.00000000,2023-02-20 06:00:00,6,3670,-0.40000001,51.61690140,3.92544770,50.00000000
0.00000000,2023-02-20 06:00:00,6,3672,-0.41499999,51.54800034,3.65442181,50.00000000
0.00000000,2023-02-20 06:00:00,6,3680,-0.36019999,51.80670166,4.63949347,50.00000000
0.00000000,2023-02-20 06:00:00,6,3683,0.22499999,51.88000107,4.77500200,50.00000000
0.00000000,2023-02-20 06:00:00,6,3684,0.45300001,51.89599991,5.13814020,50.00000000
0.00000000,2023-02-20 06:00:00,6,3693,0.82999998,51.55400085,4.54038477,50.00000000
0.00000000,2023-02-20 06:00:00,6,3696,1.28299999,51.85400009,5.12409115,50.00000000
0.00000000,2023-02-20 06:00:00,6,3705,-4.22100019,51.11800003,3.68620992,50.00000000
0.00000000,2023-02-20 06:00:00,6,3707,-4.14900017,51.08900070,3.64989138,50.00000000
0.00000000,2023-02-20 06:00:00,6,3710,-3.60800004,51.08700180,4.11086845,50.00000000
0.00000000,2023-02-20 06:00:00,6,3715,-3.34299994,51.40000153,4.59759712,50.00000000
0.00000000,2023-02-20 06:00:00,6,3716,-3.44000006,51.40499878,4.67476368,50.00000000
0.00000000,2023-02-20 06:00:00,6,3717,-3.17799997,51.47800064,4.39437723,50.00000000
0.00000000,2023-02-20 06:00:00,6,3726,-2.59999990,51.46670151,4.25217915,50.00000000
0.00000000,2023-02-20 06:00:00,6,3740,-1.99240005,51.50310135,4.74110985,50.00000000
0.00000000,2023-02-20 06:00:00,6,3743,-1.80499995,51.20100021,3.54707789,50.00000000
0.00000000,2023-02-20 06:00:00,6,3746,-1.75399995,51.16099930,3.39605451,50.00000000
0.00000000,2023-02-20 06:00:00,6,3749,-1.57000005,51.14899826,3.32064462,50.00000000
0.00000000,2023-02-20 06:00:00,6,3761,-0.94400001,51.23799896,3.99717617,50.00000000
0.00000000,2023-02-20 06:00:00,6,3763,-0.78399998,51.38999939,3.60944629,50.00000000
0.00000000,2023-02-20 06:00:00,6,3768,-0.77200001,51.27899933,3.56579041,50.00000000
0.00000000,2023-02-20 06:00:00,6,3769,-0.23330000,51.15000153,3.03478527,50.00000000
0.00000000,2023-02-20 06:00:00,6,3770,-0.13110000,51.50490189,3.16656566,50.00000000
0.00000000,2023-02-20 06:00:00,6,3772,-0.44900000,51.47900009,3.70796394,50.00000000
0.00000000,2023-02-20 06:00:00,6,3776,-0.19100000,51.15100098,3.24585390,50.00000000
0.00000000,2023-02-20 06:00:00,6,3779,-0.10800000,51.52099991,3.34273934,50.00000000
0.00000000,2023-02-20 06:00:00,6,3780,-0.13500001,51.21500015,3.25154972,50.00000000
0.00000000,2023-02-20 06:00:00,6,3781,-0.09000000,51.30300140,3.60865641,50.00000000
0.00000000,2023-02-20 06:00:00,6,3784,0.31400001,51.46400070,3.74625206,50.00000000
0.00000000,2023-02-20 06:00:00,6,3791,0.74699998,51.44499969,4.45527935,50.00000000
0.00000000,2023-02-20 06:00:00,6,3796,1.34800005,51.13299942,4.09636021,50.00000000
0.00000000,2023-02-20 06:00:00,6,3797,1.34609997,51.34220123,4.23632383,50.00000000
0.00000000,2023-02-20 06:00:00,6,3803,-6.30100012,49.91299820,3.10368800,50.00000000
0.00000000,2023-02-20 06:00:00,6,3808,-5.32999992,50.21799850,2.20882297,50.00000000
0.00000000,2023-02-20 06:00:00,6,3809,-5.25699997,50.08499908,2.26829338,50.00000000
0.00000000,2023-02-20 06:00:00,6,3810,-5.04699993,50.14500046,1.93262494,50.00000000
0.00000000,2023-02-20 06:00:00,6,3815,-5.20200014,49.95999908,2.37769532,50.00000000
0.00000000,2023-02-20 06:00:00,6,3817,-4.99900007,50.43799973,2.43651938,50.00000000
0.00000000,2023-02-20 06:00:00,6,3820,-4.62200022,50.64099884,3.49357176,50.00000000
0.00000000,2023-02-20 06:00:00,6,3823,-4.66699982,50.50199890,2.18170881,50.00000000
0.00000000,2023-02-20 06:00:00,6,3827,-4.12099981,50.35400009,2.00396705,50.00000000
0.00000000,2023-02-20 06:00:00,6,3830,-3.98600006,50.93199921,3.50658488,50.00000000
0.00000000,2023-02-20 06:00:00,6,3831,-4.00799990,50.54899979,4.34407139,50.00000000
0.00000000,2023-02-20 06:00:00,6,3837,-3.50900006,50.39699936,2.27467561,50.00000000
0.00000000,2023-02-20 06:00:00,6,3839,-3.40499997,50.73699951,1.63607311,50.00000000
0.00000000,2023-02-20 06:00:00,6,3840,-3.23900008,50.86000061,2.69153523,50.00000000
0.00000000,2023-02-20 06:00:00,6,3844,-3.40459991,50.73659897,1.63607311,50.00000000
0.00000000,2023-02-20 06:00:00,6,3853,-2.64000010,51.00600052,2.80815482,50.00000000
0.00000000,2023-02-20 06:00:00,6,3857,-2.45400000,50.52199936,3.82722974,50.00000000
0.00000000,2023-02-20 06:00:00,6,3858,-2.44899988,50.56499863,2.98803878,50.00000000
0.00000000,2023-02-20 06:00:00,6,3862,-1.83500004,50.77899933,2.01564980,50.00000000
0.00000000,2023-02-20 06:00:00,6,3865,-1.40300000,50.90100098,2.12454081,50.00000000
0.00000000,2023-02-20 06:00:00,6,3866,-1.29700005,50.57699966,3.04417229,50.00000000
0.00000000,2023-02-20 06:00:00,6,3872,-0.92299998,50.81499863,3.22579026,50.00000000
0.00000000,2023-02-20 06:00:00,6,3874,-1.20799994,50.80699921,2.91290641,50.00000000
0.00000000,2023-02-20 06:00:00,6,3876,-0.29200000,50.83599854,2.96195889,50.00000000
0.00000000,2023-02-20 06:00:00,6,3882,0.31900001,50.88999939,3.19938254,50.00000000
0.00000000,2023-02-20 06:00:00,6,3894,-2.59999990,49.43999863,1.34071004,50.00000000
0.00000000,2023-02-20 06:00:00,6,3895,-2.19549990,49.20790100,1.03274059,50.00000000
0.00000000,2023-02-20 06:00:00,6,3896,-2.09999990,49.20000076,0.85065901,50.00000000
0.00000000,2023-02-20 06:00:00,6,3901,-7.59410000,54.32949829,3.26143980,50.00000000
0.00000000,2023-02-20 06:00:00,6,3903,-7.65000010,54.40000153,3.39821887,50.00000000
0.00000000,2023-02-20 06:00:00,6,3904,-7.57700014,54.70700073,4.85467434,50.00000000
0.00000000,2023-02-20 06:00:00,6,3907,-6.94920015,55.16040039,5.11909866,50.00000000
0.00000000,2023-02-20 06:00:00,6,3908,-7.00799990,55.05699921,4.01803160,50.00000000
0.00000000,2023-02-20 06:00:00,6,3911,-6.81400013,54.72100067,5.13186455,50.00000000
0.00000000,2023-02-20 06:00:00,6,3914,-6.65500021,55.20800018,5.19679308,50.00000000
0.00000000,2023-02-20 06:00:00,6,3915,-6.45699978,54.86500168,3.19001317,50.00000000
0.00000000,2023-02-20 06:00:00,6,3916,-6.15299988,55.18099976,5.07320452,50.00000000
0.00000000,2023-02-20 06:00:00,6,3917,-6.22399998,54.66400146,4.31136227,50.00000000
0.00000000,2023-02-20 06:00:00,6,3923,-6.50199986,54.23699951,5.81942463,50.00000000
0.00000000,2023-02-20 06:00:00,6,3927,-5.66699982,54.66400146,4.11930847,50.00000000
0.00000000,2023-02-20 06:00:00,6,3928,-5.82999992,54.85200119,4.16315222,50.00000000
0.00000000,2023-02-20 06:00:00,6,3930,-2.55929995,51.55139923,4.85916424,50.00000000
0.00000000,2023-02-20 06:00:00,6,3931,1.16400003,52.45619965,5.46527863,50.00000000
0.00000000,2023-02-20 06:00:00,6,3952,-8.25000000,51.79899979,3.00205731,50.00000000
0.00000000,2023-02-20 06:00:00,6,3953,-10.25000000,51.93299866,3.20425105,50.00000000
0.00000000,2023-02-20 06:00:00,6,3955,-8.49110031,51.84130096,4.16391087,50.00000000
0.00000000,2023-02-20 06:00:00,6,3956,-6.50000000,52.29999924,4.09407997,50.00000000
0.00000000,2023-02-20 06:00:00,6,3957,-6.33300018,52.25000000,6.30533981,50.00000000
0.00000000,2023-02-20 06:00:00,6,3958,-8.27519989,52.13800049,2.37567210,50.00000000
0.00000000,2023-02-20 06:00:00,6,3960,-7.26599979,52.66600037,2.78473639,50.00000000
0.00000000,2023-02-20 06:00:00,6,3961,-6.91699982,52.86700058,1.36634374,50.00000000
0.00000000,2023-02-20 06:00:00,6,3962,-8.91600037,52.69900131,4.09290123,50.00000000
0.00000000,2023-02-20 06:00:00,6,3965,-7.88299990,53.08300018,4.27083635,50.00000000
0.00000000,2023-02-20 06:00:00,6,3967,-6.43889999,53.30559921,4.66138935,50.00000000
0.00000000,2023-02-20 06:00:00,6,3969,-6.25000000,53.43299866,4.92649889,50.00000000
0.00000000,2023-02-20 06:00:00,6,3970,-8.98299980,53.71599960,4.55579138,50.00000000
0.00000000,2023-02-20 06:00:00,6,3971,-7.36600018,53.53300095,4.58115244,50.00000000
0.00000000,2023-02-20 06:00:00,6,3973,-8.81700039,53.90000153,4.82650566,50.00000000
0.00000000,2023-02-20 06:00:00,6,3974,-7.23299980,54.18299866,4.60810900,50.00000000
0.00000000,2023-02-20 06:00:00,6,3976,-10.00100040,54.23300171,5.15204096,50.00000000
0.00000000,2023-02-20 06:00:00,6,3978,-8.23299980,54.50000000,5.13078356,50.00000000
0.00000000,2023-02-20 06:00:00,6,3979,-7.31699991,54.04999924,4.29088020,50.00000000
0.00000000,2023-02-20 06:00:00,6,3980,-7.33300018,55.36600113,6.94429111,50.00000000
0.00000000,2023-02-20 06:00:00,6,3982,-6.33330011,53.36389923,4.22534227,50.00000000
0.00000000,2023-02-20 06:00:00,6,3985,-8.74870014,53.29869843,5.05938911,50.00000000
0.00000000,2023-02-20 06:00:00,6,6030,9.84920025,57.09280014,7.23730183,50.00000000
0.00000000,2023-02-20 06:00:00,6,6043,10.51700020,57.40000153,6.77544308,50.00000000
0.00000000,2023-02-20 06:00:00,6,6060,9.11670017,56.29999924,5.58355236,50.00000000
0.00000000,2023-02-20 06:00:00,6,6070,10.61699963,56.29999924,6.42544031,50.00000000
0.00000000,2023-02-20 06:00:00,6,6080,8.55340004,55.52590179,6.71356201,50.00000000
0.00000000,2023-02-20 06:00:00,6,6081,8.08329964,55.54999924,10.61402607,50.00000000
0.00000000,2023-02-20 06:00:00,6,6120,10.33300018,55.48300171,7.57871437,50.00000000
0.00000000,2023-02-20 06:00:00,6,6210,4.41699982,52.18299866,5.43327665,50.00000000
0.00000000,2023-02-20 06:00:00,6,6235,4.78299999,52.91699982,7.24647713,50.00000000
0.00000000,2023-02-20 06:00:00,6,6239,4.69610023,54.85390091,13.69854450,50.00000000
0.00000000,2023-02-20 06:00:00,6,6240,4.76700020,52.29999924,5.02619553,50.00000000
0.00000000,2023-02-20 06:00:00,6,6242,4.90500021,53.23500061,11.00700474,50.00000000
0.00000000,2023-02-20 06:00:00,6,6251,5.34999990,53.38999939,11.19291782,50.00000000
0.00000000,2023-02-20 06:00:00,6,6252,3.22029996,53.21780014,10.66024876,50.00000000
0.00000000,2023-02-20 06:00:00,6,6260,5.18300009,52.09999847,4.25818491,50.00000000
0.00000000,2023-02-20 06:00:00,6,6269,5.53299999,52.45000076,5.04168272,50.00000000
0.00000000,2023-02-20 06:00:00,6,6270,5.76700020,53.21699905,6.76295042,50.00000000
0.00000000,2023-02-20 06:00:00,6,6275,5.87220001,52.05500031,4.14978790,50.00000000
0.00000000,2023-02-20 06:00:00,6,6279,6.46670008,52.71670151,5.93832493,50.00000000
0.00000000,2023-02-20 06:00:00,6,6280,6.58300018,53.13299942,6.16722727,50.00000000
0.00000000,2023-02-20 06:00:00,6,6290,6.90000010,52.26699829,5.17176723,50.00000000
0.00000000,2023-02-20 06:00:00,6,6310,3.59999990,51.45000076,7.27273417,50.00000000
0.00000000,2023-02-20 06:00:00,6,6321,3.27500010,51.99779892,10.37229729,50.00000000
0.00000000,2023-02-20 06:00:00,6,6344,4.43720007,51.95959854,4.97696590,50.00000000
0.00000000,2023-02-20 06:00:00,6,6370,5.41699982,51.45000076,4.04415369,50.00000000
0.00000000,2023-02-20 06:00:00,6,6380,5.78299999,50.91699982,4.98206425,50.00000000
0.00000000,2023-02-20 06:00:00,6,6407,2.87400007,51.19979858,4.80701017,50.00000000
0.00000000,2023-02-20 06:00:00,6,6408,2.91669989,51.23329926,7.47391367,50.00000000
0.00000000,2023-02-20 06:00:00,6,6432,3.83299994,50.56700134,4.07064533,50.00000000
0.00000000,2023-02-20 06:00:00,6,6447,4.34999990,50.79999924,3.90108299,50.00000000
0.00000000,2023-02-20 06:00:00,6,6449,4.44999981,50.46699905,3.49982786,50.00000000
0.00000000,2023-02-20 06:00:00,6,6450,4.46700001,51.20000076,3.57575369,50.00000000
0.00000000,2023-02-20 06:00:00,6,6451,4.53299999,50.90000153,4.09747505,50.00000000
0.00000000,2023-02-20 06:00:00,6,6456,4.65000010,50.23300171,3.22483015,50.00000000
0.00000000,2023-02-20 06:00:00,6,6476,5.40000010,50.03300095,3.29875374,50.00000000
0.00000000,2023-02-20 06:00:00,6,6490,5.91699982,50.48300171,3.38830519,50.00000000
0.00000000,2023-02-20 06:00:00,6,6496,6.18300009,50.46699905,4.29624367,50.00000000
0.00000000,2023-02-20 06:00:00,6,6590,6.21600008,49.61600113,3.34171963,50.00000000
0.00000000,2023-02-20 06:00:00,6,6660,8.56700039,47.38299942,0.13069649,50.00000000
0.00000000,2023-02-20 06:00:00,6,6670,8.54920006,47.46469879,0.15727098,50.00000000
0.00000000,2023-02-20 06:00:00,6,6680,9.34360027,47.24940109,1.43553913,50.00000000
0.00000000,2023-02-20 06:00:00,6,6700,6.13299990,46.25000000,0.12932251,50.00000000
0.00000000,2023-02-20 06:00:00,6,6712,6.91669989,46.33330154,0.15007299,50.00000000
0.00000000,2023-02-20 06:00:00,6,6720,7.33099985,46.22000122,0.06891096,50.00000000
0.00000000,2023-02-20 06:00:00,6,6730,7.98330021,46.54999924,0.63305980,50.00000000
0.00000000,2023-02-20 06:00:00,6,6748,7.75000000,46.03300095,0.05701084,50.00000000
0.00000000,2023-02-20 06:00:00,6,6760,8.77999973,46.16999817,0.23896886,50.00000000
0.00000000,2023-02-20 06:00:00,6,7002,1.60000002,50.73329926,4.42503691,50.00000000
0.00000000,2023-02-20 06:00:00,6,7005,1.83299994,50.13299942,3.46687937,50.00000000
0.00000000,2023-02-20 06:00:00,6,7015,3.08940005,50.56190109,3.35740185,50.00000000
0.00000000,2023-02-20 06:00:00,6,7020,-1.93299997,49.71699905,3.06388688,50.00000000
0.00000000,2023-02-20 06:00:00,6,7028,0.06670000,49.51670074,2.67383862,50.00000000
0.00000000,2023-02-20 06:00:00,6,7037,1.18299997,49.38299942,1.22992837,50.00000000
0.00000000,2023-02-20 06:00:00,6,7070,4.05000019,49.31000137,1.42143273,50.00000000
0.00000000,2023-02-20 06:00:00,6,7110,-4.41599989,48.44900131,0.11695524,50.00000000
0.00000000,2023-02-20 06:00:00,6,7127,-1.85000002,48.72000122,0.17759395,50.00000000
0.00000000,2023-02-20 06:00:00,6,7130,-1.73479998,48.06949997,0.10448985,50.00000000
0.00000000,2023-02-20 06:00:00,6,7145,2.00920010,48.77330017,0.55751747,50.00000000
0.00000000,2023-02-20 06:00:00,6,7149,2.39299989,48.71699905,0.38488463,50.00000000
0.00000000,2023-02-20 06:00:00,6,7150,2.43799996,48.96469879,0.60036141,50.00000000
0.00000000,2023-02-20 06:00:00,6,7157,2.54999995,49.01279831,0.88062495,50.00000000
0.00000000,2023-02-20 06:00:00,6,7190,7.62820005,48.53829956,0.22241837,50.00000000
0.00000000,2023-02-20 06:00:00,6,7222,-1.60000002,47.16669846,0.29094774,50.00000000
0.00000000,2023-02-20 06:00:00,6,7249,1.75000000,47.98300171,0.20174327,50.00000000
0.00000000,2023-02-20 06:00:00,6,7280,5.09000015,47.26890182,0.10880582,50.00000000
0.00000000,2023-02-20 06:00:00,6,7299,7.52990007,47.58959961,0.12537509,50.00000000
0.00000000,2023-02-20 06:00:00,6,7306,-1.37909997,46.70000076,0.69453144,50.00000000
0.00000000,2023-02-20 06:00:00,6,7314,-1.41700006,46.04999924,1.14237690,50.00000000
0.00000000,2023-02-20 06:00:00,6,7354,1.73070002,46.86220169,0.22016454,50.00000000
0.00000000,2023-02-20 06:00:00,6,7412,-0.31700000,45.66699982,0.21762130,50.00000000
0.00000000,2023-02-20 06:00:00,6,7434,1.17939997,45.86280060,0.14195353,50.00000000
0.00000000,2023-02-20 06:00:00,6,7460,3.16919994,45.78670120,0.17759500,50.00000000
0.00000000,2023-02-20 06:00:00,6,7475,4.29640007,45.54059982,0.12783957,50.00000000
0.00000000,2023-02-20 06:00:00,6,7480,4.93779993,45.72610092,0.10735594,50.00000000
0.00000000,2023-02-20 06:00:00,6,7481,5.09079981,45.72639847,0.10686918,50.00000000
0.00000000,2023-02-20 06:00:00,6,7486,5.33330011,45.36669922,0.12370087,50.00000000
0.00000000,2023-02-20 06:00:00,6,7491,5.86670017,45.63330078,0.15787092,50.00000000
0.00000000,2023-02-20 06:00:00,6,10004,6.34999990,54.16669846,13.34665966,50.00000000
0.00000000,2023-02-20 06:00:00,6,10015,7.89309978,54.17639923,14.54509163,50.00000000
0.00000000,2023-02-20 06:00:00,6,10020,8.41250038,55.01250076,13.65903378,50.00000000
0.00000000,2023-02-20 06:00:00,6,10046,10.14999962,54.34999847,7.43695450,50.00000000
0.00000000,2023-02-20 06:00:00,6,10055,11.09000015,54.52999878,12.48599720,50.00000000
0.00000000,2023-02-20 06:00:00,6,10142,9.34000015,53.59379959,7.55320358,50.00000000
0.00000000,2023-02-20 06:00:00,6,10147,9.98820019,53.63040161,6.22457981,50.00000000
0.00000000,2023-02-20 06:00:00,6,10156,10.69999981,53.81700134,7.07376337,50.00000000
0.00000000,2023-02-20 06:00:00,6,10224,8.80000019,53.04999924,6.08642197,50.00000000
0.00000000,2023-02-20 06:00:00,6,10238,9.93299961,52.81700134,6.37111998,50.00000000
0.00000000,2023-02-20 06:00:00,6,10253,11.13920021,52.97389984,6.93339252,50.00000000
0.00000000,2023-02-20 06:00:00,6,10314,7.53299999,52.33300018,6.02330971,50.00000000
0.00000000,2023-02-20 06:00:00,6,10315,7.68480015,52.13460159,6.05171490,50.00000000
0.00000000,2023-02-20 06:00:00,6,10320,8.31700039,51.93299866,6.09902191,50.00000000
0.00000000,2023-02-20 06:00:00,6,10338,9.68509960,52.46110153,6.38799381,50.00000000
0.00000000,2023-02-20 06:00:00,6,10400,6.76870012,51.29600143,4.07947588,50.00000000
0.00000000,2023-02-20 06:00:00,6,10401,6.13299990,51.20000076,4.19435740,50.00000000
0.00000000,2023-02-20 06:00:00,6,10405,6.13299990,51.59999847,4.79443169,50.00000000
0.00000000,2023-02-20 06:00:00,6,10410,6.96600008,51.39899826,4.98417711,50.00000000
0.00000000,2023-02-20 06:00:00,6,10506,6.87029982,50.36109924,4.21001148,50.00000000
0.00000000,2023-02-20 06:00:00,6,10513,7.14270020,50.86589813,2.24164605,50.00000000
0.00000000,2023-02-20 06:00:00,6,10607,6.69999981,49.84170151,3.57011580,50.00000000
0.00000000,2023-02-20 06:00:00,6,10614,7.59999990,49.43669891,3.93219566,50.00000000
0.00000000,2023-02-20 06:00:00,6,10616,7.26389980,49.94869995,5.68234730,50.00000000
0.00000000,2023-02-20 06:00:00,6,10635,8.44999981,50.21699905,4.07199240,50.00000000
0.00000000,2023-02-20 06:00:00,6,10637,8.60000038,50.04999924,3.33990932,50.00000000
0.00000000,2023-02-20 06:00:00,6,10648,9.10000038,49.71699905,5.04222345,50.00000000
0.00000000,2023-02-20 06:00:00,6,10708,7.11700010,49.21699905,3.04455376,50.00000000
0.00000000,2023-02-20 06:00:00,6,10727,8.36670017,49.03329849,3.42789316,50.00000000
0.00000000,2023-02-20 06:00:00,6,10738,9.23299980,48.68299866,1.04819167,50.00000000
0.00000000,2023-02-20 06:00:00,6,10739,9.19999981,48.83330154,0.64329040,50.00000000
0.00000000,2023-02-20 06:00:00,6,16066,8.72809982,45.63059998,0.12165616,50.00000000
0.00000000,2023-02-20 06:00:00,6,16080,9.27670002,45.44509888,0.10660667,50.00000000
0.00000000,2023-02-20 06:00:00,6,99001,-3.48300004,50.40000153,2.42663717,50.00000000
0.00000000,2023-02-20 06:00:00,6,99003,-4.73299980,58.16699982,8.53893471,50.00000000
0.00000000,2023-02-20 06:00:00,6,99005,-4.23299980,56.93299866,3.94179630,50.00000000
0.00000000,2023-02-20 06:00:00,6,99006,-5.43300009,56.45000076,1.33534372,50.00000000
0.00000000,2023-02-20 06:00:00,6,99008,0.44999999,51.28300095,3.30503964,50.00000000
0.00000000,2023-02-20 06:00:00,6,99010,-2.38299990,57.45000076,4.24365568,50.00000000
0.00000000,2023-02-20 06:00:00,6,99014,-6.09999990,54.29999924,4.21486712,50.00000000
0.00000000,2023-02-20 06:00:00,6,99015,-6.18300009,54.06700134,2.00966072,50.00000000
0.00000000,2023-02-20 06:00:00,6,99016,-3.91700006,58.23300171,4.86506987,50.00000000
0.00000000,2023-02-20 06:00:00,6,99017,-1.58299994,50.66299820,4.27063799,50.00000000
0.00000000,2023-02-20 06:00:00,6,99018,-5.58300018,54.66699982,4.45912504,50.00000000
0.00000000,2023-02-20 06:00:00,6,99019,-4.36700010,54.41699982,7.43711901,50.00000000
0.00000000,2023-02-20 06:00:00,6,99020,-4.65000010,56.41699982,1.67827463,50.00000000
0.00000000,2023-02-20 06:00:00,6,99021,-2.51699996,53.61700058,7.08666277,50.00000000
0.00000000,2023-02-20 06:00:00,6,99024,-3.86700010,55.86700058,6.63132381,50.00000000
0.00000000,2023-02-20 06:00:00,6,99025,-1.25000000,52.83300018,5.33597136,50.00000000
0.00000000,2023-02-20 06:00:00,6,99028,-1.93369997,52.47510147,4.14879513,50.00000000
0.00000000,2023-02-20 06:00:00,6,99029,-2.25139999,53.46670151,3.54282165,50.00000000
0.00000000,2023-02-20 06:00:00,6,99038,-2.16720009,51.89419937,3.93511677,50.00000000
0.00000000,2023-02-20 06:00:00,6,99040,-1.78550005,53.64559937,6.26208544,50.00000000
0.00000000,2023-02-20 06:00:00,6,99044,-1.48300004,53.38299942,3.26376772,50.00000000
0.00000000,2023-02-20 06:00:00,6,99049,-1.58299994,54.76699829,5.10871649,50.00000000
0.00000000,2023-02-20 06:00:00,6,99053,-1.42519999,55.01729965,7.66306829,50.00000000
0.00000000,2023-02-20 06:00:00,6,99055,-2.98300004,53.36700058,2.54563832,50.00000000
0.00000000,2023-02-20 06:00:00,6,99057,-0.60000002,52.01699829,4.83497286,50.00000000
0.00000000,2023-02-20 06:00:00,6,99058,-0.34999999,51.79999924,4.63949347,50.00000000
0.00000000,2023-02-20 06:00:00,6,99059,-2.04999995,52.09999847,4.31858110,50.00000000
0.00000000,2023-02-20 06:00:00,6,99060,-2.46700001,53.84999847,5.77848196,50.00000000
0.00000000,2023-02-20 06:00:00,6,99062,-1.92620003,52.45600128,4.16968870,50.00000000
0.00000000,2023-02-20 06:00:00,6,99063,-2.18300009,53.59999847,4.98974609,50.00000000
0.00000000,2023-02-20 06:00:00,6,99068,-2.43300009,52.76699829,5.16986561,50.00000000
0.00000000,2023-02-20 06:00:00,6,99069,-1.68499994,55.21500015,7.23242283,50.00000000
0.00000000,2023-02-20 06:00:00,6,99070,-1.53299999,52.41699982,4.80353403,50.00000000
0.00000000,2023-02-20 06:00:00,6,99077,-1.33299994,53.86700058,5.53728437,50.00000000
0.00000000,2023-02-20 06:00:00,6,99078,-0.23300000,52.40000153,5.47890711,50.00000000
0.00000000,2023-02-20 06:00:00,6,99079,-1.39419997,50.89250183,2.13609147,50.00000000
0.00000000,2023-02-20 06:00:00,6,99080,-0.46700001,51.31700134,3.33656359,50.00000000
0.00000000,2023-02-20 06:00:00,6,99081,-3.90000010,50.76699829,3.33153224,50.00000000
0.00000000,2023-02-20 06:00:00,6,99085,-3.47399998,50.72700119,1.59078646,50.00000000
0.00000000,2023-02-20 06:00:00,6,99086,-5.75000000,54.66699982,5.20813322,50.00000000
0.00000000,2023-02-20 06:00:00,6,99088,-4.56500006,55.47700119,6.26812792,50.00000000
0.00000000,2023-02-20 06:00:00,6,99089,-3.39599991,57.01100159,2.80758286,50.00000000
0.00000000,2023-02-20 06:00:00,6,99090,-3.95000005,54.92499924,3.15091991,50.00000000
0.00000000,2023-02-20 06:00:00,6,99092,-5.30800009,57.61299896,2.57545781,50.00000000
0.00000000,2023-02-20 06:00:00,6,99093,-2.26999998,52.99000168,4.82557011,50.00000000
0.00000000,2023-02-20 06:00:00,6,99094,-3.97799993,50.70199966,4.35164404,50.00000000
0.00000000,2023-02-20 06:00:00,6,99095,-0.28999999,51.48199844,3.28351927,50.00000000
0.00000000,2023-02-20 06:00:00,6,99098,1.26699996,52.66699982,5.15048981,50.00000000
0.00000000,2023-02-20 06:00:00,6,99099,-0.44900000,51.47900009,3.70796394,50.00000000
0.00000000,2023-02-20 06:00:00,6,99102,-0.66399997,51.49300003,4.10658073,50.00000000
0.00000000,2023-02-20 06:00:00,6,99107,-1.48300004,53.38299942,3.17620015,50.00000000
0.00000000,2023-02-20 06:00:00,6,99113,-2.70300007,53.77399826,5.26805353,50.00000000
0.00000000,2023-02-20 06:00:00,6,99114,-5.82800007,54.60300064,3.43125391,50.00000000
0.00000000,2023-02-20 06:00:00,6,99115,-0.87900001,52.27299881,5.04342890,50.00000000
0.00000000,2023-02-20 06:00:00,6,99116,-0.64099997,54.10499954,7.88812208,50.00000000
0.00000000,2023-02-20 06:00:00,6,99117,-5.18400002,57.15599823,4.41702557,50.00000000
0.00000000,2023-02-20 06:00:00,6,99118,0.67400002,52.45899963,3.81223917,50.00000000
0.00000000,2023-02-20 06:00:00,6,99119,-0.84899998,51.17800140,3.25419879,50.00000000
0.00000000,2023-02-20 06:00:00,6,99121,-6.25400019,55.04800034,4.39437246,50.00000000
0.00000000,2023-02-20 06:00:00,6,99122,1.29600000,52.93299866,6.87819862,50.00000000
0.00000000,2023-02-20 06:00:00,6,99123,0.10300000,52.24499893,5.36450768,50.00000000
0.00000000,2023-02-20 06:00:00,6,99124,0.56900001,52.25999832,5.59855318,50.00000000
0.00000000,2023-02-20 06:00:00,6,99125,-4.37200022,57.46099854,4.39637566,50.00000000
0.00000000,2023-02-20 06:00:00,6,99126,0.46200001,51.07699966,3.14537215,50.00000000
0.00000000,2023-02-20 06:00:00,6,99127,0.43200001,51.73300171,4.61775732,50.00000000
0.00000000,2023-02-20 06:00:00,6,99128,-2.21900010,51.60599899,5.34135199,50.00000000
0.00000000,2023-02-20 06:00:00,6,99129,-2.51699996,55.35800171,4.48921013,50.00000000
0.00000000,2023-02-20 06:00:00,6,99130,-5.82999992,54.24499893,3.63272476,50.00000000
0.00000000,2023-02-20 06:00:00,6,99131,-6.96600008,54.88499832,6.58886576,50.00000000
0.00000000,2023-02-20 06:00:00,6,99132,-4.48400021,57.32899857,2.88759398,50.00000000
0.00000000,2023-02-20 06:00:00,6,99133,-2.21300006,57.18700027,4.43401051,50.00000000
0.00000000,2023-02-20 06:00:00,6,99134,-4.22599983,55.60100174,7.00199080,50.00000000
0.00000000,2023-02-20 06:00:00,6,99135,-4.90999985,55.74800110,3.99293113,50.00000000
0.00000000,2023-02-20 06:00:00,6,99136,0.65600002,52.82400131,5.58827353,50.00000000
0.00000000,2023-02-20 06:00:00,6,99137,-3.45799994,54.64899826,5.44794369,50.00000000
0.00000000,2023-02-20 06:00:00,6,99138,-3.26699996,51.78300095,4.85298395,50.00000000
0.00000000,2023-02-20 06:00:00,6,99139,-0.17800000,51.56000137,3.87056375,50.00000000
0.00000000,2023-02-20 06:00:00,6,99141,-1.95299995,51.94800186,4.39056730,50.00000000
0.00000000,2023-02-20 06:00:00,6,99142,-0.42100000,54.27299881,7.06878090,50.00000000
0.00000000,2023-02-20 06:00:00,6,99143,-3.07900000,54.61999893,4.37243748,50.00000000
0.00000000,2023-02-20 06:00:00,6,99144,-7.56099987,54.18899918,4.11860752,50.00000000
0.00000000,2023-02-20 06:00:00,6,99145,-3.21900010,57.03749847,3.50147796,50.00000000
0.00000000,2023-02-20 06:00:00,6,99146,-1.93299997,52.25000000,4.84751034,50.00000000
0.00000000,2023-02-20 06:00:00,6,99147,-5.65000010,54.56700134,4.15354395,50.00000000
0.00000000,2023-02-20 06:00:00,6,99148,1.28299999,52.16699982,5.18738127,50.00000000
0.00000000,2023-02-20 06:00:00,6,99149,-1.63300002,52.73300171,5.35715628,50.00000000
0.00000000,2023-02-20 06:00:00,6,99150,-4.01700020,52.43299866,3.90018439,50.00000000
0.00000000,2023-02-20 06:00:00,6,99151,-0.88300002,53.40000153,5.49167442,50.00000000
0.00000000,2023-02-20 06:00:00,6,99152,-2.78299999,54.66699982,4.73811674,50.00000000
0.00000000,2023-02-20 06:00:00,6,99153,-5.01700020,58.06700134,6.71209145,50.00000000
0.00000000,2023-02-20 06:00:00,6,99154,0.03300000,51.06700134,3.51965642,50.00000000
0.00000000,2023-02-20 06:00:00,6,99155,-2.43300009,52.78300095,5.14387321,50.00000000
0.00000000,2023-02-20 06:00:00,6,99157,-1.33299994,51.00000000,2.16935277,50.00000000
0.00000000,2023-02-20 06:00:00,6,99158,-1.39999998,52.61700058,5.25329590,50.00000000
0.00000000,2023-02-20 06:00:00,6,99159,-1.95879996,50.61360168,2.64699650,50.00000000
0.00000000,2023-02-20 06:00:00,6,99160,-3.18300009,51.48300171,4.06478977,50.00000000
0.00000000,2023-02-20 06:00:00,6,99161,0.63300002,52.08300018,5.08956957,50.00000000
0.00000000,2023-02-20 06:00:00,6,99162,-1.39999998,53.63299942,5.66224861,50.00000000
0.00000000,2023-02-20 06:00:00,6,99163,-4.15000010,52.91699982,5.07271290,50.00000000
0.00000000,2023-02-20 06:00:00,6,99164,-2.95000005,52.58300018,5.13185930,50.00000000
0.00000000,2023-02-20 06:00:00,6,99166,-1.39999998,52.00000000,4.84497690,50.00000000
0.00000000,2023-02-20 06:00:00,6,99167,-2.10130000,54.30830002,6.42023516,50.00000000
0.00000000,2023-02-20 06:00:00,6,99168,-6.90000010,57.78300095,4.82007790,50.00000000
0.00000000,2023-02-20 06:00:00,6,99169,-2.76699996,53.84999847,5.25035810,50.00000000
0.00000000,2023-02-20 06:00:00,6,99170,-3.45029998,52.21530151,2.26364064,50.00000000
0.00000000,2023-02-20 06:00:00,6,99171,-1.76699996,53.81700134,6.54589939,50.00000000
0.00000000,2023-02-20 06:00:00,6,99172,-2.78299999,54.26699829,3.71778917,50.00000000
0.00000000,2023-02-20 06:00:00,6,99173,-1.78299999,54.46699905,5.47806168,50.00000000
0.00000000,2023-02-20 06:00:00,6,99174,-4.68300009,51.98300171,4.09190369,50.00000000
0.00000000,2023-02-20 06:00:00,6,99175,-6.00000000,54.81700134,5.04313183,50.00000000
0.00000000,2023-02-20 06:00:00,6,99176,-2.91700006,51.71699905,1.53144777,50.00000000
0.00000000,2023-02-20 06:00:00,6,99177,-1.76699996,54.06700134,8.49828815,50.00000000
0.00000000,2023-02-20 06:00:00,6,99178,-0.64999998,53.63299942,6.16746712,50.00000000
0.00000000,2023-02-20 06:00:00,6,99179,-2.51699996,53.08300018,4.21221304,50.00000000
0.00000000,2023-02-20 06:00:00,6,99180,-3.21700001,55.96699905,4.81416750,50.00000000
0.00000000,2023-02-20 06:00:00,6,99182,0.60000002,51.13299942,3.40315557,50.00000000
0.00000000,2023-02-20 06:00:00,6,99183,-0.93300003,51.43299866,4.16282988,50.00000000
0.00000000,2023-02-20 06:00:00,6,99184,-4.91699982,51.86700058,3.85355353,50.00000000
0.00000000,2023-02-20 06:00:00,6,99185,-0.41700000,50.93299866,2.99977279,50.00000000
0.00000000,2023-02-20 06:00:00,6,99186,-2.57900000,55.23400116,3.22336268,50.00000000
0.00000000,2023-02-20 06:00:00,6,99187,-2.84999990,54.08300018,7.22976542,50.00000000
0.00000000,2023-02-20 06:00:00,6,99188,-6.51700020,55.23300171,4.32921934,50.00000000
0.00000000,2023-02-20 06:00:00,6,99189,-1.60000002,52.20000076,4.99581814,50.00000000
0.00000000,2023-02-20 06:00:00,6,99190,-4.54479980,50.82799911,2.83538532,50.00000000
0.00000000,2023-02-20 06:00:00,6,99191,-5.37349987,57.18159866,2.40732908,50.00000000
0.00000000,2023-02-20 06:00:00,6,99192,-1.01699996,52.04999924,4.39217138,50.00000000
0.00000000,2023-02-20 06:00:00,6,99193,-4.95739985,54.74280167,4.91684437,50.00000000
0.00000000,2023-02-20 06:00:00,6,99194,-3.91470003,52.27159882,2.11957026,50.00000000
0.00000000,2023-02-20 06:00:00,6,99195,-3.48300004,51.91669846,4.11795187,50.00000000
0.00000000,2023-02-20 06:00:00,6,99196,-1.91680002,55.52989960,6.34291410,50.00000000
0.00000000,2023-02-20 06:00:00,6,99197,-0.38299999,51.41699982,3.50665450,50.00000000
0.00000000,2023-02-20 06:00:00,6,99198,-1.54999995,51.51699829,5.09536982,50.00000000
0.00000000,2023-02-20 06:00:00,6,99200,-4.30679989,55.90269852,3.52101469,50.00000000
0.00000000,2023-02-20 06:00:00,6,99201,-3.98099995,51.60699844,2.65711212,50.00000000
0.00000000,2023-02-20 06:00:00,6,99203,-0.00900000,51.53400040,3.15252185,50.00000000
0.00000000,2023-02-20 06:00:00,6,99204,-0.01700000,51.54199982,3.18778086,50.00000000
0.00000000,2023-02-20 06:00:00,6,99205,-0.76700002,52.04999924,5.00280571,50.00000000
0.00000000,2023-02-20 06:00:00,6,99206,-1.59899998,53.80799866,5.67402506,50.00000000
0.00000000,2023-02-20 06:00:00,6,99207,-2.58570004,51.91120148,3.36344862,50.00000000
0.00000000,2023-02-20 06:00:00,6,99208,-2.21210003,53.44369888,3.85398173,50.00000000
0.00000000,2023-02-20 06:00:00,6,99209,-1.90489995,52.48049927,4.01583338,50.00000000
0.00000000,2023-02-20 06:00:00,6,99212,-1.16700006,50.83300018,2.76927543,50.00000000
0.00000000,2023-02-20 06:00:00,6,99213,-0.36700001,53.75000000,5.08202648,50.00000000
0.00000000,2023-02-20 06:00:00,6,99214,-0.30000001,53.76699829,5.52976942,50.00000000
0.00000000,2023-02-20 06:00:00,6,99220,1.16400003,52.45619965,5.46527863,50.00000000
0.00000000,2023-02-20 06:00:00,6,99223,-2.55929995,51.55139923,4.85916424,50.00000000
0.00000000,2023-02-20 06:00:00,6,99430,-0.34040001,51.42309952,3.41855812,50.00000000
0.00000000,2023-02-20 06:00:00,6,99557,-2.16700006,54.09999847,8.05434513,50.00000000
0.00000000,2023-02-20 06:00:00,6,99578,-2.55679989,53.60789871,4.44534349,50.00000000
0.00000000,2023-02-20 06:00:00,6,99674,-0.85000002,51.11700058,2.41923952,50.00000000
